record_id,country,country_code,year,female_participation_rate,region,income_group,is_country
1,Afghanistan,AFG,1990,15.739,Middle East & North Africa,Low income,True
2,Afghanistan,AFG,1991,15.695,Middle East & North Africa,Low income,True
3,Afghanistan,AFG,1992,15.618,Middle East & North Africa,Low income,True
4,Afghanistan,AFG,1993,15.506,Middle East & North Africa,Low income,True
5,Afghanistan,AFG,1994,15.358,Middle East & North Africa,Low income,True
6,Afghanistan,AFG,1995,15.194,Middle East & North Africa,Low income,True
7,Afghanistan,AFG,1996,15.015,Middle East & North Africa,Low income,True
8,Afghanistan,AFG,1997,14.819,Middle East & North Africa,Low income,True
9,Afghanistan,AFG,1998,14.625,Middle East & North Africa,Low income,True
10,Afghanistan,AFG,1999,14.443,Middle East & North Africa,Low income,True
11,Afghanistan,AFG,2000,14.294,Middle East & North Africa,Low income,True
12,Afghanistan,AFG,2001,14.196,Middle East & North Africa,Low income,True
13,Afghanistan,AFG,2002,14.152,Middle East & North Africa,Low income,True
14,Afghanistan,AFG,2003,14.154,Middle East & North Africa,Low income,True
15,Afghanistan,AFG,2004,14.205,Middle East & North Africa,Low income,True
16,Afghanistan,AFG,2005,14.302,Middle East & North Africa,Low income,True
17,Afghanistan,AFG,2006,14.452,Middle East & North Africa,Low income,True
18,Afghanistan,AFG,2007,14.67,Middle East & North Africa,Low income,True
19,Afghanistan,AFG,2008,14.944,Middle East & North Africa,Low income,True
20,Afghanistan,AFG,2009,15.248,Middle East & North Africa,Low income,True
21,Afghanistan,AFG,2010,15.572,Middle East & North Africa,Low income,True
22,Afghanistan,AFG,2011,15.893,Middle East & North Africa,Low income,True
23,Afghanistan,AFG,2012,16.208,Middle East & North Africa,Low income,True
24,Afghanistan,AFG,2013,17.138,Middle East & North Africa,Low income,True
25,Afghanistan,AFG,2014,18.107,Middle East & North Africa,Low income,True
26,Afghanistan,AFG,2015,19.113,Middle East & North Africa,Low income,True
27,Afghanistan,AFG,2016,20.156,Middle East & North Africa,Low income,True
28,Afghanistan,AFG,2017,21.24,Middle East & North Africa,Low income,True
29,Afghanistan,AFG,2018,19.805,Middle East & North Africa,Low income,True
30,Afghanistan,AFG,2019,18.298,Middle East & North Africa,Low income,True
31,Afghanistan,AFG,2020,16.474,Middle East & North Africa,Low income,True
32,Afghanistan,AFG,2021,14.616,Middle East & North Africa,Low income,True
33,Afghanistan,AFG,2022,5.159,Middle East & North Africa,Low income,True
34,Afghanistan,AFG,2023,5.145,Middle East & North Africa,Low income,True
35,Afghanistan,AFG,2024,5.123,Middle East & North Africa,Low income,True
36,Afghanistan,AFG,2025,5.086,Middle East & North Africa,Low income,True
37,Africa Eastern and Southern,AFE,1990,64.6935385805095,,,False
38,Africa Eastern and Southern,AFE,1991,64.8552211193093,,,False
39,Africa Eastern and Southern,AFE,1992,65.0160004156176,,,False
40,Africa Eastern and Southern,AFE,1993,65.1138612341514,,,False
41,Africa Eastern and Southern,AFE,1994,65.3328026842696,,,False
42,Africa Eastern and Southern,AFE,1995,65.5210708140885,,,False
43,Africa Eastern and Southern,AFE,1996,65.4983072352562,,,False
44,Africa Eastern and Southern,AFE,1997,65.4020606963699,,,False
45,Africa Eastern and Southern,AFE,1998,65.4026110694787,,,False
46,Africa Eastern and Southern,AFE,1999,65.4465096450673,,,False
47,Africa Eastern and Southern,AFE,2000,65.4878468564247,,,False
48,Africa Eastern and Southern,AFE,2001,65.5250734845258,,,False
49,Africa Eastern and Southern,AFE,2002,65.6256205971947,,,False
50,Africa Eastern and Southern,AFE,2003,65.7344314959019,,,False
51,Africa Eastern and Southern,AFE,2004,65.7944490176141,,,False
52,Africa Eastern and Southern,AFE,2005,65.8609309804779,,,False
53,Africa Eastern and Southern,AFE,2006,65.7277734426918,,,False
54,Africa Eastern and Southern,AFE,2007,65.5044539660056,,,False
55,Africa Eastern and Southern,AFE,2008,65.2676704767413,,,False
56,Africa Eastern and Southern,AFE,2009,64.8655568113028,,,False
57,Africa Eastern and Southern,AFE,2010,64.4753427246978,,,False
58,Africa Eastern and Southern,AFE,2011,64.7402788186404,,,False
59,Africa Eastern and Southern,AFE,2012,63.7624434638682,,,False
60,Africa Eastern and Southern,AFE,2013,64.5947566482245,,,False
61,Africa Eastern and Southern,AFE,2014,63.6825944089328,,,False
62,Africa Eastern and Southern,AFE,2015,63.1971810737597,,,False
63,Africa Eastern and Southern,AFE,2016,62.5959844832547,,,False
64,Africa Eastern and Southern,AFE,2017,61.8408823637693,,,False
65,Africa Eastern and Southern,AFE,2018,61.2618358874407,,,False
66,Africa Eastern and Southern,AFE,2019,60.6698092923716,,,False
67,Africa Eastern and Southern,AFE,2020,59.4336814464777,,,False
68,Africa Eastern and Southern,AFE,2021,59.4544572511058,,,False
69,Africa Eastern and Southern,AFE,2022,59.8313046841424,,,False
70,Africa Eastern and Southern,AFE,2023,63.5925984344771,,,False
71,Africa Eastern and Southern,AFE,2024,63.6432923969461,,,False
72,Africa Eastern and Southern,AFE,2025,63.67418007168,,,False
73,Africa Western and Central,AFW,1990,67.9277846493412,,,False
74,Africa Western and Central,AFW,1991,68.2621011345217,,,False
75,Africa Western and Central,AFW,1992,68.6215527435558,,,False
76,Africa Western and Central,AFW,1993,68.8356492248797,,,False
77,Africa Western and Central,AFW,1994,69.1792607928965,,,False
78,Africa Western and Central,AFW,1995,69.2383481768034,,,False
79,Africa Western and Central,AFW,1996,69.1406986605929,,,False
80,Africa Western and Central,AFW,1997,69.1583671984865,,,False
81,Africa Western and Central,AFW,1998,69.1113097912235,,,False
82,Africa Western and Central,AFW,1999,69.1940018204464,,,False
83,Africa Western and Central,AFW,2000,69.2086852257947,,,False
84,Africa Western and Central,AFW,2001,69.1805644430978,,,False
85,Africa Western and Central,AFW,2002,69.2105029873005,,,False
86,Africa Western and Central,AFW,2003,69.0909435886007,,,False
87,Africa Western and Central,AFW,2004,69.041069580992,,,False
88,Africa Western and Central,AFW,2005,68.9075003254424,,,False
89,Africa Western and Central,AFW,2006,68.8734414429717,,,False
90,Africa Western and Central,AFW,2007,68.8441862094057,,,False
91,Africa Western and Central,AFW,2008,68.6303480386831,,,False
92,Africa Western and Central,AFW,2009,68.3960843848801,,,False
93,Africa Western and Central,AFW,2010,68.1821601714105,,,False
94,Africa Western and Central,AFW,2011,67.9136120065668,,,False
95,Africa Western and Central,AFW,2012,67.7481205126291,,,False
96,Africa Western and Central,AFW,2013,67.3858172366311,,,False
97,Africa Western and Central,AFW,2014,66.9679111772791,,,False
98,Africa Western and Central,AFW,2015,66.7337438625353,,,False
99,Africa Western and Central,AFW,2016,66.5694732590926,,,False
100,Africa Western and Central,AFW,2017,66.2015176899333,,,False
101,Africa Western and Central,AFW,2018,65.8985133936101,,,False
102,Africa Western and Central,AFW,2019,65.6693646951071,,,False
103,Africa Western and Central,AFW,2020,64.3800871033665,,,False
104,Africa Western and Central,AFW,2021,65.0702467081987,,,False
105,Africa Western and Central,AFW,2022,65.693357334618,,,False
106,Africa Western and Central,AFW,2023,67.3519644248569,,,False
107,Africa Western and Central,AFW,2024,67.3586115315107,,,False
108,Africa Western and Central,AFW,2025,67.2563076363136,,,False
109,Albania,ALB,1990,53.47,Europe & Central Asia,Upper middle income,True
110,Albania,ALB,1991,59.052,Europe & Central Asia,Upper middle income,True
111,Albania,ALB,1992,60.357,Europe & Central Asia,Upper middle income,True
112,Albania,ALB,1993,58.56,Europe & Central Asia,Upper middle income,True
113,Albania,ALB,1994,57.037,Europe & Central Asia,Upper middle income,True
114,Albania,ALB,1995,54.819,Europe & Central Asia,Upper middle income,True
115,Albania,ALB,1996,53.351,Europe & Central Asia,Upper middle income,True
116,Albania,ALB,1997,55.15,Europe & Central Asia,Upper middle income,True
117,Albania,ALB,1998,53.714,Europe & Central Asia,Upper middle income,True
118,Albania,ALB,1999,51.824,Europe & Central Asia,Upper middle income,True
119,Albania,ALB,2000,50.831,Europe & Central Asia,Upper middle income,True
120,Albania,ALB,2001,49.68,Europe & Central Asia,Upper middle income,True
121,Albania,ALB,2002,49.088,Europe & Central Asia,Upper middle income,True
122,Albania,ALB,2003,48.461,Europe & Central Asia,Upper middle income,True
123,Albania,ALB,2004,47.845,Europe & Central Asia,Upper middle income,True
124,Albania,ALB,2005,47.242,Europe & Central Asia,Upper middle income,True
125,Albania,ALB,2006,46.652,Europe & Central Asia,Upper middle income,True
126,Albania,ALB,2007,46.076,Europe & Central Asia,Upper middle income,True
127,Albania,ALB,2008,45.514,Europe & Central Asia,Upper middle income,True
128,Albania,ALB,2009,45.955,Europe & Central Asia,Upper middle income,True
129,Albania,ALB,2010,46.835,Europe & Central Asia,Upper middle income,True
130,Albania,ALB,2011,52.561,Europe & Central Asia,Upper middle income,True
131,Albania,ALB,2012,48.936,Europe & Central Asia,Upper middle income,True
132,Albania,ALB,2013,43.783,Europe & Central Asia,Upper middle income,True
133,Albania,ALB,2014,43.958,Europe & Central Asia,Upper middle income,True
134,Albania,ALB,2015,47.117,Europe & Central Asia,Upper middle income,True
135,Albania,ALB,2016,49.888,Europe & Central Asia,Upper middle income,True
136,Albania,ALB,2017,49.736,Europe & Central Asia,Upper middle income,True
137,Albania,ALB,2018,51.406,Europe & Central Asia,Upper middle income,True
138,Albania,ALB,2019,52.931,Europe & Central Asia,Upper middle income,True
139,Albania,ALB,2020,52.252,Europe & Central Asia,Upper middle income,True
140,Albania,ALB,2021,52.523,Europe & Central Asia,Upper middle income,True
141,Albania,ALB,2022,56.407,Europe & Central Asia,Upper middle income,True
142,Albania,ALB,2023,57.963,Europe & Central Asia,Upper middle income,True
143,Albania,ALB,2024,58.154,Europe & Central Asia,Upper middle income,True
144,Albania,ALB,2025,58.567,Europe & Central Asia,Upper middle income,True
145,Algeria,DZA,1990,11.705,Middle East & North Africa,Upper middle income,True
146,Algeria,DZA,1991,11.674,Middle East & North Africa,Upper middle income,True
147,Algeria,DZA,1992,11.663,Middle East & North Africa,Upper middle income,True
148,Algeria,DZA,1993,11.574,Middle East & North Africa,Upper middle income,True
149,Algeria,DZA,1994,11.539,Middle East & North Africa,Upper middle income,True
150,Algeria,DZA,1995,11.624,Middle East & North Africa,Upper middle income,True
151,Algeria,DZA,1996,11.737,Middle East & North Africa,Upper middle income,True
152,Algeria,DZA,1997,11.763,Middle East & North Africa,Upper middle income,True
153,Algeria,DZA,1998,11.823,Middle East & North Africa,Upper middle income,True
154,Algeria,DZA,1999,11.914,Middle East & North Africa,Upper middle income,True
155,Algeria,DZA,2000,12.026,Middle East & North Africa,Upper middle income,True
156,Algeria,DZA,2001,12.16,Middle East & North Africa,Upper middle income,True
157,Algeria,DZA,2002,12.318,Middle East & North Africa,Upper middle income,True
158,Algeria,DZA,2003,12.503,Middle East & North Africa,Upper middle income,True
159,Algeria,DZA,2004,12.713,Middle East & North Africa,Upper middle income,True
160,Algeria,DZA,2005,12.954,Middle East & North Africa,Upper middle income,True
161,Algeria,DZA,2006,13.225,Middle East & North Africa,Upper middle income,True
162,Algeria,DZA,2007,13.528,Middle East & North Africa,Upper middle income,True
163,Algeria,DZA,2008,13.865,Middle East & North Africa,Upper middle income,True
164,Algeria,DZA,2009,14.234,Middle East & North Africa,Upper middle income,True
165,Algeria,DZA,2010,14.418,Middle East & North Africa,Upper middle income,True
166,Algeria,DZA,2011,14.614,Middle East & North Africa,Upper middle income,True
167,Algeria,DZA,2012,14.821,Middle East & North Africa,Upper middle income,True
168,Algeria,DZA,2013,15.036,Middle East & North Africa,Upper middle income,True
169,Algeria,DZA,2014,15.256,Middle East & North Africa,Upper middle income,True
170,Algeria,DZA,2015,15.258,Middle East & North Africa,Upper middle income,True
171,Algeria,DZA,2016,15.031,Middle East & North Africa,Upper middle income,True
172,Algeria,DZA,2017,14.919,Middle East & North Africa,Upper middle income,True
173,Algeria,DZA,2018,14.801,Middle East & North Africa,Upper middle income,True
174,Algeria,DZA,2019,14.677,Middle East & North Africa,Upper middle income,True
175,Algeria,DZA,2020,13.206,Middle East & North Africa,Upper middle income,True
176,Algeria,DZA,2021,13.433,Middle East & North Africa,Upper middle income,True
177,Algeria,DZA,2022,14.331,Middle East & North Africa,Upper middle income,True
178,Algeria,DZA,2023,14.338,Middle East & North Africa,Upper middle income,True
179,Algeria,DZA,2024,14.306,Middle East & North Africa,Upper middle income,True
180,Algeria,DZA,2025,14.142,Middle East & North Africa,Upper middle income,True
181,Angola,AGO,1990,75.604,Sub-Saharan Africa,Lower middle income,True
182,Angola,AGO,1991,75.555,Sub-Saharan Africa,Lower middle income,True
183,Angola,AGO,1992,75.511,Sub-Saharan Africa,Lower middle income,True
184,Angola,AGO,1993,75.473,Sub-Saharan Africa,Lower middle income,True
185,Angola,AGO,1994,75.442,Sub-Saharan Africa,Lower middle income,True
186,Angola,AGO,1995,75.426,Sub-Saharan Africa,Lower middle income,True
187,Angola,AGO,1996,75.425,Sub-Saharan Africa,Lower middle income,True
188,Angola,AGO,1997,75.434,Sub-Saharan Africa,Lower middle income,True
189,Angola,AGO,1998,75.451,Sub-Saharan Africa,Lower middle income,True
190,Angola,AGO,1999,75.471,Sub-Saharan Africa,Lower middle income,True
191,Angola,AGO,2000,75.495,Sub-Saharan Africa,Lower middle income,True
192,Angola,AGO,2001,75.522,Sub-Saharan Africa,Lower middle income,True
193,Angola,AGO,2002,75.548,Sub-Saharan Africa,Lower middle income,True
194,Angola,AGO,2003,75.574,Sub-Saharan Africa,Lower middle income,True
195,Angola,AGO,2004,75.597,Sub-Saharan Africa,Lower middle income,True
196,Angola,AGO,2005,75.615,Sub-Saharan Africa,Lower middle income,True
197,Angola,AGO,2006,75.626,Sub-Saharan Africa,Lower middle income,True
198,Angola,AGO,2007,75.633,Sub-Saharan Africa,Lower middle income,True
199,Angola,AGO,2008,75.633,Sub-Saharan Africa,Lower middle income,True
200,Angola,AGO,2009,75.627,Sub-Saharan Africa,Lower middle income,True
201,Angola,AGO,2010,75.621,Sub-Saharan Africa,Lower middle income,True
202,Angola,AGO,2011,74.865,Sub-Saharan Africa,Lower middle income,True
203,Angola,AGO,2012,74.633,Sub-Saharan Africa,Lower middle income,True
204,Angola,AGO,2013,74.4,Sub-Saharan Africa,Lower middle income,True
205,Angola,AGO,2014,74.167,Sub-Saharan Africa,Lower middle income,True
206,Angola,AGO,2015,73.933,Sub-Saharan Africa,Lower middle income,True
207,Angola,AGO,2016,73.697,Sub-Saharan Africa,Lower middle income,True
208,Angola,AGO,2017,73.461,Sub-Saharan Africa,Lower middle income,True
209,Angola,AGO,2018,73.224,Sub-Saharan Africa,Lower middle income,True
210,Angola,AGO,2019,72.985,Sub-Saharan Africa,Lower middle income,True
211,Angola,AGO,2020,71.342,Sub-Saharan Africa,Lower middle income,True
212,Angola,AGO,2021,74.695,Sub-Saharan Africa,Lower middle income,True
213,Angola,AGO,2022,74.018,Sub-Saharan Africa,Lower middle income,True
214,Angola,AGO,2023,72.318,Sub-Saharan Africa,Lower middle income,True
215,Angola,AGO,2024,72.359,Sub-Saharan Africa,Lower middle income,True
216,Angola,AGO,2025,72.224,Sub-Saharan Africa,Lower middle income,True
217,Arab World,ARB,1990,19.2610402134535,,,False
218,Arab World,ARB,1991,19.376020227626,,,False
219,Arab World,ARB,1992,19.7662377211586,,,False
220,Arab World,ARB,1993,19.6763263998528,,,False
221,Arab World,ARB,1994,20.0895605926033,,,False
222,Arab World,ARB,1995,19.8809299614962,,,False
223,Arab World,ARB,1996,19.8715078023366,,,False
224,Arab World,ARB,1997,19.6775121233313,,,False
225,Arab World,ARB,1998,19.5711533415357,,,False
226,Arab World,ARB,1999,20.0254209187825,,,False
227,Arab World,ARB,2000,20.0674891558361,,,False
228,Arab World,ARB,2001,19.9607885889207,,,False
229,Arab World,ARB,2002,19.2577607919934,,,False
230,Arab World,ARB,2003,19.4422263101309,,,False
231,Arab World,ARB,2004,19.602895137609,,,False
232,Arab World,ARB,2005,19.7811140867527,,,False
233,Arab World,ARB,2006,20.0274596078511,,,False
234,Arab World,ARB,2007,20.6082935540777,,,False
235,Arab World,ARB,2008,20.226772428925,,,False
236,Arab World,ARB,2009,20.5346376918663,,,False
237,Arab World,ARB,2010,20.7092368667965,,,False
238,Arab World,ARB,2011,20.7455287049814,,,False
239,Arab World,ARB,2012,20.5134875836869,,,False
240,Arab World,ARB,2013,20.6324832420814,,,False
241,Arab World,ARB,2014,20.7314458784954,,,False
242,Arab World,ARB,2015,20.681454301284,,,False
243,Arab World,ARB,2016,20.7174106547458,,,False
244,Arab World,ARB,2017,19.8966688504065,,,False
245,Arab World,ARB,2018,18.8985863264177,,,False
246,Arab World,ARB,2019,18.3085417594598,,,False
247,Arab World,ARB,2020,17.617049774581,,,False
248,Arab World,ARB,2021,17.8515695449822,,,False
249,Arab World,ARB,2022,17.8193689715312,,,False
250,Arab World,ARB,2023,19.0969986727696,,,False
251,Arab World,ARB,2024,19.0059757044768,,,False
252,Arab World,ARB,2025,19.0038418841691,,,False
253,Argentina,ARG,1990,43.117,Latin America & Caribbean,Upper middle income,True
254,Argentina,ARG,1991,44.64,Latin America & Caribbean,Upper middle income,True
255,Argentina,ARG,1992,46.08,Latin America & Caribbean,Upper middle income,True
256,Argentina,ARG,1993,47.546,Latin America & Caribbean,Upper middle income,True
257,Argentina,ARG,1994,48.662,Latin America & Caribbean,Upper middle income,True
258,Argentina,ARG,1995,48.503,Latin America & Caribbean,Upper middle income,True
259,Argentina,ARG,1996,49.453,Latin America & Caribbean,Upper middle income,True
260,Argentina,ARG,1997,50.698,Latin America & Caribbean,Upper middle income,True
261,Argentina,ARG,1998,51.287,Latin America & Caribbean,Upper middle income,True
262,Argentina,ARG,1999,50.751,Latin America & Caribbean,Upper middle income,True
263,Argentina,ARG,2000,50.537,Latin America & Caribbean,Upper middle income,True
264,Argentina,ARG,2001,49.755,Latin America & Caribbean,Upper middle income,True
265,Argentina,ARG,2002,47.938,Latin America & Caribbean,Upper middle income,True
266,Argentina,ARG,2003,48.936,Latin America & Caribbean,Upper middle income,True
267,Argentina,ARG,2004,49.963,Latin America & Caribbean,Upper middle income,True
268,Argentina,ARG,2005,49.098,Latin America & Caribbean,Upper middle income,True
269,Argentina,ARG,2006,49.738,Latin America & Caribbean,Upper middle income,True
270,Argentina,ARG,2007,48.901,Latin America & Caribbean,Upper middle income,True
271,Argentina,ARG,2008,48.064,Latin America & Caribbean,Upper middle income,True
272,Argentina,ARG,2009,48.789,Latin America & Caribbean,Upper middle income,True
273,Argentina,ARG,2010,47.689,Latin America & Caribbean,Upper middle income,True
274,Argentina,ARG,2011,47.947,Latin America & Caribbean,Upper middle income,True
275,Argentina,ARG,2012,48.055,Latin America & Caribbean,Upper middle income,True
276,Argentina,ARG,2013,47.642,Latin America & Caribbean,Upper middle income,True
277,Argentina,ARG,2014,47.417,Latin America & Caribbean,Upper middle income,True
278,Argentina,ARG,2015,47.498,Latin America & Caribbean,Upper middle income,True
279,Argentina,ARG,2016,47.582,Latin America & Caribbean,Upper middle income,True
280,Argentina,ARG,2017,47.666,Latin America & Caribbean,Upper middle income,True
281,Argentina,ARG,2018,49.146,Latin America & Caribbean,Upper middle income,True
282,Argentina,ARG,2019,50.0,Latin America & Caribbean,Upper middle income,True
283,Argentina,ARG,2020,46.486,Latin America & Caribbean,Upper middle income,True
284,Argentina,ARG,2021,50.26,Latin America & Caribbean,Upper middle income,True
285,Argentina,ARG,2022,51.868,Latin America & Caribbean,Upper middle income,True
286,Argentina,ARG,2023,52.958,Latin America & Caribbean,Upper middle income,True
287,Argentina,ARG,2024,52.281,Latin America & Caribbean,Upper middle income,True
288,Argentina,ARG,2025,52.469,Latin America & Caribbean,Upper middle income,True
289,Armenia,ARM,1990,57.601,Europe & Central Asia,Upper middle income,True
290,Armenia,ARM,1991,57.536,Europe & Central Asia,Upper middle income,True
291,Armenia,ARM,1992,57.275,Europe & Central Asia,Upper middle income,True
292,Armenia,ARM,1993,56.808,Europe & Central Asia,Upper middle income,True
293,Armenia,ARM,1994,56.26,Europe & Central Asia,Upper middle income,True
294,Armenia,ARM,1995,55.715,Europe & Central Asia,Upper middle income,True
295,Armenia,ARM,1996,55.239,Europe & Central Asia,Upper middle income,True
296,Armenia,ARM,1997,54.822,Europe & Central Asia,Upper middle income,True
297,Armenia,ARM,1998,54.56,Europe & Central Asia,Upper middle income,True
298,Armenia,ARM,1999,54.477,Europe & Central Asia,Upper middle income,True
299,Armenia,ARM,2000,54.459,Europe & Central Asia,Upper middle income,True
300,Armenia,ARM,2001,54.317,Europe & Central Asia,Upper middle income,True
301,Armenia,ARM,2002,54.029,Europe & Central Asia,Upper middle income,True
302,Armenia,ARM,2003,53.753,Europe & Central Asia,Upper middle income,True
303,Armenia,ARM,2004,53.518,Europe & Central Asia,Upper middle income,True
304,Armenia,ARM,2005,53.338,Europe & Central Asia,Upper middle income,True
305,Armenia,ARM,2006,53.243,Europe & Central Asia,Upper middle income,True
306,Armenia,ARM,2007,53.273,Europe & Central Asia,Upper middle income,True
307,Armenia,ARM,2008,52.96,Europe & Central Asia,Upper middle income,True
308,Armenia,ARM,2009,54.373,Europe & Central Asia,Upper middle income,True
309,Armenia,ARM,2010,54.4,Europe & Central Asia,Upper middle income,True
310,Armenia,ARM,2011,54.222,Europe & Central Asia,Upper middle income,True
311,Armenia,ARM,2012,53.928,Europe & Central Asia,Upper middle income,True
312,Armenia,ARM,2013,53.878,Europe & Central Asia,Upper middle income,True
313,Armenia,ARM,2014,53.835,Europe & Central Asia,Upper middle income,True
314,Armenia,ARM,2015,53.826,Europe & Central Asia,Upper middle income,True
315,Armenia,ARM,2016,53.881,Europe & Central Asia,Upper middle income,True
316,Armenia,ARM,2017,53.766,Europe & Central Asia,Upper middle income,True
317,Armenia,ARM,2018,53.631,Europe & Central Asia,Upper middle income,True
318,Armenia,ARM,2019,50.799,Europe & Central Asia,Upper middle income,True
319,Armenia,ARM,2020,54.317,Europe & Central Asia,Upper middle income,True
320,Armenia,ARM,2021,55.118,Europe & Central Asia,Upper middle income,True
321,Armenia,ARM,2022,50.24,Europe & Central Asia,Upper middle income,True
322,Armenia,ARM,2023,51.517,Europe & Central Asia,Upper middle income,True
323,Armenia,ARM,2024,51.586,Europe & Central Asia,Upper middle income,True
324,Armenia,ARM,2025,51.057,Europe & Central Asia,Upper middle income,True
325,Australia,AUS,1990,52.307,East Asia & Pacific,High income,True
326,Australia,AUS,1991,52.038,East Asia & Pacific,High income,True
327,Australia,AUS,1992,51.996,East Asia & Pacific,High income,True
328,Australia,AUS,1993,51.77,East Asia & Pacific,High income,True
329,Australia,AUS,1994,52.67,East Asia & Pacific,High income,True
330,Australia,AUS,1995,53.675,East Asia & Pacific,High income,True
331,Australia,AUS,1996,53.859,East Asia & Pacific,High income,True
332,Australia,AUS,1997,53.66,East Asia & Pacific,High income,True
333,Australia,AUS,1998,53.721,East Asia & Pacific,High income,True
334,Australia,AUS,1999,53.727,East Asia & Pacific,High income,True
335,Australia,AUS,2000,54.618,East Asia & Pacific,High income,True
336,Australia,AUS,2001,55.158,East Asia & Pacific,High income,True
337,Australia,AUS,2002,55.355,East Asia & Pacific,High income,True
338,Australia,AUS,2003,56.013,East Asia & Pacific,High income,True
339,Australia,AUS,2004,55.774,East Asia & Pacific,High income,True
340,Australia,AUS,2005,57.048,East Asia & Pacific,High income,True
341,Australia,AUS,2006,57.582,East Asia & Pacific,High income,True
342,Australia,AUS,2007,58.135,East Asia & Pacific,High income,True
343,Australia,AUS,2008,58.603,East Asia & Pacific,High income,True
344,Australia,AUS,2009,58.792,East Asia & Pacific,High income,True
345,Australia,AUS,2010,58.676,East Asia & Pacific,High income,True
346,Australia,AUS,2011,58.931,East Asia & Pacific,High income,True
347,Australia,AUS,2012,58.833,East Asia & Pacific,High income,True
348,Australia,AUS,2013,58.739,East Asia & Pacific,High income,True
349,Australia,AUS,2014,58.704,East Asia & Pacific,High income,True
350,Australia,AUS,2015,59.151,East Asia & Pacific,High income,True
351,Australia,AUS,2016,59.381,East Asia & Pacific,High income,True
352,Australia,AUS,2017,59.877,East Asia & Pacific,High income,True
353,Australia,AUS,2018,60.628,East Asia & Pacific,High income,True
354,Australia,AUS,2019,61.031,East Asia & Pacific,High income,True
355,Australia,AUS,2020,60.136,East Asia & Pacific,High income,True
356,Australia,AUS,2021,61.516,East Asia & Pacific,High income,True
357,Australia,AUS,2022,62.524,East Asia & Pacific,High income,True
358,Australia,AUS,2023,62.576,East Asia & Pacific,High income,True
359,Australia,AUS,2024,62.647,East Asia & Pacific,High income,True
360,Australia,AUS,2025,62.513,East Asia & Pacific,High income,True
361,Austria,AUT,1990,43.096,Europe & Central Asia,High income,True
362,Austria,AUT,1991,43.647,Europe & Central Asia,High income,True
363,Austria,AUT,1992,45.051,Europe & Central Asia,High income,True
364,Austria,AUT,1993,45.647,Europe & Central Asia,High income,True
365,Austria,AUT,1994,48.112,Europe & Central Asia,High income,True
366,Austria,AUT,1995,48.714,Europe & Central Asia,High income,True
367,Austria,AUT,1996,48.267,Europe & Central Asia,High income,True
368,Austria,AUT,1997,48.253,Europe & Central Asia,High income,True
369,Austria,AUT,1998,48.82,Europe & Central Asia,High income,True
370,Austria,AUT,1999,48.998,Europe & Central Asia,High income,True
371,Austria,AUT,2000,48.991,Europe & Central Asia,High income,True
372,Austria,AUT,2001,48.861,Europe & Central Asia,High income,True
373,Austria,AUT,2002,50.127,Europe & Central Asia,High income,True
374,Austria,AUT,2003,50.232,Europe & Central Asia,High income,True
375,Austria,AUT,2004,50.059,Europe & Central Asia,High income,True
376,Austria,AUT,2005,50.866,Europe & Central Asia,High income,True
377,Austria,AUT,2006,51.541,Europe & Central Asia,High income,True
378,Austria,AUT,2007,52.379,Europe & Central Asia,High income,True
379,Austria,AUT,2008,52.872,Europe & Central Asia,High income,True
380,Austria,AUT,2009,53.539,Europe & Central Asia,High income,True
381,Austria,AUT,2010,53.648,Europe & Central Asia,High income,True
382,Austria,AUT,2011,53.942,Europe & Central Asia,High income,True
383,Austria,AUT,2012,54.446,Europe & Central Asia,High income,True
384,Austria,AUT,2013,54.711,Europe & Central Asia,High income,True
385,Austria,AUT,2014,54.763,Europe & Central Asia,High income,True
386,Austria,AUT,2015,54.827,Europe & Central Asia,High income,True
387,Austria,AUT,2016,55.349,Europe & Central Asia,High income,True
388,Austria,AUT,2017,55.351,Europe & Central Asia,High income,True
389,Austria,AUT,2018,55.426,Europe & Central Asia,High income,True
390,Austria,AUT,2019,55.514,Europe & Central Asia,High income,True
391,Austria,AUT,2020,55.224,Europe & Central Asia,High income,True
392,Austria,AUT,2021,55.35,Europe & Central Asia,High income,True
393,Austria,AUT,2022,55.688,Europe & Central Asia,High income,True
394,Austria,AUT,2023,55.812,Europe & Central Asia,High income,True
395,Austria,AUT,2024,55.408,Europe & Central Asia,High income,True
396,Austria,AUT,2025,55.059,Europe & Central Asia,High income,True
397,Azerbaijan,AZE,1990,64.26,Europe & Central Asia,Upper middle income,True
398,Azerbaijan,AZE,1991,64.489,Europe & Central Asia,Upper middle income,True
399,Azerbaijan,AZE,1992,66.843,Europe & Central Asia,Upper middle income,True
400,Azerbaijan,AZE,1993,69.968,Europe & Central Asia,Upper middle income,True
401,Azerbaijan,AZE,1994,73.087,Europe & Central Asia,Upper middle income,True
402,Azerbaijan,AZE,1995,75.155,Europe & Central Asia,Upper middle income,True
403,Azerbaijan,AZE,1996,75.293,Europe & Central Asia,Upper middle income,True
404,Azerbaijan,AZE,1997,74.902,Europe & Central Asia,Upper middle income,True
405,Azerbaijan,AZE,1998,74.02,Europe & Central Asia,Upper middle income,True
406,Azerbaijan,AZE,1999,73.434,Europe & Central Asia,Upper middle income,True
407,Azerbaijan,AZE,2000,72.205,Europe & Central Asia,Upper middle income,True
408,Azerbaijan,AZE,2001,70.283,Europe & Central Asia,Upper middle income,True
409,Azerbaijan,AZE,2002,68.823,Europe & Central Asia,Upper middle income,True
410,Azerbaijan,AZE,2003,66.626,Europe & Central Asia,Upper middle income,True
411,Azerbaijan,AZE,2004,64.222,Europe & Central Asia,Upper middle income,True
412,Azerbaijan,AZE,2005,62.978,Europe & Central Asia,Upper middle income,True
413,Azerbaijan,AZE,2006,61.162,Europe & Central Asia,Upper middle income,True
414,Azerbaijan,AZE,2007,56.405,Europe & Central Asia,Upper middle income,True
415,Azerbaijan,AZE,2008,56.428,Europe & Central Asia,Upper middle income,True
416,Azerbaijan,AZE,2009,58.092,Europe & Central Asia,Upper middle income,True
417,Azerbaijan,AZE,2010,59.793,Europe & Central Asia,Upper middle income,True
418,Azerbaijan,AZE,2011,59.434,Europe & Central Asia,Upper middle income,True
419,Azerbaijan,AZE,2012,59.237,Europe & Central Asia,Upper middle income,True
420,Azerbaijan,AZE,2013,59.364,Europe & Central Asia,Upper middle income,True
421,Azerbaijan,AZE,2014,60.244,Europe & Central Asia,Upper middle income,True
422,Azerbaijan,AZE,2015,61.096,Europe & Central Asia,Upper middle income,True
423,Azerbaijan,AZE,2016,62.043,Europe & Central Asia,Upper middle income,True
424,Azerbaijan,AZE,2017,62.213,Europe & Central Asia,Upper middle income,True
425,Azerbaijan,AZE,2018,62.63,Europe & Central Asia,Upper middle income,True
426,Azerbaijan,AZE,2019,62.441,Europe & Central Asia,Upper middle income,True
427,Azerbaijan,AZE,2020,64.382,Europe & Central Asia,Upper middle income,True
428,Azerbaijan,AZE,2021,61.174,Europe & Central Asia,Upper middle income,True
429,Azerbaijan,AZE,2022,62.165,Europe & Central Asia,Upper middle income,True
430,Azerbaijan,AZE,2023,61.748,Europe & Central Asia,Upper middle income,True
431,Azerbaijan,AZE,2024,61.35,Europe & Central Asia,Upper middle income,True
432,Azerbaijan,AZE,2025,60.759,Europe & Central Asia,Upper middle income,True
433,"Bahamas, The",BHS,1990,64.326,Latin America & Caribbean,High income,True
434,"Bahamas, The",BHS,1991,64.788,Latin America & Caribbean,High income,True
435,"Bahamas, The",BHS,1992,65.238,Latin America & Caribbean,High income,True
436,"Bahamas, The",BHS,1993,65.668,Latin America & Caribbean,High income,True
437,"Bahamas, The",BHS,1994,66.07,Latin America & Caribbean,High income,True
438,"Bahamas, The",BHS,1995,66.492,Latin America & Caribbean,High income,True
439,"Bahamas, The",BHS,1996,66.883,Latin America & Caribbean,High income,True
440,"Bahamas, The",BHS,1997,67.244,Latin America & Caribbean,High income,True
441,"Bahamas, The",BHS,1998,67.574,Latin America & Caribbean,High income,True
442,"Bahamas, The",BHS,1999,67.853,Latin America & Caribbean,High income,True
443,"Bahamas, The",BHS,2000,68.089,Latin America & Caribbean,High income,True
444,"Bahamas, The",BHS,2001,68.303,Latin America & Caribbean,High income,True
445,"Bahamas, The",BHS,2002,68.495,Latin America & Caribbean,High income,True
446,"Bahamas, The",BHS,2003,68.668,Latin America & Caribbean,High income,True
447,"Bahamas, The",BHS,2004,68.825,Latin America & Caribbean,High income,True
448,"Bahamas, The",BHS,2005,68.965,Latin America & Caribbean,High income,True
449,"Bahamas, The",BHS,2006,69.101,Latin America & Caribbean,High income,True
450,"Bahamas, The",BHS,2007,69.225,Latin America & Caribbean,High income,True
451,"Bahamas, The",BHS,2008,69.337,Latin America & Caribbean,High income,True
452,"Bahamas, The",BHS,2009,69.433,Latin America & Caribbean,High income,True
453,"Bahamas, The",BHS,2010,69.521,Latin America & Caribbean,High income,True
454,"Bahamas, The",BHS,2011,69.633,Latin America & Caribbean,High income,True
455,"Bahamas, The",BHS,2012,69.764,Latin America & Caribbean,High income,True
456,"Bahamas, The",BHS,2013,69.915,Latin America & Caribbean,High income,True
457,"Bahamas, The",BHS,2014,70.09,Latin America & Caribbean,High income,True
458,"Bahamas, The",BHS,2015,70.291,Latin America & Caribbean,High income,True
459,"Bahamas, The",BHS,2016,70.509,Latin America & Caribbean,High income,True
460,"Bahamas, The",BHS,2017,70.76,Latin America & Caribbean,High income,True
461,"Bahamas, The",BHS,2018,71.023,Latin America & Caribbean,High income,True
462,"Bahamas, The",BHS,2019,71.252,Latin America & Caribbean,High income,True
463,"Bahamas, The",BHS,2020,65.17,Latin America & Caribbean,High income,True
464,"Bahamas, The",BHS,2021,66.863,Latin America & Caribbean,High income,True
465,"Bahamas, The",BHS,2022,70.887,Latin America & Caribbean,High income,True
466,"Bahamas, The",BHS,2023,71.014,Latin America & Caribbean,High income,True
467,"Bahamas, The",BHS,2024,70.973,Latin America & Caribbean,High income,True
468,"Bahamas, The",BHS,2025,70.728,Latin America & Caribbean,High income,True
469,Bahrain,BHR,1990,29.681,Middle East & North Africa,High income,True
470,Bahrain,BHR,1991,29.122,Middle East & North Africa,High income,True
471,Bahrain,BHR,1992,29.71,Middle East & North Africa,High income,True
472,Bahrain,BHR,1993,30.226,Middle East & North Africa,High income,True
473,Bahrain,BHR,1994,30.73,Middle East & North Africa,High income,True
474,Bahrain,BHR,1995,31.238,Middle East & North Africa,High income,True
475,Bahrain,BHR,1996,31.771,Middle East & North Africa,High income,True
476,Bahrain,BHR,1997,32.342,Middle East & North Africa,High income,True
477,Bahrain,BHR,1998,32.956,Middle East & North Africa,High income,True
478,Bahrain,BHR,1999,33.597,Middle East & North Africa,High income,True
479,Bahrain,BHR,2000,34.267,Middle East & North Africa,High income,True
480,Bahrain,BHR,2001,34.91,Middle East & North Africa,High income,True
481,Bahrain,BHR,2002,35.493,Middle East & North Africa,High income,True
482,Bahrain,BHR,2003,36.073,Middle East & North Africa,High income,True
483,Bahrain,BHR,2004,36.673,Middle East & North Africa,High income,True
484,Bahrain,BHR,2005,37.61,Middle East & North Africa,High income,True
485,Bahrain,BHR,2006,38.62,Middle East & North Africa,High income,True
486,Bahrain,BHR,2007,39.727,Middle East & North Africa,High income,True
487,Bahrain,BHR,2008,40.943,Middle East & North Africa,High income,True
488,Bahrain,BHR,2009,42.274,Middle East & North Africa,High income,True
489,Bahrain,BHR,2010,43.59,Middle East & North Africa,High income,True
490,Bahrain,BHR,2011,42.579,Middle East & North Africa,High income,True
491,Bahrain,BHR,2012,42.806,Middle East & North Africa,High income,True
492,Bahrain,BHR,2013,42.952,Middle East & North Africa,High income,True
493,Bahrain,BHR,2014,43.095,Middle East & North Africa,High income,True
494,Bahrain,BHR,2015,43.369,Middle East & North Africa,High income,True
495,Bahrain,BHR,2016,43.543,Middle East & North Africa,High income,True
496,Bahrain,BHR,2017,43.581,Middle East & North Africa,High income,True
497,Bahrain,BHR,2018,43.209,Middle East & North Africa,High income,True
498,Bahrain,BHR,2019,42.516,Middle East & North Africa,High income,True
499,Bahrain,BHR,2020,41.047,Middle East & North Africa,High income,True
500,Bahrain,BHR,2021,41.196,Middle East & North Africa,High income,True
501,Bahrain,BHR,2022,42.205,Middle East & North Africa,High income,True
502,Bahrain,BHR,2023,42.382,Middle East & North Africa,High income,True
503,Bahrain,BHR,2024,42.406,Middle East & North Africa,High income,True
504,Bahrain,BHR,2025,42.294,Middle East & North Africa,High income,True
505,Bangladesh,BGD,1990,24.207,South Asia,Lower middle income,True
506,Bangladesh,BGD,1991,24.564,South Asia,Lower middle income,True
507,Bangladesh,BGD,1992,24.977,South Asia,Lower middle income,True
508,Bangladesh,BGD,1993,25.434,South Asia,Lower middle income,True
509,Bangladesh,BGD,1994,25.931,South Asia,Lower middle income,True
510,Bangladesh,BGD,1995,26.467,South Asia,Lower middle income,True
511,Bangladesh,BGD,1996,27.021,South Asia,Lower middle income,True
512,Bangladesh,BGD,1997,27.531,South Asia,Lower middle income,True
513,Bangladesh,BGD,1998,27.966,South Asia,Lower middle income,True
514,Bangladesh,BGD,1999,28.345,South Asia,Lower middle income,True
515,Bangladesh,BGD,2000,28.671,South Asia,Lower middle income,True
516,Bangladesh,BGD,2001,28.878,South Asia,Lower middle income,True
517,Bangladesh,BGD,2002,28.98,South Asia,Lower middle income,True
518,Bangladesh,BGD,2003,29.055,South Asia,Lower middle income,True
519,Bangladesh,BGD,2004,29.123,South Asia,Lower middle income,True
520,Bangladesh,BGD,2005,29.194,South Asia,Lower middle income,True
521,Bangladesh,BGD,2006,29.241,South Asia,Lower middle income,True
522,Bangladesh,BGD,2007,30.797,South Asia,Lower middle income,True
523,Bangladesh,BGD,2008,32.398,South Asia,Lower middle income,True
524,Bangladesh,BGD,2009,34.041,South Asia,Lower middle income,True
525,Bangladesh,BGD,2010,35.723,South Asia,Lower middle income,True
526,Bangladesh,BGD,2011,35.021,South Asia,Lower middle income,True
527,Bangladesh,BGD,2012,34.316,South Asia,Lower middle income,True
528,Bangladesh,BGD,2013,33.616,South Asia,Lower middle income,True
529,Bangladesh,BGD,2014,33.571,South Asia,Lower middle income,True
530,Bangladesh,BGD,2015,33.531,South Asia,Lower middle income,True
531,Bangladesh,BGD,2016,33.497,South Asia,Lower middle income,True
532,Bangladesh,BGD,2017,36.676,South Asia,Lower middle income,True
533,Bangladesh,BGD,2018,38.056,South Asia,Lower middle income,True
534,Bangladesh,BGD,2019,39.33,South Asia,Lower middle income,True
535,Bangladesh,BGD,2020,40.323,South Asia,Lower middle income,True
536,Bangladesh,BGD,2021,42.181,South Asia,Lower middle income,True
537,Bangladesh,BGD,2022,43.687,South Asia,Lower middle income,True
538,Bangladesh,BGD,2023,41.874,South Asia,Lower middle income,True
539,Bangladesh,BGD,2024,38.708,South Asia,Lower middle income,True
540,Bangladesh,BGD,2025,38.649,South Asia,Lower middle income,True
541,Barbados,BRB,1990,60.938,Latin America & Caribbean,High income,True
542,Barbados,BRB,1991,60.931,Latin America & Caribbean,High income,True
543,Barbados,BRB,1992,60.871,Latin America & Caribbean,High income,True
544,Barbados,BRB,1993,61.48,Latin America & Caribbean,High income,True
545,Barbados,BRB,1994,62.085,Latin America & Caribbean,High income,True
546,Barbados,BRB,1995,63.353,Latin America & Caribbean,High income,True
547,Barbados,BRB,1996,63.609,Latin America & Caribbean,High income,True
548,Barbados,BRB,1997,63.033,Latin America & Caribbean,High income,True
549,Barbados,BRB,1998,63.249,Latin America & Caribbean,High income,True
550,Barbados,BRB,1999,63.418,Latin America & Caribbean,High income,True
551,Barbados,BRB,2000,63.612,Latin America & Caribbean,High income,True
552,Barbados,BRB,2001,63.804,Latin America & Caribbean,High income,True
553,Barbados,BRB,2002,63.93,Latin America & Caribbean,High income,True
554,Barbados,BRB,2003,64.051,Latin America & Caribbean,High income,True
555,Barbados,BRB,2004,64.711,Latin America & Caribbean,High income,True
556,Barbados,BRB,2005,64.689,Latin America & Caribbean,High income,True
557,Barbados,BRB,2006,64.675,Latin America & Caribbean,High income,True
558,Barbados,BRB,2007,64.677,Latin America & Caribbean,High income,True
559,Barbados,BRB,2008,64.646,Latin America & Caribbean,High income,True
560,Barbados,BRB,2009,64.545,Latin America & Caribbean,High income,True
561,Barbados,BRB,2010,64.422,Latin America & Caribbean,High income,True
562,Barbados,BRB,2011,64.298,Latin America & Caribbean,High income,True
563,Barbados,BRB,2012,62.881,Latin America & Caribbean,High income,True
564,Barbados,BRB,2013,63.997,Latin America & Caribbean,High income,True
565,Barbados,BRB,2014,63.225,Latin America & Caribbean,High income,True
566,Barbados,BRB,2015,61.731,Latin America & Caribbean,High income,True
567,Barbados,BRB,2016,62.528,Latin America & Caribbean,High income,True
568,Barbados,BRB,2017,62.517,Latin America & Caribbean,High income,True
569,Barbados,BRB,2018,61.625,Latin America & Caribbean,High income,True
570,Barbados,BRB,2019,61.588,Latin America & Caribbean,High income,True
571,Barbados,BRB,2020,59.687,Latin America & Caribbean,High income,True
572,Barbados,BRB,2021,58.963,Latin America & Caribbean,High income,True
573,Barbados,BRB,2022,61.109,Latin America & Caribbean,High income,True
574,Barbados,BRB,2023,61.146,Latin America & Caribbean,High income,True
575,Barbados,BRB,2024,61.371,Latin America & Caribbean,High income,True
576,Barbados,BRB,2025,61.03,Latin America & Caribbean,High income,True
577,Belarus,BLR,1990,53.101,Europe & Central Asia,Upper middle income,True
578,Belarus,BLR,1991,52.885,Europe & Central Asia,Upper middle income,True
579,Belarus,BLR,1992,52.792,Europe & Central Asia,Upper middle income,True
580,Belarus,BLR,1993,52.706,Europe & Central Asia,Upper middle income,True
581,Belarus,BLR,1994,52.844,Europe & Central Asia,Upper middle income,True
582,Belarus,BLR,1995,53.079,Europe & Central Asia,Upper middle income,True
583,Belarus,BLR,1996,52.865,Europe & Central Asia,Upper middle income,True
584,Belarus,BLR,1997,52.499,Europe & Central Asia,Upper middle income,True
585,Belarus,BLR,1998,52.483,Europe & Central Asia,Upper middle income,True
586,Belarus,BLR,1999,52.723,Europe & Central Asia,Upper middle income,True
587,Belarus,BLR,2000,53.472,Europe & Central Asia,Upper middle income,True
588,Belarus,BLR,2001,54.121,Europe & Central Asia,Upper middle income,True
589,Belarus,BLR,2002,54.578,Europe & Central Asia,Upper middle income,True
590,Belarus,BLR,2003,54.932,Europe & Central Asia,Upper middle income,True
591,Belarus,BLR,2004,55.18,Europe & Central Asia,Upper middle income,True
592,Belarus,BLR,2005,55.418,Europe & Central Asia,Upper middle income,True
593,Belarus,BLR,2006,55.723,Europe & Central Asia,Upper middle income,True
594,Belarus,BLR,2007,56.055,Europe & Central Asia,Upper middle income,True
595,Belarus,BLR,2008,56.488,Europe & Central Asia,Upper middle income,True
596,Belarus,BLR,2009,56.961,Europe & Central Asia,Upper middle income,True
597,Belarus,BLR,2010,57.407,Europe & Central Asia,Upper middle income,True
598,Belarus,BLR,2011,57.832,Europe & Central Asia,Upper middle income,True
599,Belarus,BLR,2012,58.162,Europe & Central Asia,Upper middle income,True
600,Belarus,BLR,2013,58.402,Europe & Central Asia,Upper middle income,True
601,Belarus,BLR,2014,58.566,Europe & Central Asia,Upper middle income,True
602,Belarus,BLR,2015,58.668,Europe & Central Asia,Upper middle income,True
603,Belarus,BLR,2016,58.75,Europe & Central Asia,Upper middle income,True
604,Belarus,BLR,2017,58.591,Europe & Central Asia,Upper middle income,True
605,Belarus,BLR,2018,58.081,Europe & Central Asia,Upper middle income,True
606,Belarus,BLR,2019,58.277,Europe & Central Asia,Upper middle income,True
607,Belarus,BLR,2020,57.884,Europe & Central Asia,Upper middle income,True
608,Belarus,BLR,2021,58.024,Europe & Central Asia,Upper middle income,True
609,Belarus,BLR,2022,57.892,Europe & Central Asia,Upper middle income,True
610,Belarus,BLR,2023,57.417,Europe & Central Asia,Upper middle income,True
611,Belarus,BLR,2024,57.229,Europe & Central Asia,Upper middle income,True
612,Belarus,BLR,2025,56.769,Europe & Central Asia,Upper middle income,True
613,Belgium,BEL,1990,36.46,Europe & Central Asia,High income,True
614,Belgium,BEL,1991,37.914,Europe & Central Asia,High income,True
615,Belgium,BEL,1992,38.759,Europe & Central Asia,High income,True
616,Belgium,BEL,1993,39.461,Europe & Central Asia,High income,True
617,Belgium,BEL,1994,40.04,Europe & Central Asia,High income,True
618,Belgium,BEL,1995,40.424,Europe & Central Asia,High income,True
619,Belgium,BEL,1996,40.526,Europe & Central Asia,High income,True
620,Belgium,BEL,1997,40.971,Europe & Central Asia,High income,True
621,Belgium,BEL,1998,41.54,Europe & Central Asia,High income,True
622,Belgium,BEL,1999,43.147,Europe & Central Asia,High income,True
623,Belgium,BEL,2000,43.616,Europe & Central Asia,High income,True
624,Belgium,BEL,2001,41.787,Europe & Central Asia,High income,True
625,Belgium,BEL,2002,42.506,Europe & Central Asia,High income,True
626,Belgium,BEL,2003,42.881,Europe & Central Asia,High income,True
627,Belgium,BEL,2004,44.185,Europe & Central Asia,High income,True
628,Belgium,BEL,2005,45.687,Europe & Central Asia,High income,True
629,Belgium,BEL,2006,45.818,Europe & Central Asia,High income,True
630,Belgium,BEL,2007,46.59,Europe & Central Asia,High income,True
631,Belgium,BEL,2008,46.928,Europe & Central Asia,High income,True
632,Belgium,BEL,2009,46.979,Europe & Central Asia,High income,True
633,Belgium,BEL,2010,47.774,Europe & Central Asia,High income,True
634,Belgium,BEL,2011,47.103,Europe & Central Asia,High income,True
635,Belgium,BEL,2012,47.155,Europe & Central Asia,High income,True
636,Belgium,BEL,2013,47.804,Europe & Central Asia,High income,True
637,Belgium,BEL,2014,48.125,Europe & Central Asia,High income,True
638,Belgium,BEL,2015,48.045,Europe & Central Asia,High income,True
639,Belgium,BEL,2016,47.81,Europe & Central Asia,High income,True
640,Belgium,BEL,2017,47.974,Europe & Central Asia,High income,True
641,Belgium,BEL,2018,48.769,Europe & Central Asia,High income,True
642,Belgium,BEL,2019,49.097,Europe & Central Asia,High income,True
643,Belgium,BEL,2020,48.659,Europe & Central Asia,High income,True
644,Belgium,BEL,2021,49.367,Europe & Central Asia,High income,True
645,Belgium,BEL,2022,50.029,Europe & Central Asia,High income,True
646,Belgium,BEL,2023,49.834,Europe & Central Asia,High income,True
647,Belgium,BEL,2024,49.97,Europe & Central Asia,High income,True
648,Belgium,BEL,2025,49.78,Europe & Central Asia,High income,True
649,Belize,BLZ,1990,32.663,Latin America & Caribbean,Upper middle income,True
650,Belize,BLZ,1991,33.332,Latin America & Caribbean,Upper middle income,True
651,Belize,BLZ,1992,34.061,Latin America & Caribbean,Upper middle income,True
652,Belize,BLZ,1993,34.368,Latin America & Caribbean,Upper middle income,True
653,Belize,BLZ,1994,34.28,Latin America & Caribbean,Upper middle income,True
654,Belize,BLZ,1995,35.616,Latin America & Caribbean,Upper middle income,True
655,Belize,BLZ,1996,36.967,Latin America & Caribbean,Upper middle income,True
656,Belize,BLZ,1997,38.34,Latin America & Caribbean,Upper middle income,True
657,Belize,BLZ,1998,39.252,Latin America & Caribbean,Upper middle income,True
658,Belize,BLZ,1999,39.297,Latin America & Caribbean,Upper middle income,True
659,Belize,BLZ,2000,39.808,Latin America & Caribbean,Upper middle income,True
660,Belize,BLZ,2001,40.317,Latin America & Caribbean,Upper middle income,True
661,Belize,BLZ,2002,40.829,Latin America & Caribbean,Upper middle income,True
662,Belize,BLZ,2003,41.346,Latin America & Caribbean,Upper middle income,True
663,Belize,BLZ,2004,41.864,Latin America & Caribbean,Upper middle income,True
664,Belize,BLZ,2005,42.385,Latin America & Caribbean,Upper middle income,True
665,Belize,BLZ,2006,42.908,Latin America & Caribbean,Upper middle income,True
666,Belize,BLZ,2007,43.433,Latin America & Caribbean,Upper middle income,True
667,Belize,BLZ,2008,43.959,Latin America & Caribbean,Upper middle income,True
668,Belize,BLZ,2009,44.486,Latin America & Caribbean,Upper middle income,True
669,Belize,BLZ,2010,44.998,Latin America & Caribbean,Upper middle income,True
670,Belize,BLZ,2011,45.496,Latin America & Caribbean,Upper middle income,True
671,Belize,BLZ,2012,45.998,Latin America & Caribbean,Upper middle income,True
672,Belize,BLZ,2013,46.501,Latin America & Caribbean,Upper middle income,True
673,Belize,BLZ,2014,47.392,Latin America & Caribbean,Upper middle income,True
674,Belize,BLZ,2015,48.253,Latin America & Caribbean,Upper middle income,True
675,Belize,BLZ,2016,49.101,Latin America & Caribbean,Upper middle income,True
676,Belize,BLZ,2017,48.678,Latin America & Caribbean,Upper middle income,True
677,Belize,BLZ,2018,54.103,Latin America & Caribbean,Upper middle income,True
678,Belize,BLZ,2019,57.096,Latin America & Caribbean,Upper middle income,True
679,Belize,BLZ,2020,41.478,Latin America & Caribbean,Upper middle income,True
680,Belize,BLZ,2021,46.813,Latin America & Caribbean,Upper middle income,True
681,Belize,BLZ,2022,43.563,Latin America & Caribbean,Upper middle income,True
682,Belize,BLZ,2023,44.076,Latin America & Caribbean,Upper middle income,True
683,Belize,BLZ,2024,43.833,Latin America & Caribbean,Upper middle income,True
684,Belize,BLZ,2025,46.472,Latin America & Caribbean,Upper middle income,True
685,Benin,BEN,1990,57.113,Sub-Saharan Africa,Lower middle income,True
686,Benin,BEN,1991,57.096,Sub-Saharan Africa,Lower middle income,True
687,Benin,BEN,1992,57.082,Sub-Saharan Africa,Lower middle income,True
688,Benin,BEN,1993,57.803,Sub-Saharan Africa,Lower middle income,True
689,Benin,BEN,1994,58.548,Sub-Saharan Africa,Lower middle income,True
690,Benin,BEN,1995,59.322,Sub-Saharan Africa,Lower middle income,True
691,Benin,BEN,1996,60.109,Sub-Saharan Africa,Lower middle income,True
692,Benin,BEN,1997,60.913,Sub-Saharan Africa,Lower middle income,True
693,Benin,BEN,1998,61.741,Sub-Saharan Africa,Lower middle income,True
694,Benin,BEN,1999,62.594,Sub-Saharan Africa,Lower middle income,True
695,Benin,BEN,2000,63.474,Sub-Saharan Africa,Lower middle income,True
696,Benin,BEN,2001,64.381,Sub-Saharan Africa,Lower middle income,True
697,Benin,BEN,2002,65.319,Sub-Saharan Africa,Lower middle income,True
698,Benin,BEN,2003,65.78,Sub-Saharan Africa,Lower middle income,True
699,Benin,BEN,2004,66.244,Sub-Saharan Africa,Lower middle income,True
700,Benin,BEN,2005,66.715,Sub-Saharan Africa,Lower middle income,True
701,Benin,BEN,2006,67.187,Sub-Saharan Africa,Lower middle income,True
702,Benin,BEN,2007,67.66,Sub-Saharan Africa,Lower middle income,True
703,Benin,BEN,2008,68.136,Sub-Saharan Africa,Lower middle income,True
704,Benin,BEN,2009,68.616,Sub-Saharan Africa,Lower middle income,True
705,Benin,BEN,2010,69.1,Sub-Saharan Africa,Lower middle income,True
706,Benin,BEN,2011,69.588,Sub-Saharan Africa,Lower middle income,True
707,Benin,BEN,2012,70.202,Sub-Saharan Africa,Lower middle income,True
708,Benin,BEN,2013,70.81,Sub-Saharan Africa,Lower middle income,True
709,Benin,BEN,2014,71.412,Sub-Saharan Africa,Lower middle income,True
710,Benin,BEN,2015,72.007,Sub-Saharan Africa,Lower middle income,True
711,Benin,BEN,2016,72.597,Sub-Saharan Africa,Lower middle income,True
712,Benin,BEN,2017,73.179,Sub-Saharan Africa,Lower middle income,True
713,Benin,BEN,2018,73.755,Sub-Saharan Africa,Lower middle income,True
714,Benin,BEN,2019,74.325,Sub-Saharan Africa,Lower middle income,True
715,Benin,BEN,2020,73.587,Sub-Saharan Africa,Lower middle income,True
716,Benin,BEN,2021,74.754,Sub-Saharan Africa,Lower middle income,True
717,Benin,BEN,2022,74.633,Sub-Saharan Africa,Lower middle income,True
718,Benin,BEN,2023,74.802,Sub-Saharan Africa,Lower middle income,True
719,Benin,BEN,2024,74.985,Sub-Saharan Africa,Lower middle income,True
720,Benin,BEN,2025,75.164,Sub-Saharan Africa,Lower middle income,True
721,Bhutan,BTN,1990,54.673,South Asia,Lower middle income,True
722,Bhutan,BTN,1991,54.863,South Asia,Lower middle income,True
723,Bhutan,BTN,1992,55.124,South Asia,Lower middle income,True
724,Bhutan,BTN,1993,55.461,South Asia,Lower middle income,True
725,Bhutan,BTN,1994,55.836,South Asia,Lower middle income,True
726,Bhutan,BTN,1995,56.274,South Asia,Lower middle income,True
727,Bhutan,BTN,1996,56.768,South Asia,Lower middle income,True
728,Bhutan,BTN,1997,57.31,South Asia,Lower middle income,True
729,Bhutan,BTN,1998,57.914,South Asia,Lower middle income,True
730,Bhutan,BTN,1999,58.576,South Asia,Lower middle income,True
731,Bhutan,BTN,2000,59.314,South Asia,Lower middle income,True
732,Bhutan,BTN,2001,60.142,South Asia,Lower middle income,True
733,Bhutan,BTN,2002,61.032,South Asia,Lower middle income,True
734,Bhutan,BTN,2003,61.96,South Asia,Lower middle income,True
735,Bhutan,BTN,2004,62.923,South Asia,Lower middle income,True
736,Bhutan,BTN,2005,63.749,South Asia,Lower middle income,True
737,Bhutan,BTN,2006,64.326,South Asia,Lower middle income,True
738,Bhutan,BTN,2007,64.807,South Asia,Lower middle income,True
739,Bhutan,BTN,2008,65.254,South Asia,Lower middle income,True
740,Bhutan,BTN,2009,65.615,South Asia,Lower middle income,True
741,Bhutan,BTN,2010,63.319,South Asia,Lower middle income,True
742,Bhutan,BTN,2011,62.328,South Asia,Lower middle income,True
743,Bhutan,BTN,2012,63.073,South Asia,Lower middle income,True
744,Bhutan,BTN,2013,58.19,South Asia,Lower middle income,True
745,Bhutan,BTN,2014,53.93,South Asia,Lower middle income,True
746,Bhutan,BTN,2015,54.976,South Asia,Lower middle income,True
747,Bhutan,BTN,2016,54.892,South Asia,Lower middle income,True
748,Bhutan,BTN,2017,54.815,South Asia,Lower middle income,True
749,Bhutan,BTN,2018,54.743,South Asia,Lower middle income,True
750,Bhutan,BTN,2019,60.631,South Asia,Lower middle income,True
751,Bhutan,BTN,2020,63.002,South Asia,Lower middle income,True
752,Bhutan,BTN,2021,64.902,South Asia,Lower middle income,True
753,Bhutan,BTN,2022,52.51,South Asia,Lower middle income,True
754,Bhutan,BTN,2023,56.618,South Asia,Lower middle income,True
755,Bhutan,BTN,2024,56.636,South Asia,Lower middle income,True
756,Bhutan,BTN,2025,56.7,South Asia,Lower middle income,True
757,Bolivia,BOL,1990,55.844,Latin America & Caribbean,Lower middle income,True
758,Bolivia,BOL,1991,56.347,Latin America & Caribbean,Lower middle income,True
759,Bolivia,BOL,1992,56.414,Latin America & Caribbean,Lower middle income,True
760,Bolivia,BOL,1993,56.939,Latin America & Caribbean,Lower middle income,True
761,Bolivia,BOL,1994,57.599,Latin America & Caribbean,Lower middle income,True
762,Bolivia,BOL,1995,58.237,Latin America & Caribbean,Lower middle income,True
763,Bolivia,BOL,1996,58.814,Latin America & Caribbean,Lower middle income,True
764,Bolivia,BOL,1997,59.45,Latin America & Caribbean,Lower middle income,True
765,Bolivia,BOL,1998,59.291,Latin America & Caribbean,Lower middle income,True
766,Bolivia,BOL,1999,59.135,Latin America & Caribbean,Lower middle income,True
767,Bolivia,BOL,2000,58.98,Latin America & Caribbean,Lower middle income,True
768,Bolivia,BOL,2001,58.83,Latin America & Caribbean,Lower middle income,True
769,Bolivia,BOL,2002,58.69,Latin America & Caribbean,Lower middle income,True
770,Bolivia,BOL,2003,58.561,Latin America & Caribbean,Lower middle income,True
771,Bolivia,BOL,2004,58.433,Latin America & Caribbean,Lower middle income,True
772,Bolivia,BOL,2005,58.305,Latin America & Caribbean,Lower middle income,True
773,Bolivia,BOL,2006,58.177,Latin America & Caribbean,Lower middle income,True
774,Bolivia,BOL,2007,58.05,Latin America & Caribbean,Lower middle income,True
775,Bolivia,BOL,2008,57.924,Latin America & Caribbean,Lower middle income,True
776,Bolivia,BOL,2009,57.798,Latin America & Caribbean,Lower middle income,True
777,Bolivia,BOL,2010,57.671,Latin America & Caribbean,Lower middle income,True
778,Bolivia,BOL,2011,57.545,Latin America & Caribbean,Lower middle income,True
779,Bolivia,BOL,2012,57.42,Latin America & Caribbean,Lower middle income,True
780,Bolivia,BOL,2013,57.294,Latin America & Caribbean,Lower middle income,True
781,Bolivia,BOL,2014,57.169,Latin America & Caribbean,Lower middle income,True
782,Bolivia,BOL,2015,57.044,Latin America & Caribbean,Lower middle income,True
783,Bolivia,BOL,2016,56.919,Latin America & Caribbean,Lower middle income,True
784,Bolivia,BOL,2017,59.112,Latin America & Caribbean,Lower middle income,True
785,Bolivia,BOL,2018,63.56,Latin America & Caribbean,Lower middle income,True
786,Bolivia,BOL,2019,66.243,Latin America & Caribbean,Lower middle income,True
787,Bolivia,BOL,2020,65.02,Latin America & Caribbean,Lower middle income,True
788,Bolivia,BOL,2021,71.057,Latin America & Caribbean,Lower middle income,True
789,Bolivia,BOL,2022,71.715,Latin America & Caribbean,Lower middle income,True
790,Bolivia,BOL,2023,72.455,Latin America & Caribbean,Lower middle income,True
791,Bolivia,BOL,2024,72.389,Latin America & Caribbean,Lower middle income,True
792,Bolivia,BOL,2025,72.868,Latin America & Caribbean,Lower middle income,True
793,Bosnia and Herzegovina,BIH,1990,41.671,Europe & Central Asia,Upper middle income,True
794,Bosnia and Herzegovina,BIH,1991,42.19,Europe & Central Asia,Upper middle income,True
795,Bosnia and Herzegovina,BIH,1992,42.511,Europe & Central Asia,Upper middle income,True
796,Bosnia and Herzegovina,BIH,1993,42.207,Europe & Central Asia,Upper middle income,True
797,Bosnia and Herzegovina,BIH,1994,42.027,Europe & Central Asia,Upper middle income,True
798,Bosnia and Herzegovina,BIH,1995,41.637,Europe & Central Asia,Upper middle income,True
799,Bosnia and Herzegovina,BIH,1996,41.446,Europe & Central Asia,Upper middle income,True
800,Bosnia and Herzegovina,BIH,1997,41.478,Europe & Central Asia,Upper middle income,True
801,Bosnia and Herzegovina,BIH,1998,41.339,Europe & Central Asia,Upper middle income,True
802,Bosnia and Herzegovina,BIH,1999,41.333,Europe & Central Asia,Upper middle income,True
803,Bosnia and Herzegovina,BIH,2000,41.249,Europe & Central Asia,Upper middle income,True
804,Bosnia and Herzegovina,BIH,2001,41.131,Europe & Central Asia,Upper middle income,True
805,Bosnia and Herzegovina,BIH,2002,41.141,Europe & Central Asia,Upper middle income,True
806,Bosnia and Herzegovina,BIH,2003,40.934,Europe & Central Asia,Upper middle income,True
807,Bosnia and Herzegovina,BIH,2004,40.792,Europe & Central Asia,Upper middle income,True
808,Bosnia and Herzegovina,BIH,2005,40.562,Europe & Central Asia,Upper middle income,True
809,Bosnia and Herzegovina,BIH,2006,40.519,Europe & Central Asia,Upper middle income,True
810,Bosnia and Herzegovina,BIH,2007,40.479,Europe & Central Asia,Upper middle income,True
811,Bosnia and Herzegovina,BIH,2008,40.457,Europe & Central Asia,Upper middle income,True
812,Bosnia and Herzegovina,BIH,2009,40.333,Europe & Central Asia,Upper middle income,True
813,Bosnia and Herzegovina,BIH,2010,40.214,Europe & Central Asia,Upper middle income,True
814,Bosnia and Herzegovina,BIH,2011,39.774,Europe & Central Asia,Upper middle income,True
815,Bosnia and Herzegovina,BIH,2012,39.563,Europe & Central Asia,Upper middle income,True
816,Bosnia and Herzegovina,BIH,2013,39.306,Europe & Central Asia,Upper middle income,True
817,Bosnia and Herzegovina,BIH,2014,38.994,Europe & Central Asia,Upper middle income,True
818,Bosnia and Herzegovina,BIH,2015,38.824,Europe & Central Asia,Upper middle income,True
819,Bosnia and Herzegovina,BIH,2016,38.632,Europe & Central Asia,Upper middle income,True
820,Bosnia and Herzegovina,BIH,2017,38.558,Europe & Central Asia,Upper middle income,True
821,Bosnia and Herzegovina,BIH,2018,38.384,Europe & Central Asia,Upper middle income,True
822,Bosnia and Herzegovina,BIH,2019,38.209,Europe & Central Asia,Upper middle income,True
823,Bosnia and Herzegovina,BIH,2020,37.115,Europe & Central Asia,Upper middle income,True
824,Bosnia and Herzegovina,BIH,2021,37.416,Europe & Central Asia,Upper middle income,True
825,Bosnia and Herzegovina,BIH,2022,38.537,Europe & Central Asia,Upper middle income,True
826,Bosnia and Herzegovina,BIH,2023,39.533,Europe & Central Asia,Upper middle income,True
827,Bosnia and Herzegovina,BIH,2024,39.399,Europe & Central Asia,Upper middle income,True
828,Bosnia and Herzegovina,BIH,2025,39.241,Europe & Central Asia,Upper middle income,True
829,Botswana,BWA,1990,48.669,Sub-Saharan Africa,Upper middle income,True
830,Botswana,BWA,1991,48.705,Sub-Saharan Africa,Upper middle income,True
831,Botswana,BWA,1992,48.752,Sub-Saharan Africa,Upper middle income,True
832,Botswana,BWA,1993,48.823,Sub-Saharan Africa,Upper middle income,True
833,Botswana,BWA,1994,48.888,Sub-Saharan Africa,Upper middle income,True
834,Botswana,BWA,1995,48.952,Sub-Saharan Africa,Upper middle income,True
835,Botswana,BWA,1996,49.006,Sub-Saharan Africa,Upper middle income,True
836,Botswana,BWA,1997,49.057,Sub-Saharan Africa,Upper middle income,True
837,Botswana,BWA,1998,49.101,Sub-Saharan Africa,Upper middle income,True
838,Botswana,BWA,1999,49.262,Sub-Saharan Africa,Upper middle income,True
839,Botswana,BWA,2000,49.511,Sub-Saharan Africa,Upper middle income,True
840,Botswana,BWA,2001,50.088,Sub-Saharan Africa,Upper middle income,True
841,Botswana,BWA,2002,50.663,Sub-Saharan Africa,Upper middle income,True
842,Botswana,BWA,2003,51.259,Sub-Saharan Africa,Upper middle income,True
843,Botswana,BWA,2004,51.905,Sub-Saharan Africa,Upper middle income,True
844,Botswana,BWA,2005,52.584,Sub-Saharan Africa,Upper middle income,True
845,Botswana,BWA,2006,53.282,Sub-Saharan Africa,Upper middle income,True
846,Botswana,BWA,2007,54.17,Sub-Saharan Africa,Upper middle income,True
847,Botswana,BWA,2008,55.073,Sub-Saharan Africa,Upper middle income,True
848,Botswana,BWA,2009,55.988,Sub-Saharan Africa,Upper middle income,True
849,Botswana,BWA,2010,53.337,Sub-Saharan Africa,Upper middle income,True
850,Botswana,BWA,2011,54.162,Sub-Saharan Africa,Upper middle income,True
851,Botswana,BWA,2012,54.887,Sub-Saharan Africa,Upper middle income,True
852,Botswana,BWA,2013,55.432,Sub-Saharan Africa,Upper middle income,True
853,Botswana,BWA,2014,55.889,Sub-Saharan Africa,Upper middle income,True
854,Botswana,BWA,2015,56.288,Sub-Saharan Africa,Upper middle income,True
855,Botswana,BWA,2016,56.68,Sub-Saharan Africa,Upper middle income,True
856,Botswana,BWA,2017,57.102,Sub-Saharan Africa,Upper middle income,True
857,Botswana,BWA,2018,57.556,Sub-Saharan Africa,Upper middle income,True
858,Botswana,BWA,2019,58.044,Sub-Saharan Africa,Upper middle income,True
859,Botswana,BWA,2020,56.142,Sub-Saharan Africa,Upper middle income,True
860,Botswana,BWA,2021,58.943,Sub-Saharan Africa,Upper middle income,True
861,Botswana,BWA,2022,59.93,Sub-Saharan Africa,Upper middle income,True
862,Botswana,BWA,2023,63.426,Sub-Saharan Africa,Upper middle income,True
863,Botswana,BWA,2024,63.45,Sub-Saharan Africa,Upper middle income,True
864,Botswana,BWA,2025,63.708,Sub-Saharan Africa,Upper middle income,True
865,Brazil,BRA,1990,44.405,Latin America & Caribbean,Upper middle income,True
866,Brazil,BRA,1991,44.487,Latin America & Caribbean,Upper middle income,True
867,Brazil,BRA,1992,45.604,Latin America & Caribbean,Upper middle income,True
868,Brazil,BRA,1993,46.718,Latin America & Caribbean,Upper middle income,True
869,Brazil,BRA,1994,47.821,Latin America & Caribbean,Upper middle income,True
870,Brazil,BRA,1995,48.916,Latin America & Caribbean,Upper middle income,True
871,Brazil,BRA,1996,47.676,Latin America & Caribbean,Upper middle income,True
872,Brazil,BRA,1997,48.677,Latin America & Caribbean,Upper middle income,True
873,Brazil,BRA,1998,49.48,Latin America & Caribbean,Upper middle income,True
874,Brazil,BRA,1999,50.801,Latin America & Caribbean,Upper middle income,True
875,Brazil,BRA,2000,51.851,Latin America & Caribbean,Upper middle income,True
876,Brazil,BRA,2001,52.957,Latin America & Caribbean,Upper middle income,True
877,Brazil,BRA,2002,54.57,Latin America & Caribbean,Upper middle income,True
878,Brazil,BRA,2003,54.776,Latin America & Caribbean,Upper middle income,True
879,Brazil,BRA,2004,55.642,Latin America & Caribbean,Upper middle income,True
880,Brazil,BRA,2005,56.859,Latin America & Caribbean,Upper middle income,True
881,Brazil,BRA,2006,56.546,Latin America & Caribbean,Upper middle income,True
882,Brazil,BRA,2007,56.286,Latin America & Caribbean,Upper middle income,True
883,Brazil,BRA,2008,56.039,Latin America & Caribbean,Upper middle income,True
884,Brazil,BRA,2009,56.567,Latin America & Caribbean,Upper middle income,True
885,Brazil,BRA,2010,55.049,Latin America & Caribbean,Upper middle income,True
886,Brazil,BRA,2011,53.517,Latin America & Caribbean,Upper middle income,True
887,Brazil,BRA,2012,52.873,Latin America & Caribbean,Upper middle income,True
888,Brazil,BRA,2013,52.826,Latin America & Caribbean,Upper middle income,True
889,Brazil,BRA,2014,52.714,Latin America & Caribbean,Upper middle income,True
890,Brazil,BRA,2015,53.323,Latin America & Caribbean,Upper middle income,True
891,Brazil,BRA,2016,53.522,Latin America & Caribbean,Upper middle income,True
892,Brazil,BRA,2017,54.353,Latin America & Caribbean,Upper middle income,True
893,Brazil,BRA,2018,54.581,Latin America & Caribbean,Upper middle income,True
894,Brazil,BRA,2019,55.306,Latin America & Caribbean,Upper middle income,True
895,Brazil,BRA,2020,50.338,Latin America & Caribbean,Upper middle income,True
896,Brazil,BRA,2021,52.482,Latin America & Caribbean,Upper middle income,True
897,Brazil,BRA,2022,53.864,Latin America & Caribbean,Upper middle income,True
898,Brazil,BRA,2023,53.205,Latin America & Caribbean,Upper middle income,True
899,Brazil,BRA,2024,53.576,Latin America & Caribbean,Upper middle income,True
900,Brazil,BRA,2025,53.411,Latin America & Caribbean,Upper middle income,True
901,Brunei Darussalam,BRN,1990,46.963,East Asia & Pacific,High income,True
902,Brunei Darussalam,BRN,1991,46.434,East Asia & Pacific,High income,True
903,Brunei Darussalam,BRN,1992,47.474,East Asia & Pacific,High income,True
904,Brunei Darussalam,BRN,1993,48.497,East Asia & Pacific,High income,True
905,Brunei Darussalam,BRN,1994,49.487,East Asia & Pacific,High income,True
906,Brunei Darussalam,BRN,1995,50.431,East Asia & Pacific,High income,True
907,Brunei Darussalam,BRN,1996,51.337,East Asia & Pacific,High income,True
908,Brunei Darussalam,BRN,1997,52.222,East Asia & Pacific,High income,True
909,Brunei Darussalam,BRN,1998,53.105,East Asia & Pacific,High income,True
910,Brunei Darussalam,BRN,1999,53.986,East Asia & Pacific,High income,True
911,Brunei Darussalam,BRN,2000,54.851,East Asia & Pacific,High income,True
912,Brunei Darussalam,BRN,2001,55.678,East Asia & Pacific,High income,True
913,Brunei Darussalam,BRN,2002,55.83,East Asia & Pacific,High income,True
914,Brunei Darussalam,BRN,2003,55.963,East Asia & Pacific,High income,True
915,Brunei Darussalam,BRN,2004,56.076,East Asia & Pacific,High income,True
916,Brunei Darussalam,BRN,2005,56.173,East Asia & Pacific,High income,True
917,Brunei Darussalam,BRN,2006,56.255,East Asia & Pacific,High income,True
918,Brunei Darussalam,BRN,2007,56.329,East Asia & Pacific,High income,True
919,Brunei Darussalam,BRN,2008,56.426,East Asia & Pacific,High income,True
920,Brunei Darussalam,BRN,2009,56.589,East Asia & Pacific,High income,True
921,Brunei Darussalam,BRN,2010,56.829,East Asia & Pacific,High income,True
922,Brunei Darussalam,BRN,2011,57.074,East Asia & Pacific,High income,True
923,Brunei Darussalam,BRN,2012,57.224,East Asia & Pacific,High income,True
924,Brunei Darussalam,BRN,2013,57.304,East Asia & Pacific,High income,True
925,Brunei Darussalam,BRN,2014,57.355,East Asia & Pacific,High income,True
926,Brunei Darussalam,BRN,2015,57.383,East Asia & Pacific,High income,True
927,Brunei Darussalam,BRN,2016,57.411,East Asia & Pacific,High income,True
928,Brunei Darussalam,BRN,2017,57.458,East Asia & Pacific,High income,True
929,Brunei Darussalam,BRN,2018,57.72,East Asia & Pacific,High income,True
930,Brunei Darussalam,BRN,2019,55.057,East Asia & Pacific,High income,True
931,Brunei Darussalam,BRN,2020,54.472,East Asia & Pacific,High income,True
932,Brunei Darussalam,BRN,2021,54.791,East Asia & Pacific,High income,True
933,Brunei Darussalam,BRN,2022,53.7,East Asia & Pacific,High income,True
934,Brunei Darussalam,BRN,2023,54.827,East Asia & Pacific,High income,True
935,Brunei Darussalam,BRN,2024,54.71,East Asia & Pacific,High income,True
936,Brunei Darussalam,BRN,2025,54.436,East Asia & Pacific,High income,True
937,Bulgaria,BGR,1990,44.911,Europe & Central Asia,High income,True
938,Bulgaria,BGR,1991,44.733,Europe & Central Asia,High income,True
939,Bulgaria,BGR,1992,44.605,Europe & Central Asia,High income,True
940,Bulgaria,BGR,1993,44.445,Europe & Central Asia,High income,True
941,Bulgaria,BGR,1994,44.338,Europe & Central Asia,High income,True
942,Bulgaria,BGR,1995,44.215,Europe & Central Asia,High income,True
943,Bulgaria,BGR,1996,44.032,Europe & Central Asia,High income,True
944,Bulgaria,BGR,1997,44.449,Europe & Central Asia,High income,True
945,Bulgaria,BGR,1998,44.243,Europe & Central Asia,High income,True
946,Bulgaria,BGR,1999,44.55,Europe & Central Asia,High income,True
947,Bulgaria,BGR,2000,44.321,Europe & Central Asia,High income,True
948,Bulgaria,BGR,2001,46.664,Europe & Central Asia,High income,True
949,Bulgaria,BGR,2002,46.197,Europe & Central Asia,High income,True
950,Bulgaria,BGR,2003,44.865,Europe & Central Asia,High income,True
951,Bulgaria,BGR,2004,45.711,Europe & Central Asia,High income,True
952,Bulgaria,BGR,2005,44.646,Europe & Central Asia,High income,True
953,Bulgaria,BGR,2006,46.742,Europe & Central Asia,High income,True
954,Bulgaria,BGR,2007,48.069,Europe & Central Asia,High income,True
955,Bulgaria,BGR,2008,48.92,Europe & Central Asia,High income,True
956,Bulgaria,BGR,2009,48.062,Europe & Central Asia,High income,True
957,Bulgaria,BGR,2010,47.819,Europe & Central Asia,High income,True
958,Bulgaria,BGR,2011,47.2,Europe & Central Asia,High income,True
959,Bulgaria,BGR,2012,47.958,Europe & Central Asia,High income,True
960,Bulgaria,BGR,2013,48.534,Europe & Central Asia,High income,True
961,Bulgaria,BGR,2014,48.389,Europe & Central Asia,High income,True
962,Bulgaria,BGR,2015,48.725,Europe & Central Asia,High income,True
963,Bulgaria,BGR,2016,47.437,Europe & Central Asia,High income,True
964,Bulgaria,BGR,2017,49.604,Europe & Central Asia,High income,True
965,Bulgaria,BGR,2018,49.175,Europe & Central Asia,High income,True
966,Bulgaria,BGR,2019,50.385,Europe & Central Asia,High income,True
967,Bulgaria,BGR,2020,49.517,Europe & Central Asia,High income,True
968,Bulgaria,BGR,2021,49.193,Europe & Central Asia,High income,True
969,Bulgaria,BGR,2022,50.802,Europe & Central Asia,High income,True
970,Bulgaria,BGR,2023,51.029,Europe & Central Asia,High income,True
971,Bulgaria,BGR,2024,50.487,Europe & Central Asia,High income,True
972,Bulgaria,BGR,2025,50.376,Europe & Central Asia,High income,True
973,Burkina Faso,BFA,1990,79.394,Sub-Saharan Africa,Low income,True
974,Burkina Faso,BFA,1991,79.367,Sub-Saharan Africa,Low income,True
975,Burkina Faso,BFA,1992,79.153,Sub-Saharan Africa,Low income,True
976,Burkina Faso,BFA,1993,78.935,Sub-Saharan Africa,Low income,True
977,Burkina Faso,BFA,1994,78.714,Sub-Saharan Africa,Low income,True
978,Burkina Faso,BFA,1995,78.489,Sub-Saharan Africa,Low income,True
979,Burkina Faso,BFA,1996,78.264,Sub-Saharan Africa,Low income,True
980,Burkina Faso,BFA,1997,78.036,Sub-Saharan Africa,Low income,True
981,Burkina Faso,BFA,1998,77.801,Sub-Saharan Africa,Low income,True
982,Burkina Faso,BFA,1999,77.559,Sub-Saharan Africa,Low income,True
983,Burkina Faso,BFA,2000,77.315,Sub-Saharan Africa,Low income,True
984,Burkina Faso,BFA,2001,77.068,Sub-Saharan Africa,Low income,True
985,Burkina Faso,BFA,2002,76.819,Sub-Saharan Africa,Low income,True
986,Burkina Faso,BFA,2003,76.568,Sub-Saharan Africa,Low income,True
987,Burkina Faso,BFA,2004,76.315,Sub-Saharan Africa,Low income,True
988,Burkina Faso,BFA,2005,76.062,Sub-Saharan Africa,Low income,True
989,Burkina Faso,BFA,2006,75.811,Sub-Saharan Africa,Low income,True
990,Burkina Faso,BFA,2007,75.561,Sub-Saharan Africa,Low income,True
991,Burkina Faso,BFA,2008,75.314,Sub-Saharan Africa,Low income,True
992,Burkina Faso,BFA,2009,75.067,Sub-Saharan Africa,Low income,True
993,Burkina Faso,BFA,2010,74.817,Sub-Saharan Africa,Low income,True
994,Burkina Faso,BFA,2011,74.565,Sub-Saharan Africa,Low income,True
995,Burkina Faso,BFA,2012,74.31,Sub-Saharan Africa,Low income,True
996,Burkina Faso,BFA,2013,74.052,Sub-Saharan Africa,Low income,True
997,Burkina Faso,BFA,2014,73.793,Sub-Saharan Africa,Low income,True
998,Burkina Faso,BFA,2015,73.531,Sub-Saharan Africa,Low income,True
999,Burkina Faso,BFA,2016,73.267,Sub-Saharan Africa,Low income,True
1000,Burkina Faso,BFA,2017,73.0,Sub-Saharan Africa,Low income,True
1001,Burkina Faso,BFA,2018,72.734,Sub-Saharan Africa,Low income,True
1002,Burkina Faso,BFA,2019,72.467,Sub-Saharan Africa,Low income,True
1003,Burkina Faso,BFA,2020,69.457,Sub-Saharan Africa,Low income,True
1004,Burkina Faso,BFA,2021,67.668,Sub-Saharan Africa,Low income,True
1005,Burkina Faso,BFA,2022,65.403,Sub-Saharan Africa,Low income,True
1006,Burkina Faso,BFA,2023,64.722,Sub-Saharan Africa,Low income,True
1007,Burkina Faso,BFA,2024,64.113,Sub-Saharan Africa,Low income,True
1008,Burkina Faso,BFA,2025,64.074,Sub-Saharan Africa,Low income,True
1009,Burundi,BDI,1990,90.451,Sub-Saharan Africa,Low income,True
1010,Burundi,BDI,1991,89.953,Sub-Saharan Africa,Low income,True
1011,Burundi,BDI,1992,89.435,Sub-Saharan Africa,Low income,True
1012,Burundi,BDI,1993,88.762,Sub-Saharan Africa,Low income,True
1013,Burundi,BDI,1994,88.078,Sub-Saharan Africa,Low income,True
1014,Burundi,BDI,1995,87.479,Sub-Saharan Africa,Low income,True
1015,Burundi,BDI,1996,86.708,Sub-Saharan Africa,Low income,True
1016,Burundi,BDI,1997,85.85,Sub-Saharan Africa,Low income,True
1017,Burundi,BDI,1998,84.972,Sub-Saharan Africa,Low income,True
1018,Burundi,BDI,1999,84.182,Sub-Saharan Africa,Low income,True
1019,Burundi,BDI,2000,83.348,Sub-Saharan Africa,Low income,True
1020,Burundi,BDI,2001,82.48,Sub-Saharan Africa,Low income,True
1021,Burundi,BDI,2002,81.561,Sub-Saharan Africa,Low income,True
1022,Burundi,BDI,2003,80.577,Sub-Saharan Africa,Low income,True
1023,Burundi,BDI,2004,79.526,Sub-Saharan Africa,Low income,True
1024,Burundi,BDI,2005,78.357,Sub-Saharan Africa,Low income,True
1025,Burundi,BDI,2006,77.057,Sub-Saharan Africa,Low income,True
1026,Burundi,BDI,2007,77.675,Sub-Saharan Africa,Low income,True
1027,Burundi,BDI,2008,78.219,Sub-Saharan Africa,Low income,True
1028,Burundi,BDI,2009,78.77,Sub-Saharan Africa,Low income,True
1029,Burundi,BDI,2010,79.267,Sub-Saharan Africa,Low income,True
1030,Burundi,BDI,2011,79.631,Sub-Saharan Africa,Low income,True
1031,Burundi,BDI,2012,79.95,Sub-Saharan Africa,Low income,True
1032,Burundi,BDI,2013,80.235,Sub-Saharan Africa,Low income,True
1033,Burundi,BDI,2014,80.46,Sub-Saharan Africa,Low income,True
1034,Burundi,BDI,2015,80.778,Sub-Saharan Africa,Low income,True
1035,Burundi,BDI,2016,81.001,Sub-Saharan Africa,Low income,True
1036,Burundi,BDI,2017,81.087,Sub-Saharan Africa,Low income,True
1037,Burundi,BDI,2018,81.073,Sub-Saharan Africa,Low income,True
1038,Burundi,BDI,2019,80.888,Sub-Saharan Africa,Low income,True
1039,Burundi,BDI,2020,78.558,Sub-Saharan Africa,Low income,True
1040,Burundi,BDI,2021,80.488,Sub-Saharan Africa,Low income,True
1041,Burundi,BDI,2022,80.249,Sub-Saharan Africa,Low income,True
1042,Burundi,BDI,2023,79.98,Sub-Saharan Africa,Low income,True
1043,Burundi,BDI,2024,79.728,Sub-Saharan Africa,Low income,True
1044,Burundi,BDI,2025,79.498,Sub-Saharan Africa,Low income,True
1045,Cabo Verde,CPV,1990,40.946,Sub-Saharan Africa,Upper middle income,True
1046,Cabo Verde,CPV,1991,41.196,Sub-Saharan Africa,Upper middle income,True
1047,Cabo Verde,CPV,1992,41.461,Sub-Saharan Africa,Upper middle income,True
1048,Cabo Verde,CPV,1993,41.741,Sub-Saharan Africa,Upper middle income,True
1049,Cabo Verde,CPV,1994,42.036,Sub-Saharan Africa,Upper middle income,True
1050,Cabo Verde,CPV,1995,42.347,Sub-Saharan Africa,Upper middle income,True
1051,Cabo Verde,CPV,1996,42.673,Sub-Saharan Africa,Upper middle income,True
1052,Cabo Verde,CPV,1997,43.017,Sub-Saharan Africa,Upper middle income,True
1053,Cabo Verde,CPV,1998,43.375,Sub-Saharan Africa,Upper middle income,True
1054,Cabo Verde,CPV,1999,43.749,Sub-Saharan Africa,Upper middle income,True
1055,Cabo Verde,CPV,2000,44.134,Sub-Saharan Africa,Upper middle income,True
1056,Cabo Verde,CPV,2001,44.524,Sub-Saharan Africa,Upper middle income,True
1057,Cabo Verde,CPV,2002,44.928,Sub-Saharan Africa,Upper middle income,True
1058,Cabo Verde,CPV,2003,45.352,Sub-Saharan Africa,Upper middle income,True
1059,Cabo Verde,CPV,2004,45.799,Sub-Saharan Africa,Upper middle income,True
1060,Cabo Verde,CPV,2005,46.269,Sub-Saharan Africa,Upper middle income,True
1061,Cabo Verde,CPV,2006,46.764,Sub-Saharan Africa,Upper middle income,True
1062,Cabo Verde,CPV,2007,47.285,Sub-Saharan Africa,Upper middle income,True
1063,Cabo Verde,CPV,2008,47.831,Sub-Saharan Africa,Upper middle income,True
1064,Cabo Verde,CPV,2009,48.403,Sub-Saharan Africa,Upper middle income,True
1065,Cabo Verde,CPV,2010,51.329,Sub-Saharan Africa,Upper middle income,True
1066,Cabo Verde,CPV,2011,51.431,Sub-Saharan Africa,Upper middle income,True
1067,Cabo Verde,CPV,2012,51.537,Sub-Saharan Africa,Upper middle income,True
1068,Cabo Verde,CPV,2013,51.641,Sub-Saharan Africa,Upper middle income,True
1069,Cabo Verde,CPV,2014,51.743,Sub-Saharan Africa,Upper middle income,True
1070,Cabo Verde,CPV,2015,51.843,Sub-Saharan Africa,Upper middle income,True
1071,Cabo Verde,CPV,2016,51.941,Sub-Saharan Africa,Upper middle income,True
1072,Cabo Verde,CPV,2017,52.038,Sub-Saharan Africa,Upper middle income,True
1073,Cabo Verde,CPV,2018,48.62,Sub-Saharan Africa,Upper middle income,True
1074,Cabo Verde,CPV,2019,50.407,Sub-Saharan Africa,Upper middle income,True
1075,Cabo Verde,CPV,2020,46.76,Sub-Saharan Africa,Upper middle income,True
1076,Cabo Verde,CPV,2021,47.643,Sub-Saharan Africa,Upper middle income,True
1077,Cabo Verde,CPV,2022,49.927,Sub-Saharan Africa,Upper middle income,True
1078,Cabo Verde,CPV,2023,50.216,Sub-Saharan Africa,Upper middle income,True
1079,Cabo Verde,CPV,2024,50.429,Sub-Saharan Africa,Upper middle income,True
1080,Cabo Verde,CPV,2025,50.47,Sub-Saharan Africa,Upper middle income,True
1081,Cambodia,KHM,1990,77.488,East Asia & Pacific,Lower middle income,True
1082,Cambodia,KHM,1991,77.389,East Asia & Pacific,Lower middle income,True
1083,Cambodia,KHM,1992,77.337,East Asia & Pacific,Lower middle income,True
1084,Cambodia,KHM,1993,77.377,East Asia & Pacific,Lower middle income,True
1085,Cambodia,KHM,1994,78.807,East Asia & Pacific,Lower middle income,True
1086,Cambodia,KHM,1995,78.774,East Asia & Pacific,Lower middle income,True
1087,Cambodia,KHM,1996,78.837,East Asia & Pacific,Lower middle income,True
1088,Cambodia,KHM,1997,78.936,East Asia & Pacific,Lower middle income,True
1089,Cambodia,KHM,1998,78.92,East Asia & Pacific,Lower middle income,True
1090,Cambodia,KHM,1999,78.595,East Asia & Pacific,Lower middle income,True
1091,Cambodia,KHM,2000,77.834,East Asia & Pacific,Lower middle income,True
1092,Cambodia,KHM,2001,77.074,East Asia & Pacific,Lower middle income,True
1093,Cambodia,KHM,2002,76.315,East Asia & Pacific,Lower middle income,True
1094,Cambodia,KHM,2003,75.559,East Asia & Pacific,Lower middle income,True
1095,Cambodia,KHM,2004,75.325,East Asia & Pacific,Lower middle income,True
1096,Cambodia,KHM,2005,75.101,East Asia & Pacific,Lower middle income,True
1097,Cambodia,KHM,2006,74.887,East Asia & Pacific,Lower middle income,True
1098,Cambodia,KHM,2007,74.683,East Asia & Pacific,Lower middle income,True
1099,Cambodia,KHM,2008,71.971,East Asia & Pacific,Lower middle income,True
1100,Cambodia,KHM,2009,77.375,East Asia & Pacific,Lower middle income,True
1101,Cambodia,KHM,2010,81.275,East Asia & Pacific,Lower middle income,True
1102,Cambodia,KHM,2011,81.841,East Asia & Pacific,Lower middle income,True
1103,Cambodia,KHM,2012,78.356,East Asia & Pacific,Lower middle income,True
1104,Cambodia,KHM,2013,74.402,East Asia & Pacific,Lower middle income,True
1105,Cambodia,KHM,2014,74.39,East Asia & Pacific,Lower middle income,True
1106,Cambodia,KHM,2015,73.417,East Asia & Pacific,Lower middle income,True
1107,Cambodia,KHM,2016,75.918,East Asia & Pacific,Lower middle income,True
1108,Cambodia,KHM,2017,76.417,East Asia & Pacific,Lower middle income,True
1109,Cambodia,KHM,2018,76.845,East Asia & Pacific,Lower middle income,True
1110,Cambodia,KHM,2019,77.289,East Asia & Pacific,Lower middle income,True
1111,Cambodia,KHM,2020,77.09,East Asia & Pacific,Lower middle income,True
1112,Cambodia,KHM,2021,73.711,East Asia & Pacific,Lower middle income,True
1113,Cambodia,KHM,2022,77.173,East Asia & Pacific,Lower middle income,True
1114,Cambodia,KHM,2023,77.22,East Asia & Pacific,Lower middle income,True
1115,Cambodia,KHM,2024,77.299,East Asia & Pacific,Lower middle income,True
1116,Cambodia,KHM,2025,77.351,East Asia & Pacific,Lower middle income,True
1117,Cameroon,CMR,1990,77.585,Sub-Saharan Africa,Lower middle income,True
1118,Cameroon,CMR,1991,77.579,Sub-Saharan Africa,Lower middle income,True
1119,Cameroon,CMR,1992,77.579,Sub-Saharan Africa,Lower middle income,True
1120,Cameroon,CMR,1993,77.589,Sub-Saharan Africa,Lower middle income,True
1121,Cameroon,CMR,1994,77.608,Sub-Saharan Africa,Lower middle income,True
1122,Cameroon,CMR,1995,77.636,Sub-Saharan Africa,Lower middle income,True
1123,Cameroon,CMR,1996,77.677,Sub-Saharan Africa,Lower middle income,True
1124,Cameroon,CMR,1997,77.729,Sub-Saharan Africa,Lower middle income,True
1125,Cameroon,CMR,1998,77.78,Sub-Saharan Africa,Lower middle income,True
1126,Cameroon,CMR,1999,77.821,Sub-Saharan Africa,Lower middle income,True
1127,Cameroon,CMR,2000,77.861,Sub-Saharan Africa,Lower middle income,True
1128,Cameroon,CMR,2001,77.905,Sub-Saharan Africa,Lower middle income,True
1129,Cameroon,CMR,2002,77.954,Sub-Saharan Africa,Lower middle income,True
1130,Cameroon,CMR,2003,77.998,Sub-Saharan Africa,Lower middle income,True
1131,Cameroon,CMR,2004,78.031,Sub-Saharan Africa,Lower middle income,True
1132,Cameroon,CMR,2005,78.055,Sub-Saharan Africa,Lower middle income,True
1133,Cameroon,CMR,2006,78.075,Sub-Saharan Africa,Lower middle income,True
1134,Cameroon,CMR,2007,78.096,Sub-Saharan Africa,Lower middle income,True
1135,Cameroon,CMR,2008,75.727,Sub-Saharan Africa,Lower middle income,True
1136,Cameroon,CMR,2009,73.187,Sub-Saharan Africa,Lower middle income,True
1137,Cameroon,CMR,2010,70.481,Sub-Saharan Africa,Lower middle income,True
1138,Cameroon,CMR,2011,69.623,Sub-Saharan Africa,Lower middle income,True
1139,Cameroon,CMR,2012,68.757,Sub-Saharan Africa,Lower middle income,True
1140,Cameroon,CMR,2013,67.885,Sub-Saharan Africa,Lower middle income,True
1141,Cameroon,CMR,2014,67.006,Sub-Saharan Africa,Lower middle income,True
1142,Cameroon,CMR,2015,65.628,Sub-Saharan Africa,Lower middle income,True
1143,Cameroon,CMR,2016,64.23,Sub-Saharan Africa,Lower middle income,True
1144,Cameroon,CMR,2017,62.821,Sub-Saharan Africa,Lower middle income,True
1145,Cameroon,CMR,2018,61.419,Sub-Saharan Africa,Lower middle income,True
1146,Cameroon,CMR,2019,60.035,Sub-Saharan Africa,Lower middle income,True
1147,Cameroon,CMR,2020,58.059,Sub-Saharan Africa,Lower middle income,True
1148,Cameroon,CMR,2021,57.093,Sub-Saharan Africa,Lower middle income,True
1149,Cameroon,CMR,2022,57.098,Sub-Saharan Africa,Lower middle income,True
1150,Cameroon,CMR,2023,57.095,Sub-Saharan Africa,Lower middle income,True
1151,Cameroon,CMR,2024,57.104,Sub-Saharan Africa,Lower middle income,True
1152,Cameroon,CMR,2025,56.595,Sub-Saharan Africa,Lower middle income,True
1153,Canada,CAN,1990,57.884,North America,High income,True
1154,Canada,CAN,1991,57.826,North America,High income,True
1155,Canada,CAN,1992,57.202,North America,High income,True
1156,Canada,CAN,1993,57.009,North America,High income,True
1157,Canada,CAN,1994,56.856,North America,High income,True
1158,Canada,CAN,1995,56.808,North America,High income,True
1159,Canada,CAN,1996,56.77,North America,High income,True
1160,Canada,CAN,1997,57.086,North America,High income,True
1161,Canada,CAN,1998,57.674,North America,High income,True
1162,Canada,CAN,1999,58.201,North America,High income,True
1163,Canada,CAN,2000,58.669,North America,High income,True
1164,Canada,CAN,2001,58.978,North America,High income,True
1165,Canada,CAN,2002,60.159,North America,High income,True
1166,Canada,CAN,2003,61.174,North America,High income,True
1167,Canada,CAN,2004,61.292,North America,High income,True
1168,Canada,CAN,2005,60.992,North America,High income,True
1169,Canada,CAN,2006,61.268,North America,High income,True
1170,Canada,CAN,2007,61.769,North America,High income,True
1171,Canada,CAN,2008,61.9,North America,High income,True
1172,Canada,CAN,2009,61.889,North America,High income,True
1173,Canada,CAN,2010,61.867,North America,High income,True
1174,Canada,CAN,2011,61.643,North America,High income,True
1175,Canada,CAN,2012,61.73,North America,High income,True
1176,Canada,CAN,2013,61.816,North America,High income,True
1177,Canada,CAN,2014,61.204,North America,High income,True
1178,Canada,CAN,2015,60.969,North America,High income,True
1179,Canada,CAN,2016,60.879,North America,High income,True
1180,Canada,CAN,2017,61.072,North America,High income,True
1181,Canada,CAN,2018,60.965,North America,High income,True
1182,Canada,CAN,2019,61.253,North America,High income,True
1183,Canada,CAN,2020,59.379,North America,High income,True
1184,Canada,CAN,2021,60.634,North America,High income,True
1185,Canada,CAN,2022,61.049,North America,High income,True
1186,Canada,CAN,2023,61.134,North America,High income,True
1187,Canada,CAN,2024,60.415,North America,High income,True
1188,Canada,CAN,2025,60.204,North America,High income,True
1189,Caribbean small states,CSS,1990,44.0357036202034,,,False
1190,Caribbean small states,CSS,1991,44.3894340256395,,,False
1191,Caribbean small states,CSS,1992,44.967403664583,,,False
1192,Caribbean small states,CSS,1993,45.2021011926578,,,False
1193,Caribbean small states,CSS,1994,45.5617529151578,,,False
1194,Caribbean small states,CSS,1995,46.0152722935393,,,False
1195,Caribbean small states,CSS,1996,46.8711301163079,,,False
1196,Caribbean small states,CSS,1997,46.876604195718,,,False
1197,Caribbean small states,CSS,1998,46.9339148004575,,,False
1198,Caribbean small states,CSS,1999,46.8654020067258,,,False
1199,Caribbean small states,CSS,2000,46.8748990344172,,,False
1200,Caribbean small states,CSS,2001,47.1126941437475,,,False
1201,Caribbean small states,CSS,2002,47.3739659471277,,,False
1202,Caribbean small states,CSS,2003,48.441597747887,,,False
1203,Caribbean small states,CSS,2004,49.5475309680575,,,False
1204,Caribbean small states,CSS,2005,50.5266119490094,,,False
1205,Caribbean small states,CSS,2006,50.9928789456386,,,False
1206,Caribbean small states,CSS,2007,50.7569425185884,,,False
1207,Caribbean small states,CSS,2008,51.3115940302207,,,False
1208,Caribbean small states,CSS,2009,51.0180414244333,,,False
1209,Caribbean small states,CSS,2010,51.0052847677153,,,False
1210,Caribbean small states,CSS,2011,50.8935663245026,,,False
1211,Caribbean small states,CSS,2012,51.8139763770593,,,False
1212,Caribbean small states,CSS,2013,52.1238179727615,,,False
1213,Caribbean small states,CSS,2014,52.5059116583464,,,False
1214,Caribbean small states,CSS,2015,52.1720265690208,,,False
1215,Caribbean small states,CSS,2016,52.5247938365044,,,False
1216,Caribbean small states,CSS,2017,52.5489161160958,,,False
1217,Caribbean small states,CSS,2018,53.0431264714438,,,False
1218,Caribbean small states,CSS,2019,52.7031573868595,,,False
1219,Caribbean small states,CSS,2020,48.7025489018963,,,False
1220,Caribbean small states,CSS,2021,49.7816508942659,,,False
1221,Caribbean small states,CSS,2022,51.431664446526,,,False
1222,Caribbean small states,CSS,2023,51.7796158767382,,,False
1223,Caribbean small states,CSS,2024,51.3615000710727,,,False
1224,Caribbean small states,CSS,2025,51.4154906017877,,,False
1225,Central African Republic,CAF,1990,65.971,Sub-Saharan Africa,Low income,True
1226,Central African Republic,CAF,1991,65.871,Sub-Saharan Africa,Low income,True
1227,Central African Republic,CAF,1992,65.801,Sub-Saharan Africa,Low income,True
1228,Central African Republic,CAF,1993,65.758,Sub-Saharan Africa,Low income,True
1229,Central African Republic,CAF,1994,65.736,Sub-Saharan Africa,Low income,True
1230,Central African Republic,CAF,1995,65.709,Sub-Saharan Africa,Low income,True
1231,Central African Republic,CAF,1996,65.689,Sub-Saharan Africa,Low income,True
1232,Central African Republic,CAF,1997,65.693,Sub-Saharan Africa,Low income,True
1233,Central African Republic,CAF,1998,65.709,Sub-Saharan Africa,Low income,True
1234,Central African Republic,CAF,1999,65.737,Sub-Saharan Africa,Low income,True
1235,Central African Republic,CAF,2000,65.774,Sub-Saharan Africa,Low income,True
1236,Central African Republic,CAF,2001,65.792,Sub-Saharan Africa,Low income,True
1237,Central African Republic,CAF,2002,65.822,Sub-Saharan Africa,Low income,True
1238,Central African Republic,CAF,2003,65.863,Sub-Saharan Africa,Low income,True
1239,Central African Republic,CAF,2004,65.881,Sub-Saharan Africa,Low income,True
1240,Central African Republic,CAF,2005,65.898,Sub-Saharan Africa,Low income,True
1241,Central African Republic,CAF,2006,65.883,Sub-Saharan Africa,Low income,True
1242,Central African Republic,CAF,2007,65.847,Sub-Saharan Africa,Low income,True
1243,Central African Republic,CAF,2008,65.824,Sub-Saharan Africa,Low income,True
1244,Central African Republic,CAF,2009,65.871,Sub-Saharan Africa,Low income,True
1245,Central African Republic,CAF,2010,65.914,Sub-Saharan Africa,Low income,True
1246,Central African Republic,CAF,2011,65.832,Sub-Saharan Africa,Low income,True
1247,Central African Republic,CAF,2012,65.693,Sub-Saharan Africa,Low income,True
1248,Central African Republic,CAF,2013,65.549,Sub-Saharan Africa,Low income,True
1249,Central African Republic,CAF,2014,65.391,Sub-Saharan Africa,Low income,True
1250,Central African Republic,CAF,2015,65.301,Sub-Saharan Africa,Low income,True
1251,Central African Republic,CAF,2016,65.301,Sub-Saharan Africa,Low income,True
1252,Central African Republic,CAF,2017,65.308,Sub-Saharan Africa,Low income,True
1253,Central African Republic,CAF,2018,65.313,Sub-Saharan Africa,Low income,True
1254,Central African Republic,CAF,2019,65.359,Sub-Saharan Africa,Low income,True
1255,Central African Republic,CAF,2020,64.776,Sub-Saharan Africa,Low income,True
1256,Central African Republic,CAF,2021,64.799,Sub-Saharan Africa,Low income,True
1257,Central African Republic,CAF,2022,65.525,Sub-Saharan Africa,Low income,True
1258,Central African Republic,CAF,2023,65.608,Sub-Saharan Africa,Low income,True
1259,Central African Republic,CAF,2024,65.544,Sub-Saharan Africa,Low income,True
1260,Central African Republic,CAF,2025,65.464,Sub-Saharan Africa,Low income,True
1261,Central Europe and the Baltics,CEB,1990,49.7794150267694,,,False
1262,Central Europe and the Baltics,CEB,1991,49.6930463749872,,,False
1263,Central Europe and the Baltics,CEB,1992,49.4921339575947,,,False
1264,Central Europe and the Baltics,CEB,1993,49.1310082974983,,,False
1265,Central Europe and the Baltics,CEB,1994,48.7773273899138,,,False
1266,Central Europe and the Baltics,CEB,1995,48.2878738039619,,,False
1267,Central Europe and the Baltics,CEB,1996,47.9894155625663,,,False
1268,Central Europe and the Baltics,CEB,1997,47.6874801219039,,,False
1269,Central Europe and the Baltics,CEB,1998,47.5737450554659,,,False
1270,Central Europe and the Baltics,CEB,1999,47.5484459549141,,,False
1271,Central Europe and the Baltics,CEB,2000,47.3261830445695,,,False
1272,Central Europe and the Baltics,CEB,2001,47.7897673296719,,,False
1273,Central Europe and the Baltics,CEB,2002,47.4128755551488,,,False
1274,Central Europe and the Baltics,CEB,2003,47.2528337103187,,,False
1275,Central Europe and the Baltics,CEB,2004,47.0853046487366,,,False
1276,Central Europe and the Baltics,CEB,2005,46.9349385698044,,,False
1277,Central Europe and the Baltics,CEB,2006,46.8672172327802,,,False
1278,Central Europe and the Baltics,CEB,2007,46.8542909880362,,,False
1279,Central Europe and the Baltics,CEB,2008,47.215927868191,,,False
1280,Central Europe and the Baltics,CEB,2009,46.6236440418309,,,False
1281,Central Europe and the Baltics,CEB,2010,47.6166043061157,,,False
1282,Central Europe and the Baltics,CEB,2011,47.5482078829092,,,False
1283,Central Europe and the Baltics,CEB,2012,47.9025923517534,,,False
1284,Central Europe and the Baltics,CEB,2013,47.9920727798298,,,False
1285,Central Europe and the Baltics,CEB,2014,48.4112566649286,,,False
1286,Central Europe and the Baltics,CEB,2015,48.7086259720424,,,False
1287,Central Europe and the Baltics,CEB,2016,48.771404289335,,,False
1288,Central Europe and the Baltics,CEB,2017,49.2838846147927,,,False
1289,Central Europe and the Baltics,CEB,2018,49.3521319289648,,,False
1290,Central Europe and the Baltics,CEB,2019,49.300550105945,,,False
1291,Central Europe and the Baltics,CEB,2020,48.9935911493099,,,False
1292,Central Europe and the Baltics,CEB,2021,49.8629579860181,,,False
1293,Central Europe and the Baltics,CEB,2022,50.6275960473224,,,False
1294,Central Europe and the Baltics,CEB,2023,50.8777791701492,,,False
1295,Central Europe and the Baltics,CEB,2024,50.7658634436614,,,False
1296,Central Europe and the Baltics,CEB,2025,50.552023131226,,,False
1297,Chad,TCD,1990,64.615,Sub-Saharan Africa,Low income,True
1298,Chad,TCD,1991,64.624,Sub-Saharan Africa,Low income,True
1299,Chad,TCD,1992,64.666,Sub-Saharan Africa,Low income,True
1300,Chad,TCD,1993,64.472,Sub-Saharan Africa,Low income,True
1301,Chad,TCD,1994,63.881,Sub-Saharan Africa,Low income,True
1302,Chad,TCD,1995,63.276,Sub-Saharan Africa,Low income,True
1303,Chad,TCD,1996,62.667,Sub-Saharan Africa,Low income,True
1304,Chad,TCD,1997,62.058,Sub-Saharan Africa,Low income,True
1305,Chad,TCD,1998,61.444,Sub-Saharan Africa,Low income,True
1306,Chad,TCD,1999,60.824,Sub-Saharan Africa,Low income,True
1307,Chad,TCD,2000,60.201,Sub-Saharan Africa,Low income,True
1308,Chad,TCD,2001,59.573,Sub-Saharan Africa,Low income,True
1309,Chad,TCD,2002,58.941,Sub-Saharan Africa,Low income,True
1310,Chad,TCD,2003,58.304,Sub-Saharan Africa,Low income,True
1311,Chad,TCD,2004,57.662,Sub-Saharan Africa,Low income,True
1312,Chad,TCD,2005,57.019,Sub-Saharan Africa,Low income,True
1313,Chad,TCD,2006,56.375,Sub-Saharan Africa,Low income,True
1314,Chad,TCD,2007,55.729,Sub-Saharan Africa,Low income,True
1315,Chad,TCD,2008,55.079,Sub-Saharan Africa,Low income,True
1316,Chad,TCD,2009,54.426,Sub-Saharan Africa,Low income,True
1317,Chad,TCD,2010,53.772,Sub-Saharan Africa,Low income,True
1318,Chad,TCD,2011,53.116,Sub-Saharan Africa,Low income,True
1319,Chad,TCD,2012,52.458,Sub-Saharan Africa,Low income,True
1320,Chad,TCD,2013,51.799,Sub-Saharan Africa,Low income,True
1321,Chad,TCD,2014,51.14,Sub-Saharan Africa,Low income,True
1322,Chad,TCD,2015,50.481,Sub-Saharan Africa,Low income,True
1323,Chad,TCD,2016,49.821,Sub-Saharan Africa,Low income,True
1324,Chad,TCD,2017,49.161,Sub-Saharan Africa,Low income,True
1325,Chad,TCD,2018,48.501,Sub-Saharan Africa,Low income,True
1326,Chad,TCD,2019,48.531,Sub-Saharan Africa,Low income,True
1327,Chad,TCD,2020,48.067,Sub-Saharan Africa,Low income,True
1328,Chad,TCD,2021,48.119,Sub-Saharan Africa,Low income,True
1329,Chad,TCD,2022,47.933,Sub-Saharan Africa,Low income,True
1330,Chad,TCD,2023,47.817,Sub-Saharan Africa,Low income,True
1331,Chad,TCD,2024,47.554,Sub-Saharan Africa,Low income,True
1332,Chad,TCD,2025,47.301,Sub-Saharan Africa,Low income,True
1333,Channel Islands,CHI,1990,45.343,Europe & Central Asia,High income,True
1334,Channel Islands,CHI,1991,45.553,Europe & Central Asia,High income,True
1335,Channel Islands,CHI,1992,45.804,Europe & Central Asia,High income,True
1336,Channel Islands,CHI,1993,45.602,Europe & Central Asia,High income,True
1337,Channel Islands,CHI,1994,45.623,Europe & Central Asia,High income,True
1338,Channel Islands,CHI,1995,46.079,Europe & Central Asia,High income,True
1339,Channel Islands,CHI,1996,46.858,Europe & Central Asia,High income,True
1340,Channel Islands,CHI,1997,47.366,Europe & Central Asia,High income,True
1341,Channel Islands,CHI,1998,47.791,Europe & Central Asia,High income,True
1342,Channel Islands,CHI,1999,48.754,Europe & Central Asia,High income,True
1343,Channel Islands,CHI,2000,49.345,Europe & Central Asia,High income,True
1344,Channel Islands,CHI,2001,49.633,Europe & Central Asia,High income,True
1345,Channel Islands,CHI,2002,50.236,Europe & Central Asia,High income,True
1346,Channel Islands,CHI,2003,50.559,Europe & Central Asia,High income,True
1347,Channel Islands,CHI,2004,50.691,Europe & Central Asia,High income,True
1348,Channel Islands,CHI,2005,51.137,Europe & Central Asia,High income,True
1349,Channel Islands,CHI,2006,51.326,Europe & Central Asia,High income,True
1350,Channel Islands,CHI,2007,51.595,Europe & Central Asia,High income,True
1351,Channel Islands,CHI,2008,51.712,Europe & Central Asia,High income,True
1352,Channel Islands,CHI,2009,51.838,Europe & Central Asia,High income,True
1353,Channel Islands,CHI,2010,52.783,Europe & Central Asia,High income,True
1354,Channel Islands,CHI,2011,51.719,Europe & Central Asia,High income,True
1355,Channel Islands,CHI,2012,51.902,Europe & Central Asia,High income,True
1356,Channel Islands,CHI,2013,52.312,Europe & Central Asia,High income,True
1357,Channel Islands,CHI,2014,51.111,Europe & Central Asia,High income,True
1358,Channel Islands,CHI,2015,51.239,Europe & Central Asia,High income,True
1359,Channel Islands,CHI,2016,51.517,Europe & Central Asia,High income,True
1360,Channel Islands,CHI,2017,51.412,Europe & Central Asia,High income,True
1361,Channel Islands,CHI,2018,51.305,Europe & Central Asia,High income,True
1362,Channel Islands,CHI,2019,51.31,Europe & Central Asia,High income,True
1363,Channel Islands,CHI,2020,50.528,Europe & Central Asia,High income,True
1364,Channel Islands,CHI,2021,50.885,Europe & Central Asia,High income,True
1365,Channel Islands,CHI,2022,50.891,Europe & Central Asia,High income,True
1366,Channel Islands,CHI,2023,50.001,Europe & Central Asia,High income,True
1367,Channel Islands,CHI,2024,49.628,Europe & Central Asia,High income,True
1368,Channel Islands,CHI,2025,49.249,Europe & Central Asia,High income,True
1369,Chile,CHL,1990,30.983,Latin America & Caribbean,High income,True
1370,Chile,CHL,1991,31.873,Latin America & Caribbean,High income,True
1371,Chile,CHL,1992,33.205,Latin America & Caribbean,High income,True
1372,Chile,CHL,1993,34.088,Latin America & Caribbean,High income,True
1373,Chile,CHL,1994,34.784,Latin America & Caribbean,High income,True
1374,Chile,CHL,1995,35.896,Latin America & Caribbean,High income,True
1375,Chile,CHL,1996,36.756,Latin America & Caribbean,High income,True
1376,Chile,CHL,1997,37.492,Latin America & Caribbean,High income,True
1377,Chile,CHL,1998,37.854,Latin America & Caribbean,High income,True
1378,Chile,CHL,1999,38.096,Latin America & Caribbean,High income,True
1379,Chile,CHL,2000,37.7,Latin America & Caribbean,High income,True
1380,Chile,CHL,2001,36.726,Latin America & Caribbean,High income,True
1381,Chile,CHL,2002,36.448,Latin America & Caribbean,High income,True
1382,Chile,CHL,2003,37.8,Latin America & Caribbean,High income,True
1383,Chile,CHL,2004,39.211,Latin America & Caribbean,High income,True
1384,Chile,CHL,2005,40.131,Latin America & Caribbean,High income,True
1385,Chile,CHL,2006,41.288,Latin America & Caribbean,High income,True
1386,Chile,CHL,2007,42.235,Latin America & Caribbean,High income,True
1387,Chile,CHL,2008,44.182,Latin America & Caribbean,High income,True
1388,Chile,CHL,2009,44.615,Latin America & Caribbean,High income,True
1389,Chile,CHL,2010,46.856,Latin America & Caribbean,High income,True
1390,Chile,CHL,2011,48.913,Latin America & Caribbean,High income,True
1391,Chile,CHL,2012,49.179,Latin America & Caribbean,High income,True
1392,Chile,CHL,2013,49.656,Latin America & Caribbean,High income,True
1393,Chile,CHL,2014,50.288,Latin America & Caribbean,High income,True
1394,Chile,CHL,2015,50.352,Latin America & Caribbean,High income,True
1395,Chile,CHL,2016,50.756,Latin America & Caribbean,High income,True
1396,Chile,CHL,2017,51.739,Latin America & Caribbean,High income,True
1397,Chile,CHL,2018,52.416,Latin America & Caribbean,High income,True
1398,Chile,CHL,2019,52.651,Latin America & Caribbean,High income,True
1399,Chile,CHL,2020,45.442,Latin America & Caribbean,High income,True
1400,Chile,CHL,2021,46.579,Latin America & Caribbean,High income,True
1401,Chile,CHL,2022,50.025,Latin America & Caribbean,High income,True
1402,Chile,CHL,2023,51.963,Latin America & Caribbean,High income,True
1403,Chile,CHL,2024,52.784,Latin America & Caribbean,High income,True
1404,Chile,CHL,2025,52.887,Latin America & Caribbean,High income,True
1405,China,CHN,1990,73.09,East Asia & Pacific,Upper middle income,True
1406,China,CHN,1991,72.595,East Asia & Pacific,Upper middle income,True
1407,China,CHN,1992,72.095,East Asia & Pacific,Upper middle income,True
1408,China,CHN,1993,71.589,East Asia & Pacific,Upper middle income,True
1409,China,CHN,1994,71.079,East Asia & Pacific,Upper middle income,True
1410,China,CHN,1995,70.564,East Asia & Pacific,Upper middle income,True
1411,China,CHN,1996,70.044,East Asia & Pacific,Upper middle income,True
1412,China,CHN,1997,69.518,East Asia & Pacific,Upper middle income,True
1413,China,CHN,1998,68.988,East Asia & Pacific,Upper middle income,True
1414,China,CHN,1999,68.453,East Asia & Pacific,Upper middle income,True
1415,China,CHN,2000,67.913,East Asia & Pacific,Upper middle income,True
1416,China,CHN,2001,67.502,East Asia & Pacific,Upper middle income,True
1417,China,CHN,2002,67.088,East Asia & Pacific,Upper middle income,True
1418,China,CHN,2003,66.67,East Asia & Pacific,Upper middle income,True
1419,China,CHN,2004,66.25,East Asia & Pacific,Upper middle income,True
1420,China,CHN,2005,65.826,East Asia & Pacific,Upper middle income,True
1421,China,CHN,2006,65.4,East Asia & Pacific,Upper middle income,True
1422,China,CHN,2007,64.972,East Asia & Pacific,Upper middle income,True
1423,China,CHN,2008,64.541,East Asia & Pacific,Upper middle income,True
1424,China,CHN,2009,64.108,East Asia & Pacific,Upper middle income,True
1425,China,CHN,2010,63.672,East Asia & Pacific,Upper middle income,True
1426,China,CHN,2011,63.662,East Asia & Pacific,Upper middle income,True
1427,China,CHN,2012,63.333,East Asia & Pacific,Upper middle income,True
1428,China,CHN,2013,63.023,East Asia & Pacific,Upper middle income,True
1429,China,CHN,2014,62.826,East Asia & Pacific,Upper middle income,True
1430,China,CHN,2015,62.605,East Asia & Pacific,Upper middle income,True
1431,China,CHN,2016,62.326,East Asia & Pacific,Upper middle income,True
1432,China,CHN,2017,61.957,East Asia & Pacific,Upper middle income,True
1433,China,CHN,2018,61.585,East Asia & Pacific,Upper middle income,True
1434,China,CHN,2019,61.305,East Asia & Pacific,Upper middle income,True
1435,China,CHN,2020,59.711,East Asia & Pacific,Upper middle income,True
1436,China,CHN,2021,61.182,East Asia & Pacific,Upper middle income,True
1437,China,CHN,2022,60.097,East Asia & Pacific,Upper middle income,True
1438,China,CHN,2023,60.216,East Asia & Pacific,Upper middle income,True
1439,China,CHN,2024,59.448,East Asia & Pacific,Upper middle income,True
1440,China,CHN,2025,59.148,East Asia & Pacific,Upper middle income,True
1441,Colombia,COL,1990,53.361,Latin America & Caribbean,Upper middle income,True
1442,Colombia,COL,1991,53.067,Latin America & Caribbean,Upper middle income,True
1443,Colombia,COL,1992,53.091,Latin America & Caribbean,Upper middle income,True
1444,Colombia,COL,1993,53.321,Latin America & Caribbean,Upper middle income,True
1445,Colombia,COL,1994,53.647,Latin America & Caribbean,Upper middle income,True
1446,Colombia,COL,1995,53.957,Latin America & Caribbean,Upper middle income,True
1447,Colombia,COL,1996,53.923,Latin America & Caribbean,Upper middle income,True
1448,Colombia,COL,1997,54.144,Latin America & Caribbean,Upper middle income,True
1449,Colombia,COL,1998,54.012,Latin America & Caribbean,Upper middle income,True
1450,Colombia,COL,1999,53.21,Latin America & Caribbean,Upper middle income,True
1451,Colombia,COL,2000,53.39,Latin America & Caribbean,Upper middle income,True
1452,Colombia,COL,2001,53.393,Latin America & Caribbean,Upper middle income,True
1453,Colombia,COL,2002,52.356,Latin America & Caribbean,Upper middle income,True
1454,Colombia,COL,2003,53.712,Latin America & Caribbean,Upper middle income,True
1455,Colombia,COL,2004,52.953,Latin America & Caribbean,Upper middle income,True
1456,Colombia,COL,2005,51.148,Latin America & Caribbean,Upper middle income,True
1457,Colombia,COL,2006,50.562,Latin America & Caribbean,Upper middle income,True
1458,Colombia,COL,2007,49.981,Latin America & Caribbean,Upper middle income,True
1459,Colombia,COL,2008,50.37,Latin America & Caribbean,Upper middle income,True
1460,Colombia,COL,2009,53.922,Latin America & Caribbean,Upper middle income,True
1461,Colombia,COL,2010,54.415,Latin America & Caribbean,Upper middle income,True
1462,Colombia,COL,2011,54.946,Latin America & Caribbean,Upper middle income,True
1463,Colombia,COL,2012,56.011,Latin America & Caribbean,Upper middle income,True
1464,Colombia,COL,2013,55.303,Latin America & Caribbean,Upper middle income,True
1465,Colombia,COL,2014,55.002,Latin America & Caribbean,Upper middle income,True
1466,Colombia,COL,2015,55.255,Latin America & Caribbean,Upper middle income,True
1467,Colombia,COL,2016,54.719,Latin America & Caribbean,Upper middle income,True
1468,Colombia,COL,2017,54.343,Latin America & Caribbean,Upper middle income,True
1469,Colombia,COL,2018,53.244,Latin America & Caribbean,Upper middle income,True
1470,Colombia,COL,2019,52.398,Latin America & Caribbean,Upper middle income,True
1471,Colombia,COL,2020,51.108,Latin America & Caribbean,Upper middle income,True
1472,Colombia,COL,2021,51.679,Latin America & Caribbean,Upper middle income,True
1473,Colombia,COL,2022,50.922,Latin America & Caribbean,Upper middle income,True
1474,Colombia,COL,2023,51.833,Latin America & Caribbean,Upper middle income,True
1475,Colombia,COL,2024,51.719,Latin America & Caribbean,Upper middle income,True
1476,Colombia,COL,2025,51.624,Latin America & Caribbean,Upper middle income,True
1477,Comoros,COM,1990,32.156,Sub-Saharan Africa,Lower middle income,True
1478,Comoros,COM,1991,32.184,Sub-Saharan Africa,Lower middle income,True
1479,Comoros,COM,1992,32.147,Sub-Saharan Africa,Lower middle income,True
1480,Comoros,COM,1993,32.052,Sub-Saharan Africa,Lower middle income,True
1481,Comoros,COM,1994,31.988,Sub-Saharan Africa,Lower middle income,True
1482,Comoros,COM,1995,31.954,Sub-Saharan Africa,Lower middle income,True
1483,Comoros,COM,1996,31.947,Sub-Saharan Africa,Lower middle income,True
1484,Comoros,COM,1997,31.972,Sub-Saharan Africa,Lower middle income,True
1485,Comoros,COM,1998,32.033,Sub-Saharan Africa,Lower middle income,True
1486,Comoros,COM,1999,32.132,Sub-Saharan Africa,Lower middle income,True
1487,Comoros,COM,2000,32.238,Sub-Saharan Africa,Lower middle income,True
1488,Comoros,COM,2001,32.315,Sub-Saharan Africa,Lower middle income,True
1489,Comoros,COM,2002,32.373,Sub-Saharan Africa,Lower middle income,True
1490,Comoros,COM,2003,32.457,Sub-Saharan Africa,Lower middle income,True
1491,Comoros,COM,2004,32.62,Sub-Saharan Africa,Lower middle income,True
1492,Comoros,COM,2005,32.629,Sub-Saharan Africa,Lower middle income,True
1493,Comoros,COM,2006,32.635,Sub-Saharan Africa,Lower middle income,True
1494,Comoros,COM,2007,32.64,Sub-Saharan Africa,Lower middle income,True
1495,Comoros,COM,2008,32.646,Sub-Saharan Africa,Lower middle income,True
1496,Comoros,COM,2009,32.654,Sub-Saharan Africa,Lower middle income,True
1497,Comoros,COM,2010,32.665,Sub-Saharan Africa,Lower middle income,True
1498,Comoros,COM,2011,32.678,Sub-Saharan Africa,Lower middle income,True
1499,Comoros,COM,2012,32.694,Sub-Saharan Africa,Lower middle income,True
1500,Comoros,COM,2013,32.711,Sub-Saharan Africa,Lower middle income,True
1501,Comoros,COM,2014,32.729,Sub-Saharan Africa,Lower middle income,True
1502,Comoros,COM,2015,34.778,Sub-Saharan Africa,Lower middle income,True
1503,Comoros,COM,2016,36.845,Sub-Saharan Africa,Lower middle income,True
1504,Comoros,COM,2017,38.973,Sub-Saharan Africa,Lower middle income,True
1505,Comoros,COM,2018,41.147,Sub-Saharan Africa,Lower middle income,True
1506,Comoros,COM,2019,43.318,Sub-Saharan Africa,Lower middle income,True
1507,Comoros,COM,2020,44.892,Sub-Saharan Africa,Lower middle income,True
1508,Comoros,COM,2021,47.073,Sub-Saharan Africa,Lower middle income,True
1509,Comoros,COM,2022,47.033,Sub-Saharan Africa,Lower middle income,True
1510,Comoros,COM,2023,47.058,Sub-Saharan Africa,Lower middle income,True
1511,Comoros,COM,2024,47.126,Sub-Saharan Africa,Lower middle income,True
1512,Comoros,COM,2025,47.649,Sub-Saharan Africa,Lower middle income,True
1513,"Congo, Dem. Rep.",COD,1990,71.837,Sub-Saharan Africa,Low income,True
1514,"Congo, Dem. Rep.",COD,1991,71.818,Sub-Saharan Africa,Low income,True
1515,"Congo, Dem. Rep.",COD,1992,71.799,Sub-Saharan Africa,Low income,True
1516,"Congo, Dem. Rep.",COD,1993,71.795,Sub-Saharan Africa,Low income,True
1517,"Congo, Dem. Rep.",COD,1994,71.934,Sub-Saharan Africa,Low income,True
1518,"Congo, Dem. Rep.",COD,1995,71.971,Sub-Saharan Africa,Low income,True
1519,"Congo, Dem. Rep.",COD,1996,71.71,Sub-Saharan Africa,Low income,True
1520,"Congo, Dem. Rep.",COD,1997,71.447,Sub-Saharan Africa,Low income,True
1521,"Congo, Dem. Rep.",COD,1998,71.361,Sub-Saharan Africa,Low income,True
1522,"Congo, Dem. Rep.",COD,1999,71.368,Sub-Saharan Africa,Low income,True
1523,"Congo, Dem. Rep.",COD,2000,71.353,Sub-Saharan Africa,Low income,True
1524,"Congo, Dem. Rep.",COD,2001,71.34,Sub-Saharan Africa,Low income,True
1525,"Congo, Dem. Rep.",COD,2002,71.323,Sub-Saharan Africa,Low income,True
1526,"Congo, Dem. Rep.",COD,2003,71.297,Sub-Saharan Africa,Low income,True
1527,"Congo, Dem. Rep.",COD,2004,71.279,Sub-Saharan Africa,Low income,True
1528,"Congo, Dem. Rep.",COD,2005,71.275,Sub-Saharan Africa,Low income,True
1529,"Congo, Dem. Rep.",COD,2006,70.091,Sub-Saharan Africa,Low income,True
1530,"Congo, Dem. Rep.",COD,2007,68.88,Sub-Saharan Africa,Low income,True
1531,"Congo, Dem. Rep.",COD,2008,67.643,Sub-Saharan Africa,Low income,True
1532,"Congo, Dem. Rep.",COD,2009,66.381,Sub-Saharan Africa,Low income,True
1533,"Congo, Dem. Rep.",COD,2010,65.096,Sub-Saharan Africa,Low income,True
1534,"Congo, Dem. Rep.",COD,2011,63.787,Sub-Saharan Africa,Low income,True
1535,"Congo, Dem. Rep.",COD,2012,62.458,Sub-Saharan Africa,Low income,True
1536,"Congo, Dem. Rep.",COD,2013,62.255,Sub-Saharan Africa,Low income,True
1537,"Congo, Dem. Rep.",COD,2014,62.049,Sub-Saharan Africa,Low income,True
1538,"Congo, Dem. Rep.",COD,2015,61.84,Sub-Saharan Africa,Low income,True
1539,"Congo, Dem. Rep.",COD,2016,61.662,Sub-Saharan Africa,Low income,True
1540,"Congo, Dem. Rep.",COD,2017,61.492,Sub-Saharan Africa,Low income,True
1541,"Congo, Dem. Rep.",COD,2018,61.275,Sub-Saharan Africa,Low income,True
1542,"Congo, Dem. Rep.",COD,2019,61.038,Sub-Saharan Africa,Low income,True
1543,"Congo, Dem. Rep.",COD,2020,60.259,Sub-Saharan Africa,Low income,True
1544,"Congo, Dem. Rep.",COD,2021,60.48,Sub-Saharan Africa,Low income,True
1545,"Congo, Dem. Rep.",COD,2022,61.434,Sub-Saharan Africa,Low income,True
1546,"Congo, Dem. Rep.",COD,2023,61.719,Sub-Saharan Africa,Low income,True
1547,"Congo, Dem. Rep.",COD,2024,61.886,Sub-Saharan Africa,Low income,True
1548,"Congo, Dem. Rep.",COD,2025,61.848,Sub-Saharan Africa,Low income,True
1549,"Congo, Rep.",COG,1990,65.762,Sub-Saharan Africa,Lower middle income,True
1550,"Congo, Rep.",COG,1991,65.82,Sub-Saharan Africa,Lower middle income,True
1551,"Congo, Rep.",COG,1992,65.878,Sub-Saharan Africa,Lower middle income,True
1552,"Congo, Rep.",COG,1993,65.947,Sub-Saharan Africa,Lower middle income,True
1553,"Congo, Rep.",COG,1994,66.005,Sub-Saharan Africa,Lower middle income,True
1554,"Congo, Rep.",COG,1995,66.042,Sub-Saharan Africa,Lower middle income,True
1555,"Congo, Rep.",COG,1996,66.079,Sub-Saharan Africa,Lower middle income,True
1556,"Congo, Rep.",COG,1997,66.053,Sub-Saharan Africa,Lower middle income,True
1557,"Congo, Rep.",COG,1998,66.045,Sub-Saharan Africa,Lower middle income,True
1558,"Congo, Rep.",COG,1999,66.118,Sub-Saharan Africa,Lower middle income,True
1559,"Congo, Rep.",COG,2000,66.338,Sub-Saharan Africa,Lower middle income,True
1560,"Congo, Rep.",COG,2001,66.536,Sub-Saharan Africa,Lower middle income,True
1561,"Congo, Rep.",COG,2002,66.545,Sub-Saharan Africa,Lower middle income,True
1562,"Congo, Rep.",COG,2003,66.596,Sub-Saharan Africa,Lower middle income,True
1563,"Congo, Rep.",COG,2004,66.706,Sub-Saharan Africa,Lower middle income,True
1564,"Congo, Rep.",COG,2005,66.817,Sub-Saharan Africa,Lower middle income,True
1565,"Congo, Rep.",COG,2006,66.924,Sub-Saharan Africa,Lower middle income,True
1566,"Congo, Rep.",COG,2007,66.999,Sub-Saharan Africa,Lower middle income,True
1567,"Congo, Rep.",COG,2008,67.001,Sub-Saharan Africa,Lower middle income,True
1568,"Congo, Rep.",COG,2009,67.055,Sub-Saharan Africa,Lower middle income,True
1569,"Congo, Rep.",COG,2010,67.094,Sub-Saharan Africa,Lower middle income,True
1570,"Congo, Rep.",COG,2011,67.011,Sub-Saharan Africa,Lower middle income,True
1571,"Congo, Rep.",COG,2012,66.888,Sub-Saharan Africa,Lower middle income,True
1572,"Congo, Rep.",COG,2013,66.742,Sub-Saharan Africa,Lower middle income,True
1573,"Congo, Rep.",COG,2014,66.62,Sub-Saharan Africa,Lower middle income,True
1574,"Congo, Rep.",COG,2015,66.526,Sub-Saharan Africa,Lower middle income,True
1575,"Congo, Rep.",COG,2016,66.471,Sub-Saharan Africa,Lower middle income,True
1576,"Congo, Rep.",COG,2017,66.458,Sub-Saharan Africa,Lower middle income,True
1577,"Congo, Rep.",COG,2018,66.472,Sub-Saharan Africa,Lower middle income,True
1578,"Congo, Rep.",COG,2019,66.513,Sub-Saharan Africa,Lower middle income,True
1579,"Congo, Rep.",COG,2020,63.276,Sub-Saharan Africa,Lower middle income,True
1580,"Congo, Rep.",COG,2021,64.018,Sub-Saharan Africa,Lower middle income,True
1581,"Congo, Rep.",COG,2022,65.72,Sub-Saharan Africa,Lower middle income,True
1582,"Congo, Rep.",COG,2023,65.642,Sub-Saharan Africa,Lower middle income,True
1583,"Congo, Rep.",COG,2024,65.604,Sub-Saharan Africa,Lower middle income,True
1584,"Congo, Rep.",COG,2025,65.576,Sub-Saharan Africa,Lower middle income,True
1585,Costa Rica,CRI,1990,32.866,Latin America & Caribbean,High income,True
1586,Costa Rica,CRI,1991,33.325,Latin America & Caribbean,High income,True
1587,Costa Rica,CRI,1992,32.6,Latin America & Caribbean,High income,True
1588,Costa Rica,CRI,1993,33.52,Latin America & Caribbean,High income,True
1589,Costa Rica,CRI,1994,34.664,Latin America & Caribbean,High income,True
1590,Costa Rica,CRI,1995,35.575,Latin America & Caribbean,High income,True
1591,Costa Rica,CRI,1996,34.067,Latin America & Caribbean,High income,True
1592,Costa Rica,CRI,1997,37.121,Latin America & Caribbean,High income,True
1593,Costa Rica,CRI,1998,39.443,Latin America & Caribbean,High income,True
1594,Costa Rica,CRI,1999,39.936,Latin America & Caribbean,High income,True
1595,Costa Rica,CRI,2000,38.642,Latin America & Caribbean,High income,True
1596,Costa Rica,CRI,2001,41.564,Latin America & Caribbean,High income,True
1597,Costa Rica,CRI,2002,41.143,Latin America & Caribbean,High income,True
1598,Costa Rica,CRI,2003,41.454,Latin America & Caribbean,High income,True
1599,Costa Rica,CRI,2004,39.832,Latin America & Caribbean,High income,True
1600,Costa Rica,CRI,2005,43.679,Latin America & Caribbean,High income,True
1601,Costa Rica,CRI,2006,43.309,Latin America & Caribbean,High income,True
1602,Costa Rica,CRI,2007,44.3,Latin America & Caribbean,High income,True
1603,Costa Rica,CRI,2008,44.444,Latin America & Caribbean,High income,True
1604,Costa Rica,CRI,2009,44.827,Latin America & Caribbean,High income,True
1605,Costa Rica,CRI,2010,44.113,Latin America & Caribbean,High income,True
1606,Costa Rica,CRI,2011,46.479,Latin America & Caribbean,High income,True
1607,Costa Rica,CRI,2012,51.437,Latin America & Caribbean,High income,True
1608,Costa Rica,CRI,2013,51.249,Latin America & Caribbean,High income,True
1609,Costa Rica,CRI,2014,51.34,Latin America & Caribbean,High income,True
1610,Costa Rica,CRI,2015,50.06,Latin America & Caribbean,High income,True
1611,Costa Rica,CRI,2016,46.018,Latin America & Caribbean,High income,True
1612,Costa Rica,CRI,2017,45.905,Latin America & Caribbean,High income,True
1613,Costa Rica,CRI,2018,48.659,Latin America & Caribbean,High income,True
1614,Costa Rica,CRI,2019,52.726,Latin America & Caribbean,High income,True
1615,Costa Rica,CRI,2020,48.644,Latin America & Caribbean,High income,True
1616,Costa Rica,CRI,2021,50.251,Latin America & Caribbean,High income,True
1617,Costa Rica,CRI,2022,50.283,Latin America & Caribbean,High income,True
1618,Costa Rica,CRI,2023,44.088,Latin America & Caribbean,High income,True
1619,Costa Rica,CRI,2024,45.982,Latin America & Caribbean,High income,True
1620,Costa Rica,CRI,2025,46.017,Latin America & Caribbean,High income,True
1621,Cote d'Ivoire,CIV,1990,47.767,Sub-Saharan Africa,Lower middle income,True
1622,Cote d'Ivoire,CIV,1991,47.844,Sub-Saharan Africa,Lower middle income,True
1623,Cote d'Ivoire,CIV,1992,47.926,Sub-Saharan Africa,Lower middle income,True
1624,Cote d'Ivoire,CIV,1993,48.007,Sub-Saharan Africa,Lower middle income,True
1625,Cote d'Ivoire,CIV,1994,48.087,Sub-Saharan Africa,Lower middle income,True
1626,Cote d'Ivoire,CIV,1995,48.167,Sub-Saharan Africa,Lower middle income,True
1627,Cote d'Ivoire,CIV,1996,48.241,Sub-Saharan Africa,Lower middle income,True
1628,Cote d'Ivoire,CIV,1997,48.309,Sub-Saharan Africa,Lower middle income,True
1629,Cote d'Ivoire,CIV,1998,48.365,Sub-Saharan Africa,Lower middle income,True
1630,Cote d'Ivoire,CIV,1999,49.362,Sub-Saharan Africa,Lower middle income,True
1631,Cote d'Ivoire,CIV,2000,50.363,Sub-Saharan Africa,Lower middle income,True
1632,Cote d'Ivoire,CIV,2001,51.366,Sub-Saharan Africa,Lower middle income,True
1633,Cote d'Ivoire,CIV,2002,52.371,Sub-Saharan Africa,Lower middle income,True
1634,Cote d'Ivoire,CIV,2003,53.377,Sub-Saharan Africa,Lower middle income,True
1635,Cote d'Ivoire,CIV,2004,54.385,Sub-Saharan Africa,Lower middle income,True
1636,Cote d'Ivoire,CIV,2005,55.396,Sub-Saharan Africa,Lower middle income,True
1637,Cote d'Ivoire,CIV,2006,56.408,Sub-Saharan Africa,Lower middle income,True
1638,Cote d'Ivoire,CIV,2007,57.421,Sub-Saharan Africa,Lower middle income,True
1639,Cote d'Ivoire,CIV,2008,58.42,Sub-Saharan Africa,Lower middle income,True
1640,Cote d'Ivoire,CIV,2009,59.41,Sub-Saharan Africa,Lower middle income,True
1641,Cote d'Ivoire,CIV,2010,60.409,Sub-Saharan Africa,Lower middle income,True
1642,Cote d'Ivoire,CIV,2011,61.415,Sub-Saharan Africa,Lower middle income,True
1643,Cote d'Ivoire,CIV,2012,62.427,Sub-Saharan Africa,Lower middle income,True
1644,Cote d'Ivoire,CIV,2013,61.354,Sub-Saharan Africa,Lower middle income,True
1645,Cote d'Ivoire,CIV,2014,60.285,Sub-Saharan Africa,Lower middle income,True
1646,Cote d'Ivoire,CIV,2015,59.228,Sub-Saharan Africa,Lower middle income,True
1647,Cote d'Ivoire,CIV,2016,58.173,Sub-Saharan Africa,Lower middle income,True
1648,Cote d'Ivoire,CIV,2017,57.507,Sub-Saharan Africa,Lower middle income,True
1649,Cote d'Ivoire,CIV,2018,56.841,Sub-Saharan Africa,Lower middle income,True
1650,Cote d'Ivoire,CIV,2019,56.176,Sub-Saharan Africa,Lower middle income,True
1651,Cote d'Ivoire,CIV,2020,56.484,Sub-Saharan Africa,Lower middle income,True
1652,Cote d'Ivoire,CIV,2021,57.846,Sub-Saharan Africa,Lower middle income,True
1653,Cote d'Ivoire,CIV,2022,59.059,Sub-Saharan Africa,Lower middle income,True
1654,Cote d'Ivoire,CIV,2023,59.258,Sub-Saharan Africa,Lower middle income,True
1655,Cote d'Ivoire,CIV,2024,59.465,Sub-Saharan Africa,Lower middle income,True
1656,Cote d'Ivoire,CIV,2025,59.454,Sub-Saharan Africa,Lower middle income,True
1657,Croatia,HRV,1990,47.312,Europe & Central Asia,High income,True
1658,Croatia,HRV,1991,46.616,Europe & Central Asia,High income,True
1659,Croatia,HRV,1992,46.311,Europe & Central Asia,High income,True
1660,Croatia,HRV,1993,45.999,Europe & Central Asia,High income,True
1661,Croatia,HRV,1994,45.693,Europe & Central Asia,High income,True
1662,Croatia,HRV,1995,45.389,Europe & Central Asia,High income,True
1663,Croatia,HRV,1996,45.115,Europe & Central Asia,High income,True
1664,Croatia,HRV,1997,44.87,Europe & Central Asia,High income,True
1665,Croatia,HRV,1998,44.657,Europe & Central Asia,High income,True
1666,Croatia,HRV,1999,44.508,Europe & Central Asia,High income,True
1667,Croatia,HRV,2000,44.411,Europe & Central Asia,High income,True
1668,Croatia,HRV,2001,44.305,Europe & Central Asia,High income,True
1669,Croatia,HRV,2002,44.136,Europe & Central Asia,High income,True
1670,Croatia,HRV,2003,44.088,Europe & Central Asia,High income,True
1671,Croatia,HRV,2004,45.204,Europe & Central Asia,High income,True
1672,Croatia,HRV,2005,45.394,Europe & Central Asia,High income,True
1673,Croatia,HRV,2006,45.42,Europe & Central Asia,High income,True
1674,Croatia,HRV,2007,45.055,Europe & Central Asia,High income,True
1675,Croatia,HRV,2008,45.65,Europe & Central Asia,High income,True
1676,Croatia,HRV,2009,46.582,Europe & Central Asia,High income,True
1677,Croatia,HRV,2010,46.029,Europe & Central Asia,High income,True
1678,Croatia,HRV,2011,44.475,Europe & Central Asia,High income,True
1679,Croatia,HRV,2012,44.466,Europe & Central Asia,High income,True
1680,Croatia,HRV,2013,44.453,Europe & Central Asia,High income,True
1681,Croatia,HRV,2014,46.252,Europe & Central Asia,High income,True
1682,Croatia,HRV,2015,46.662,Europe & Central Asia,High income,True
1683,Croatia,HRV,2016,45.148,Europe & Central Asia,High income,True
1684,Croatia,HRV,2017,45.236,Europe & Central Asia,High income,True
1685,Croatia,HRV,2018,45.012,Europe & Central Asia,High income,True
1686,Croatia,HRV,2019,44.78,Europe & Central Asia,High income,True
1687,Croatia,HRV,2020,44.447,Europe & Central Asia,High income,True
1688,Croatia,HRV,2021,45.869,Europe & Central Asia,High income,True
1689,Croatia,HRV,2022,46.975,Europe & Central Asia,High income,True
1690,Croatia,HRV,2023,47.139,Europe & Central Asia,High income,True
1691,Croatia,HRV,2024,47.541,Europe & Central Asia,High income,True
1692,Croatia,HRV,2025,47.377,Europe & Central Asia,High income,True
1693,Cuba,CUB,1990,36.346,Latin America & Caribbean,Upper middle income,True
1694,Cuba,CUB,1991,35.428,Latin America & Caribbean,Upper middle income,True
1695,Cuba,CUB,1992,34.476,Latin America & Caribbean,Upper middle income,True
1696,Cuba,CUB,1993,33.306,Latin America & Caribbean,Upper middle income,True
1697,Cuba,CUB,1994,33.378,Latin America & Caribbean,Upper middle income,True
1698,Cuba,CUB,1995,33.656,Latin America & Caribbean,Upper middle income,True
1699,Cuba,CUB,1996,34.331,Latin America & Caribbean,Upper middle income,True
1700,Cuba,CUB,1997,34.735,Latin America & Caribbean,Upper middle income,True
1701,Cuba,CUB,1998,34.993,Latin America & Caribbean,Upper middle income,True
1702,Cuba,CUB,1999,35.641,Latin America & Caribbean,Upper middle income,True
1703,Cuba,CUB,2000,36.259,Latin America & Caribbean,Upper middle income,True
1704,Cuba,CUB,2001,36.714,Latin America & Caribbean,Upper middle income,True
1705,Cuba,CUB,2002,37.06,Latin America & Caribbean,Upper middle income,True
1706,Cuba,CUB,2003,37.514,Latin America & Caribbean,Upper middle income,True
1707,Cuba,CUB,2004,38.073,Latin America & Caribbean,Upper middle income,True
1708,Cuba,CUB,2005,39.002,Latin America & Caribbean,Upper middle income,True
1709,Cuba,CUB,2006,39.999,Latin America & Caribbean,Upper middle income,True
1710,Cuba,CUB,2007,40.724,Latin America & Caribbean,Upper middle income,True
1711,Cuba,CUB,2008,41.274,Latin America & Caribbean,Upper middle income,True
1712,Cuba,CUB,2009,42.464,Latin America & Caribbean,Upper middle income,True
1713,Cuba,CUB,2010,41.932,Latin America & Caribbean,Upper middle income,True
1714,Cuba,CUB,2011,42.401,Latin America & Caribbean,Upper middle income,True
1715,Cuba,CUB,2012,42.916,Latin America & Caribbean,Upper middle income,True
1716,Cuba,CUB,2013,43.436,Latin America & Caribbean,Upper middle income,True
1717,Cuba,CUB,2014,43.803,Latin America & Caribbean,Upper middle income,True
1718,Cuba,CUB,2015,44.31,Latin America & Caribbean,Upper middle income,True
1719,Cuba,CUB,2016,44.479,Latin America & Caribbean,Upper middle income,True
1720,Cuba,CUB,2017,44.641,Latin America & Caribbean,Upper middle income,True
1721,Cuba,CUB,2018,44.767,Latin America & Caribbean,Upper middle income,True
1722,Cuba,CUB,2019,44.687,Latin America & Caribbean,Upper middle income,True
1723,Cuba,CUB,2020,42.291,Latin America & Caribbean,Upper middle income,True
1724,Cuba,CUB,2021,42.429,Latin America & Caribbean,Upper middle income,True
1725,Cuba,CUB,2022,41.921,Latin America & Caribbean,Upper middle income,True
1726,Cuba,CUB,2023,41.159,Latin America & Caribbean,Upper middle income,True
1727,Cuba,CUB,2024,40.393,Latin America & Caribbean,Upper middle income,True
1728,Cuba,CUB,2025,39.974,Latin America & Caribbean,Upper middle income,True
1729,Cyprus,CYP,1990,42.671,Europe & Central Asia,High income,True
1730,Cyprus,CYP,1991,43.443,Europe & Central Asia,High income,True
1731,Cyprus,CYP,1992,43.862,Europe & Central Asia,High income,True
1732,Cyprus,CYP,1993,44.607,Europe & Central Asia,High income,True
1733,Cyprus,CYP,1994,45.371,Europe & Central Asia,High income,True
1734,Cyprus,CYP,1995,46.116,Europe & Central Asia,High income,True
1735,Cyprus,CYP,1996,46.826,Europe & Central Asia,High income,True
1736,Cyprus,CYP,1997,47.491,Europe & Central Asia,High income,True
1737,Cyprus,CYP,1998,48.114,Europe & Central Asia,High income,True
1738,Cyprus,CYP,1999,48.712,Europe & Central Asia,High income,True
1739,Cyprus,CYP,2000,49.302,Europe & Central Asia,High income,True
1740,Cyprus,CYP,2001,51.87,Europe & Central Asia,High income,True
1741,Cyprus,CYP,2002,52.342,Europe & Central Asia,High income,True
1742,Cyprus,CYP,2003,53.747,Europe & Central Asia,High income,True
1743,Cyprus,CYP,2004,53.674,Europe & Central Asia,High income,True
1744,Cyprus,CYP,2005,53.507,Europe & Central Asia,High income,True
1745,Cyprus,CYP,2006,54.296,Europe & Central Asia,High income,True
1746,Cyprus,CYP,2007,55.717,Europe & Central Asia,High income,True
1747,Cyprus,CYP,2008,56.119,Europe & Central Asia,High income,True
1748,Cyprus,CYP,2009,56.692,Europe & Central Asia,High income,True
1749,Cyprus,CYP,2010,57.839,Europe & Central Asia,High income,True
1750,Cyprus,CYP,2011,57.516,Europe & Central Asia,High income,True
1751,Cyprus,CYP,2012,57.202,Europe & Central Asia,High income,True
1752,Cyprus,CYP,2013,57.37,Europe & Central Asia,High income,True
1753,Cyprus,CYP,2014,58.944,Europe & Central Asia,High income,True
1754,Cyprus,CYP,2015,59.097,Europe & Central Asia,High income,True
1755,Cyprus,CYP,2016,58.281,Europe & Central Asia,High income,True
1756,Cyprus,CYP,2017,58.922,Europe & Central Asia,High income,True
1757,Cyprus,CYP,2018,59.627,Europe & Central Asia,High income,True
1758,Cyprus,CYP,2019,60.096,Europe & Central Asia,High income,True
1759,Cyprus,CYP,2020,59.05,Europe & Central Asia,High income,True
1760,Cyprus,CYP,2021,59.534,Europe & Central Asia,High income,True
1761,Cyprus,CYP,2022,61.219,Europe & Central Asia,High income,True
1762,Cyprus,CYP,2023,62.495,Europe & Central Asia,High income,True
1763,Cyprus,CYP,2024,61.408,Europe & Central Asia,High income,True
1764,Cyprus,CYP,2025,61.213,Europe & Central Asia,High income,True
1765,Czechia,CZE,1990,52.738,Europe & Central Asia,High income,True
1766,Czechia,CZE,1991,52.288,Europe & Central Asia,High income,True
1767,Czechia,CZE,1992,52.322,Europe & Central Asia,High income,True
1768,Czechia,CZE,1993,52.36,Europe & Central Asia,High income,True
1769,Czechia,CZE,1994,52.618,Europe & Central Asia,High income,True
1770,Czechia,CZE,1995,52.401,Europe & Central Asia,High income,True
1771,Czechia,CZE,1996,51.865,Europe & Central Asia,High income,True
1772,Czechia,CZE,1997,51.856,Europe & Central Asia,High income,True
1773,Czechia,CZE,1998,51.963,Europe & Central Asia,High income,True
1774,Czechia,CZE,1999,52.153,Europe & Central Asia,High income,True
1775,Czechia,CZE,2000,51.637,Europe & Central Asia,High income,True
1776,Czechia,CZE,2001,51.274,Europe & Central Asia,High income,True
1777,Czechia,CZE,2002,50.954,Europe & Central Asia,High income,True
1778,Czechia,CZE,2003,50.83,Europe & Central Asia,High income,True
1779,Czechia,CZE,2004,50.554,Europe & Central Asia,High income,True
1780,Czechia,CZE,2005,50.657,Europe & Central Asia,High income,True
1781,Czechia,CZE,2006,50.53,Europe & Central Asia,High income,True
1782,Czechia,CZE,2007,49.75,Europe & Central Asia,High income,True
1783,Czechia,CZE,2008,49.224,Europe & Central Asia,High income,True
1784,Czechia,CZE,2009,49.436,Europe & Central Asia,High income,True
1785,Czechia,CZE,2010,49.231,Europe & Central Asia,High income,True
1786,Czechia,CZE,2011,49.472,Europe & Central Asia,High income,True
1787,Czechia,CZE,2012,50.041,Europe & Central Asia,High income,True
1788,Czechia,CZE,2013,50.888,Europe & Central Asia,High income,True
1789,Czechia,CZE,2014,50.803,Europe & Central Asia,High income,True
1790,Czechia,CZE,2015,51.187,Europe & Central Asia,High income,True
1791,Czechia,CZE,2016,51.735,Europe & Central Asia,High income,True
1792,Czechia,CZE,2017,52.114,Europe & Central Asia,High income,True
1793,Czechia,CZE,2018,52.559,Europe & Central Asia,High income,True
1794,Czechia,CZE,2019,52.3,Europe & Central Asia,High income,True
1795,Czechia,CZE,2020,51.463,Europe & Central Asia,High income,True
1796,Czechia,CZE,2021,51.555,Europe & Central Asia,High income,True
1797,Czechia,CZE,2022,52.191,Europe & Central Asia,High income,True
1798,Czechia,CZE,2023,53.241,Europe & Central Asia,High income,True
1799,Czechia,CZE,2024,53.656,Europe & Central Asia,High income,True
1800,Czechia,CZE,2025,53.456,Europe & Central Asia,High income,True
1801,Denmark,DNK,1990,61.106,Europe & Central Asia,High income,True
1802,Denmark,DNK,1991,61.443,Europe & Central Asia,High income,True
1803,Denmark,DNK,1992,61.591,Europe & Central Asia,High income,True
1804,Denmark,DNK,1993,60.996,Europe & Central Asia,High income,True
1805,Denmark,DNK,1994,57.918,Europe & Central Asia,High income,True
1806,Denmark,DNK,1995,57.908,Europe & Central Asia,High income,True
1807,Denmark,DNK,1996,58.316,Europe & Central Asia,High income,True
1808,Denmark,DNK,1997,58.604,Europe & Central Asia,High income,True
1809,Denmark,DNK,1998,59.36,Europe & Central Asia,High income,True
1810,Denmark,DNK,1999,60.155,Europe & Central Asia,High income,True
1811,Denmark,DNK,2000,60.03,Europe & Central Asia,High income,True
1812,Denmark,DNK,2001,59.874,Europe & Central Asia,High income,True
1813,Denmark,DNK,2002,60.309,Europe & Central Asia,High income,True
1814,Denmark,DNK,2003,59.949,Europe & Central Asia,High income,True
1815,Denmark,DNK,2004,60.627,Europe & Central Asia,High income,True
1816,Denmark,DNK,2005,60.62,Europe & Central Asia,High income,True
1817,Denmark,DNK,2006,61.296,Europe & Central Asia,High income,True
1818,Denmark,DNK,2007,60.849,Europe & Central Asia,High income,True
1819,Denmark,DNK,2008,60.052,Europe & Central Asia,High income,True
1820,Denmark,DNK,2009,59.768,Europe & Central Asia,High income,True
1821,Denmark,DNK,2010,58.97,Europe & Central Asia,High income,True
1822,Denmark,DNK,2011,58.71,Europe & Central Asia,High income,True
1823,Denmark,DNK,2012,58.281,Europe & Central Asia,High income,True
1824,Denmark,DNK,2013,57.679,Europe & Central Asia,High income,True
1825,Denmark,DNK,2014,57.097,Europe & Central Asia,High income,True
1826,Denmark,DNK,2015,56.837,Europe & Central Asia,High income,True
1827,Denmark,DNK,2016,57.677,Europe & Central Asia,High income,True
1828,Denmark,DNK,2017,57.739,Europe & Central Asia,High income,True
1829,Denmark,DNK,2018,57.649,Europe & Central Asia,High income,True
1830,Denmark,DNK,2019,58.06,Europe & Central Asia,High income,True
1831,Denmark,DNK,2020,57.886,Europe & Central Asia,High income,True
1832,Denmark,DNK,2021,58.161,Europe & Central Asia,High income,True
1833,Denmark,DNK,2022,59.551,Europe & Central Asia,High income,True
1834,Denmark,DNK,2023,59.812,Europe & Central Asia,High income,True
1835,Denmark,DNK,2024,60.902,Europe & Central Asia,High income,True
1836,Denmark,DNK,2025,60.792,Europe & Central Asia,High income,True
1837,Djibouti,DJI,1990,15.379,Middle East & North Africa,Lower middle income,True
1838,Djibouti,DJI,1991,15.423,Middle East & North Africa,Lower middle income,True
1839,Djibouti,DJI,1992,15.474,Middle East & North Africa,Lower middle income,True
1840,Djibouti,DJI,1993,15.53,Middle East & North Africa,Lower middle income,True
1841,Djibouti,DJI,1994,15.582,Middle East & North Africa,Lower middle income,True
1842,Djibouti,DJI,1995,15.641,Middle East & North Africa,Lower middle income,True
1843,Djibouti,DJI,1996,15.718,Middle East & North Africa,Lower middle income,True
1844,Djibouti,DJI,1997,15.869,Middle East & North Africa,Lower middle income,True
1845,Djibouti,DJI,1998,16.053,Middle East & North Africa,Lower middle income,True
1846,Djibouti,DJI,1999,16.194,Middle East & North Africa,Lower middle income,True
1847,Djibouti,DJI,2000,16.302,Middle East & North Africa,Lower middle income,True
1848,Djibouti,DJI,2001,16.406,Middle East & North Africa,Lower middle income,True
1849,Djibouti,DJI,2002,16.502,Middle East & North Africa,Lower middle income,True
1850,Djibouti,DJI,2003,16.542,Middle East & North Africa,Lower middle income,True
1851,Djibouti,DJI,2004,16.549,Middle East & North Africa,Lower middle income,True
1852,Djibouti,DJI,2005,16.581,Middle East & North Africa,Lower middle income,True
1853,Djibouti,DJI,2006,16.66,Middle East & North Africa,Lower middle income,True
1854,Djibouti,DJI,2007,16.771,Middle East & North Africa,Lower middle income,True
1855,Djibouti,DJI,2008,16.89,Middle East & North Africa,Lower middle income,True
1856,Djibouti,DJI,2009,17.01,Middle East & North Africa,Lower middle income,True
1857,Djibouti,DJI,2010,17.125,Middle East & North Africa,Lower middle income,True
1858,Djibouti,DJI,2011,17.241,Middle East & North Africa,Lower middle income,True
1859,Djibouti,DJI,2012,17.359,Middle East & North Africa,Lower middle income,True
1860,Djibouti,DJI,2013,17.485,Middle East & North Africa,Lower middle income,True
1861,Djibouti,DJI,2014,17.627,Middle East & North Africa,Lower middle income,True
1862,Djibouti,DJI,2015,17.785,Middle East & North Africa,Lower middle income,True
1863,Djibouti,DJI,2016,17.959,Middle East & North Africa,Lower middle income,True
1864,Djibouti,DJI,2017,18.146,Middle East & North Africa,Lower middle income,True
1865,Djibouti,DJI,2018,18.34,Middle East & North Africa,Lower middle income,True
1866,Djibouti,DJI,2019,18.531,Middle East & North Africa,Lower middle income,True
1867,Djibouti,DJI,2020,18.264,Middle East & North Africa,Lower middle income,True
1868,Djibouti,DJI,2021,18.537,Middle East & North Africa,Lower middle income,True
1869,Djibouti,DJI,2022,18.678,Middle East & North Africa,Lower middle income,True
1870,Djibouti,DJI,2023,18.936,Middle East & North Africa,Lower middle income,True
1871,Djibouti,DJI,2024,19.235,Middle East & North Africa,Lower middle income,True
1872,Djibouti,DJI,2025,19.365,Middle East & North Africa,Lower middle income,True
1873,Dominican Republic,DOM,1990,35.382,Latin America & Caribbean,Upper middle income,True
1874,Dominican Republic,DOM,1991,35.41,Latin America & Caribbean,Upper middle income,True
1875,Dominican Republic,DOM,1992,36.188,Latin America & Caribbean,Upper middle income,True
1876,Dominican Republic,DOM,1993,36.7,Latin America & Caribbean,Upper middle income,True
1877,Dominican Republic,DOM,1994,36.863,Latin America & Caribbean,Upper middle income,True
1878,Dominican Republic,DOM,1995,37.267,Latin America & Caribbean,Upper middle income,True
1879,Dominican Republic,DOM,1996,37.7,Latin America & Caribbean,Upper middle income,True
1880,Dominican Republic,DOM,1997,38.364,Latin America & Caribbean,Upper middle income,True
1881,Dominican Republic,DOM,1998,38.89,Latin America & Caribbean,Upper middle income,True
1882,Dominican Republic,DOM,1999,39.364,Latin America & Caribbean,Upper middle income,True
1883,Dominican Republic,DOM,2000,39.73,Latin America & Caribbean,Upper middle income,True
1884,Dominican Republic,DOM,2001,38.363,Latin America & Caribbean,Upper middle income,True
1885,Dominican Republic,DOM,2002,40.04,Latin America & Caribbean,Upper middle income,True
1886,Dominican Republic,DOM,2003,39.184,Latin America & Caribbean,Upper middle income,True
1887,Dominican Republic,DOM,2004,39.168,Latin America & Caribbean,Upper middle income,True
1888,Dominican Republic,DOM,2005,39.791,Latin America & Caribbean,Upper middle income,True
1889,Dominican Republic,DOM,2006,40.6,Latin America & Caribbean,Upper middle income,True
1890,Dominican Republic,DOM,2007,40.275,Latin America & Caribbean,Upper middle income,True
1891,Dominican Republic,DOM,2008,41.848,Latin America & Caribbean,Upper middle income,True
1892,Dominican Republic,DOM,2009,38.945,Latin America & Caribbean,Upper middle income,True
1893,Dominican Republic,DOM,2010,41.672,Latin America & Caribbean,Upper middle income,True
1894,Dominican Republic,DOM,2011,43.662,Latin America & Caribbean,Upper middle income,True
1895,Dominican Republic,DOM,2012,45.206,Latin America & Caribbean,Upper middle income,True
1896,Dominican Republic,DOM,2013,45.088,Latin America & Caribbean,Upper middle income,True
1897,Dominican Republic,DOM,2014,45.368,Latin America & Caribbean,Upper middle income,True
1898,Dominican Republic,DOM,2015,48.157,Latin America & Caribbean,Upper middle income,True
1899,Dominican Republic,DOM,2016,48.821,Latin America & Caribbean,Upper middle income,True
1900,Dominican Republic,DOM,2017,49.009,Latin America & Caribbean,Upper middle income,True
1901,Dominican Republic,DOM,2018,50.285,Latin America & Caribbean,Upper middle income,True
1902,Dominican Republic,DOM,2019,52.542,Latin America & Caribbean,Upper middle income,True
1903,Dominican Republic,DOM,2020,47.412,Latin America & Caribbean,Upper middle income,True
1904,Dominican Republic,DOM,2021,51.06,Latin America & Caribbean,Upper middle income,True
1905,Dominican Republic,DOM,2022,50.478,Latin America & Caribbean,Upper middle income,True
1906,Dominican Republic,DOM,2023,52.482,Latin America & Caribbean,Upper middle income,True
1907,Dominican Republic,DOM,2024,53.266,Latin America & Caribbean,Upper middle income,True
1908,Dominican Republic,DOM,2025,53.655,Latin America & Caribbean,Upper middle income,True
1909,Early-demographic dividend,EAR,1990,34.357567308671,,,False
1910,Early-demographic dividend,EAR,1991,34.5254470317508,,,False
1911,Early-demographic dividend,EAR,1992,34.7406706303493,,,False
1912,Early-demographic dividend,EAR,1993,34.6407457612206,,,False
1913,Early-demographic dividend,EAR,1994,35.092713756166,,,False
1914,Early-demographic dividend,EAR,1995,35.313921765068,,,False
1915,Early-demographic dividend,EAR,1996,35.6694332290015,,,False
1916,Early-demographic dividend,EAR,1997,36.0193194823302,,,False
1917,Early-demographic dividend,EAR,1998,36.4649056529376,,,False
1918,Early-demographic dividend,EAR,1999,36.7851907904397,,,False
1919,Early-demographic dividend,EAR,2000,36.955313005409,,,False
1920,Early-demographic dividend,EAR,2001,36.8438953164466,,,False
1921,Early-demographic dividend,EAR,2002,36.6410595657314,,,False
1922,Early-demographic dividend,EAR,2003,36.7378609435329,,,False
1923,Early-demographic dividend,EAR,2004,36.7528104928747,,,False
1924,Early-demographic dividend,EAR,2005,36.8126185372696,,,False
1925,Early-demographic dividend,EAR,2006,36.3381412661564,,,False
1926,Early-demographic dividend,EAR,2007,36.2529553153555,,,False
1927,Early-demographic dividend,EAR,2008,35.7206497665141,,,False
1928,Early-demographic dividend,EAR,2009,35.4648780566321,,,False
1929,Early-demographic dividend,EAR,2010,35.1830871705062,,,False
1930,Early-demographic dividend,EAR,2011,34.8272719018549,,,False
1931,Early-demographic dividend,EAR,2012,34.6280948938604,,,False
1932,Early-demographic dividend,EAR,2013,34.4801582791425,,,False
1933,Early-demographic dividend,EAR,2014,34.3668429637537,,,False
1934,Early-demographic dividend,EAR,2015,34.4715926647993,,,False
1935,Early-demographic dividend,EAR,2016,34.4723760285488,,,False
1936,Early-demographic dividend,EAR,2017,34.5212476306705,,,False
1937,Early-demographic dividend,EAR,2018,34.5762697110517,,,False
1938,Early-demographic dividend,EAR,2019,34.694704017229,,,False
1939,Early-demographic dividend,EAR,2020,33.4757918212212,,,False
1940,Early-demographic dividend,EAR,2021,34.6112771644715,,,False
1941,Early-demographic dividend,EAR,2022,35.8064016592473,,,False
1942,Early-demographic dividend,EAR,2023,36.7409246203878,,,False
1943,Early-demographic dividend,EAR,2024,37.2245238805946,,,False
1944,Early-demographic dividend,EAR,2025,37.2407209932205,,,False
1945,East Asia & Pacific,EAS,1990,66.1584895044532,,,False
1946,East Asia & Pacific,EAS,1991,65.7885372760872,,,False
1947,East Asia & Pacific,EAS,1992,65.5348033026522,,,False
1948,East Asia & Pacific,EAS,1993,65.0722973373964,,,False
1949,East Asia & Pacific,EAS,1994,64.8877565243024,,,False
1950,East Asia & Pacific,EAS,1995,64.6031500269676,,,False
1951,East Asia & Pacific,EAS,1996,64.3297941108903,,,False
1952,East Asia & Pacific,EAS,1997,63.9457007738522,,,False
1953,East Asia & Pacific,EAS,1998,63.5947578790314,,,False
1954,East Asia & Pacific,EAS,1999,63.1802050070052,,,False
1955,East Asia & Pacific,EAS,2000,62.8777300404234,,,False
1956,East Asia & Pacific,EAS,2001,62.5113408943781,,,False
1957,East Asia & Pacific,EAS,2002,62.0081105162907,,,False
1958,East Asia & Pacific,EAS,2003,61.6718870014973,,,False
1959,East Asia & Pacific,EAS,2004,61.3584485519859,,,False
1960,East Asia & Pacific,EAS,2005,61.0615334172942,,,False
1961,East Asia & Pacific,EAS,2006,60.80399608214,,,False
1962,East Asia & Pacific,EAS,2007,60.9535659839993,,,False
1963,East Asia & Pacific,EAS,2008,60.7194326885555,,,False
1964,East Asia & Pacific,EAS,2009,60.4867687277767,,,False
1965,East Asia & Pacific,EAS,2010,60.2640233686652,,,False
1966,East Asia & Pacific,EAS,2011,60.353585033116,,,False
1967,East Asia & Pacific,EAS,2012,60.1667583358281,,,False
1968,East Asia & Pacific,EAS,2013,59.8671652042796,,,False
1969,East Asia & Pacific,EAS,2014,59.826641321105,,,False
1970,East Asia & Pacific,EAS,2015,59.6916484323044,,,False
1971,East Asia & Pacific,EAS,2016,59.5083991310146,,,False
1972,East Asia & Pacific,EAS,2017,59.2748334813587,,,False
1973,East Asia & Pacific,EAS,2018,59.3268263969,,,False
1974,East Asia & Pacific,EAS,2019,59.2434950535024,,,False
1975,East Asia & Pacific,EAS,2020,57.8451867787979,,,False
1976,East Asia & Pacific,EAS,2021,58.6332731427544,,,False
1977,East Asia & Pacific,EAS,2022,58.4578606544759,,,False
1978,East Asia & Pacific,EAS,2023,58.6880975430552,,,False
1979,East Asia & Pacific,EAS,2024,58.2579031199396,,,False
1980,East Asia & Pacific,EAS,2025,58.0704931220595,,,False
1981,East Asia & Pacific (IDA & IBRD countries),TEA,1990,68.715461394598,,,False
1982,East Asia & Pacific (IDA & IBRD countries),TEA,1991,68.2133005577666,,,False
1983,East Asia & Pacific (IDA & IBRD countries),TEA,1992,67.894159656155,,,False
1984,East Asia & Pacific (IDA & IBRD countries),TEA,1993,67.3762708491519,,,False
1985,East Asia & Pacific (IDA & IBRD countries),TEA,1994,67.1118269703618,,,False
1986,East Asia & Pacific (IDA & IBRD countries),TEA,1995,66.7440489217231,,,False
1987,East Asia & Pacific (IDA & IBRD countries),TEA,1996,66.3736083186646,,,False
1988,East Asia & Pacific (IDA & IBRD countries),TEA,1997,65.8460540985657,,,False
1989,East Asia & Pacific (IDA & IBRD countries),TEA,1998,65.5142840588883,,,False
1990,East Asia & Pacific (IDA & IBRD countries),TEA,1999,65.037139883208,,,False
1991,East Asia & Pacific (IDA & IBRD countries),TEA,2000,64.635648766609,,,False
1992,East Asia & Pacific (IDA & IBRD countries),TEA,2001,64.1719832682202,,,False
1993,East Asia & Pacific (IDA & IBRD countries),TEA,2002,63.5967481529893,,,False
1994,East Asia & Pacific (IDA & IBRD countries),TEA,2003,63.2236856131019,,,False
1995,East Asia & Pacific (IDA & IBRD countries),TEA,2004,62.8033406876656,,,False
1996,East Asia & Pacific (IDA & IBRD countries),TEA,2005,62.4064071475605,,,False
1997,East Asia & Pacific (IDA & IBRD countries),TEA,2006,62.0618834948917,,,False
1998,East Asia & Pacific (IDA & IBRD countries),TEA,2007,62.2140080632768,,,False
1999,East Asia & Pacific (IDA & IBRD countries),TEA,2008,61.9327725733045,,,False
2000,East Asia & Pacific (IDA & IBRD countries),TEA,2009,61.6705822265312,,,False
2001,East Asia & Pacific (IDA & IBRD countries),TEA,2010,61.4099091140494,,,False
2002,East Asia & Pacific (IDA & IBRD countries),TEA,2011,61.506417082503,,,False
2003,East Asia & Pacific (IDA & IBRD countries),TEA,2012,61.2746918586671,,,False
2004,East Asia & Pacific (IDA & IBRD countries),TEA,2013,60.8511442161656,,,False
2005,East Asia & Pacific (IDA & IBRD countries),TEA,2014,60.7314047971756,,,False
2006,East Asia & Pacific (IDA & IBRD countries),TEA,2015,60.5262891007353,,,False
2007,East Asia & Pacific (IDA & IBRD countries),TEA,2016,60.2445805152793,,,False
2008,East Asia & Pacific (IDA & IBRD countries),TEA,2017,59.8883930271885,,,False
2009,East Asia & Pacific (IDA & IBRD countries),TEA,2018,59.830264932121,,,False
2010,East Asia & Pacific (IDA & IBRD countries),TEA,2019,59.6459196652863,,,False
2011,East Asia & Pacific (IDA & IBRD countries),TEA,2020,58.1044101873648,,,False
2012,East Asia & Pacific (IDA & IBRD countries),TEA,2021,58.9332051812537,,,False
2013,East Asia & Pacific (IDA & IBRD countries),TEA,2022,58.6193724805824,,,False
2014,East Asia & Pacific (IDA & IBRD countries),TEA,2023,58.802254080471,,,False
2015,East Asia & Pacific (IDA & IBRD countries),TEA,2024,58.2367247541072,,,False
2016,East Asia & Pacific (IDA & IBRD countries),TEA,2025,58.0038468939198,,,False
2017,East Asia & Pacific (excluding high income),EAP,1990,68.8326722218008,,,False
2018,East Asia & Pacific (excluding high income),EAP,1991,68.3402445792675,,,False
2019,East Asia & Pacific (excluding high income),EAP,1992,68.0293620674553,,,False
2020,East Asia & Pacific (excluding high income),EAP,1993,67.5213377235808,,,False
2021,East Asia & Pacific (excluding high income),EAP,1994,67.2617081709177,,,False
2022,East Asia & Pacific (excluding high income),EAP,1995,66.9009893742343,,,False
2023,East Asia & Pacific (excluding high income),EAP,1996,66.5366457626066,,,False
2024,East Asia & Pacific (excluding high income),EAP,1997,66.0188611201287,,,False
2025,East Asia & Pacific (excluding high income),EAP,1998,65.6909775102086,,,False
2026,East Asia & Pacific (excluding high income),EAP,1999,65.2163054752178,,,False
2027,East Asia & Pacific (excluding high income),EAP,2000,64.8189801223194,,,False
2028,East Asia & Pacific (excluding high income),EAP,2001,64.3585058348575,,,False
2029,East Asia & Pacific (excluding high income),EAP,2002,63.7889627855474,,,False
2030,East Asia & Pacific (excluding high income),EAP,2003,63.4187857367806,,,False
2031,East Asia & Pacific (excluding high income),EAP,2004,63.0021683744347,,,False
2032,East Asia & Pacific (excluding high income),EAP,2005,62.6077233325823,,,False
2033,East Asia & Pacific (excluding high income),EAP,2006,62.2675058910895,,,False
2034,East Asia & Pacific (excluding high income),EAP,2007,62.417878044318,,,False
2035,East Asia & Pacific (excluding high income),EAP,2008,62.1387575883033,,,False
2036,East Asia & Pacific (excluding high income),EAP,2009,61.8803752354711,,,False
2037,East Asia & Pacific (excluding high income),EAP,2010,61.6233220876394,,,False
2038,East Asia & Pacific (excluding high income),EAP,2011,61.7181076849289,,,False
2039,East Asia & Pacific (excluding high income),EAP,2012,61.4886130172609,,,False
2040,East Asia & Pacific (excluding high income),EAP,2013,61.0699559544243,,,False
2041,East Asia & Pacific (excluding high income),EAP,2014,60.9511901207622,,,False
2042,East Asia & Pacific (excluding high income),EAP,2015,60.7490886000682,,,False
2043,East Asia & Pacific (excluding high income),EAP,2016,60.4690152945379,,,False
2044,East Asia & Pacific (excluding high income),EAP,2017,60.1188046304336,,,False
2045,East Asia & Pacific (excluding high income),EAP,2018,60.0630901986516,,,False
2046,East Asia & Pacific (excluding high income),EAP,2019,59.8804331153185,,,False
2047,East Asia & Pacific (excluding high income),EAP,2020,58.3387327461085,,,False
2048,East Asia & Pacific (excluding high income),EAP,2021,59.1581022772559,,,False
2049,East Asia & Pacific (excluding high income),EAP,2022,58.8626535061629,,,False
2050,East Asia & Pacific (excluding high income),EAP,2023,59.0423926545231,,,False
2051,East Asia & Pacific (excluding high income),EAP,2024,58.482642324428,,,False
2052,East Asia & Pacific (excluding high income),EAP,2025,58.2511925658778,,,False
2053,Ecuador,ECU,1990,46.947,Latin America & Caribbean,Upper middle income,True
2054,Ecuador,ECU,1991,47.264,Latin America & Caribbean,Upper middle income,True
2055,Ecuador,ECU,1992,47.34,Latin America & Caribbean,Upper middle income,True
2056,Ecuador,ECU,1993,47.419,Latin America & Caribbean,Upper middle income,True
2057,Ecuador,ECU,1994,47.813,Latin America & Caribbean,Upper middle income,True
2058,Ecuador,ECU,1995,47.974,Latin America & Caribbean,Upper middle income,True
2059,Ecuador,ECU,1996,48.08,Latin America & Caribbean,Upper middle income,True
2060,Ecuador,ECU,1997,48.535,Latin America & Caribbean,Upper middle income,True
2061,Ecuador,ECU,1998,51.694,Latin America & Caribbean,Upper middle income,True
2062,Ecuador,ECU,1999,48.8,Latin America & Caribbean,Upper middle income,True
2063,Ecuador,ECU,2000,45.876,Latin America & Caribbean,Upper middle income,True
2064,Ecuador,ECU,2001,46.976,Latin America & Caribbean,Upper middle income,True
2065,Ecuador,ECU,2002,48.074,Latin America & Caribbean,Upper middle income,True
2066,Ecuador,ECU,2003,49.17,Latin America & Caribbean,Upper middle income,True
2067,Ecuador,ECU,2004,52.726,Latin America & Caribbean,Upper middle income,True
2068,Ecuador,ECU,2005,51.916,Latin America & Caribbean,Upper middle income,True
2069,Ecuador,ECU,2006,52.7,Latin America & Caribbean,Upper middle income,True
2070,Ecuador,ECU,2007,51.955,Latin America & Caribbean,Upper middle income,True
2071,Ecuador,ECU,2008,52.022,Latin America & Caribbean,Upper middle income,True
2072,Ecuador,ECU,2009,49.664,Latin America & Caribbean,Upper middle income,True
2073,Ecuador,ECU,2010,48.011,Latin America & Caribbean,Upper middle income,True
2074,Ecuador,ECU,2011,47.065,Latin America & Caribbean,Upper middle income,True
2075,Ecuador,ECU,2012,48.081,Latin America & Caribbean,Upper middle income,True
2076,Ecuador,ECU,2013,48.131,Latin America & Caribbean,Upper middle income,True
2077,Ecuador,ECU,2014,47.689,Latin America & Caribbean,Upper middle income,True
2078,Ecuador,ECU,2015,51.905,Latin America & Caribbean,Upper middle income,True
2079,Ecuador,ECU,2016,55.406,Latin America & Caribbean,Upper middle income,True
2080,Ecuador,ECU,2017,56.173,Latin America & Caribbean,Upper middle income,True
2081,Ecuador,ECU,2018,54.481,Latin America & Caribbean,Upper middle income,True
2082,Ecuador,ECU,2019,54.402,Latin America & Caribbean,Upper middle income,True
2083,Ecuador,ECU,2020,48.241,Latin America & Caribbean,Upper middle income,True
2084,Ecuador,ECU,2021,53.63,Latin America & Caribbean,Upper middle income,True
2085,Ecuador,ECU,2022,54.244,Latin America & Caribbean,Upper middle income,True
2086,Ecuador,ECU,2023,52.521,Latin America & Caribbean,Upper middle income,True
2087,Ecuador,ECU,2024,52.394,Latin America & Caribbean,Upper middle income,True
2088,Ecuador,ECU,2025,52.386,Latin America & Caribbean,Upper middle income,True
2089,"Egypt, Arab Rep.",EGY,1990,22.188,Middle East & North Africa,Lower middle income,True
2090,"Egypt, Arab Rep.",EGY,1991,22.16,Middle East & North Africa,Lower middle income,True
2091,"Egypt, Arab Rep.",EGY,1992,22.971,Middle East & North Africa,Lower middle income,True
2092,"Egypt, Arab Rep.",EGY,1993,22.286,Middle East & North Africa,Lower middle income,True
2093,"Egypt, Arab Rep.",EGY,1994,23.111,Middle East & North Africa,Lower middle income,True
2094,"Egypt, Arab Rep.",EGY,1995,21.75,Middle East & North Africa,Lower middle income,True
2095,"Egypt, Arab Rep.",EGY,1996,21.05,Middle East & North Africa,Lower middle income,True
2096,"Egypt, Arab Rep.",EGY,1997,20.367,Middle East & North Africa,Lower middle income,True
2097,"Egypt, Arab Rep.",EGY,1998,19.695,Middle East & North Africa,Lower middle income,True
2098,"Egypt, Arab Rep.",EGY,1999,20.512,Middle East & North Africa,Lower middle income,True
2099,"Egypt, Arab Rep.",EGY,2000,20.406,Middle East & North Africa,Lower middle income,True
2100,"Egypt, Arab Rep.",EGY,2001,20.337,Middle East & North Africa,Lower middle income,True
2101,"Egypt, Arab Rep.",EGY,2002,18.191,Middle East & North Africa,Lower middle income,True
2102,"Egypt, Arab Rep.",EGY,2003,18.925,Middle East & North Africa,Lower middle income,True
2103,"Egypt, Arab Rep.",EGY,2004,19.68,Middle East & North Africa,Lower middle income,True
2104,"Egypt, Arab Rep.",EGY,2005,20.457,Middle East & North Africa,Lower middle income,True
2105,"Egypt, Arab Rep.",EGY,2006,21.259,Middle East & North Africa,Lower middle income,True
2106,"Egypt, Arab Rep.",EGY,2007,23.326,Middle East & North Africa,Lower middle income,True
2107,"Egypt, Arab Rep.",EGY,2008,21.895,Middle East & North Africa,Lower middle income,True
2108,"Egypt, Arab Rep.",EGY,2009,22.915,Middle East & North Africa,Lower middle income,True
2109,"Egypt, Arab Rep.",EGY,2010,23.19,Middle East & North Africa,Lower middle income,True
2110,"Egypt, Arab Rep.",EGY,2011,22.537,Middle East & North Africa,Lower middle income,True
2111,"Egypt, Arab Rep.",EGY,2012,22.511,Middle East & North Africa,Lower middle income,True
2112,"Egypt, Arab Rep.",EGY,2013,23.012,Middle East & North Africa,Lower middle income,True
2113,"Egypt, Arab Rep.",EGY,2014,23.166,Middle East & North Africa,Lower middle income,True
2114,"Egypt, Arab Rep.",EGY,2015,22.813,Middle East & North Africa,Lower middle income,True
2115,"Egypt, Arab Rep.",EGY,2016,23.072,Middle East & North Africa,Lower middle income,True
2116,"Egypt, Arab Rep.",EGY,2017,22.184,Middle East & North Africa,Lower middle income,True
2117,"Egypt, Arab Rep.",EGY,2018,18.415,Middle East & North Africa,Lower middle income,True
2118,"Egypt, Arab Rep.",EGY,2019,15.859,Middle East & North Africa,Lower middle income,True
2119,"Egypt, Arab Rep.",EGY,2020,14.609,Middle East & North Africa,Lower middle income,True
2120,"Egypt, Arab Rep.",EGY,2021,15.59,Middle East & North Africa,Lower middle income,True
2121,"Egypt, Arab Rep.",EGY,2022,15.233,Middle East & North Africa,Lower middle income,True
2122,"Egypt, Arab Rep.",EGY,2023,18.478,Middle East & North Africa,Lower middle income,True
2123,"Egypt, Arab Rep.",EGY,2024,18.468,Middle East & North Africa,Lower middle income,True
2124,"Egypt, Arab Rep.",EGY,2025,18.455,Middle East & North Africa,Lower middle income,True
2125,El Salvador,SLV,1990,40.971,Latin America & Caribbean,Upper middle income,True
2126,El Salvador,SLV,1991,41.018,Latin America & Caribbean,Upper middle income,True
2127,El Salvador,SLV,1992,41.557,Latin America & Caribbean,Upper middle income,True
2128,El Salvador,SLV,1993,43.444,Latin America & Caribbean,Upper middle income,True
2129,El Salvador,SLV,1994,44.902,Latin America & Caribbean,Upper middle income,True
2130,El Salvador,SLV,1995,43.131,Latin America & Caribbean,Upper middle income,True
2131,El Salvador,SLV,1996,41.878,Latin America & Caribbean,Upper middle income,True
2132,El Salvador,SLV,1997,41.852,Latin America & Caribbean,Upper middle income,True
2133,El Salvador,SLV,1998,45.566,Latin America & Caribbean,Upper middle income,True
2134,El Salvador,SLV,1999,45.685,Latin America & Caribbean,Upper middle income,True
2135,El Salvador,SLV,2000,45.422,Latin America & Caribbean,Upper middle income,True
2136,El Salvador,SLV,2001,45.176,Latin America & Caribbean,Upper middle income,True
2137,El Salvador,SLV,2002,44.943,Latin America & Caribbean,Upper middle income,True
2138,El Salvador,SLV,2003,46.281,Latin America & Caribbean,Upper middle income,True
2139,El Salvador,SLV,2004,44.499,Latin America & Caribbean,Upper middle income,True
2140,El Salvador,SLV,2005,45.218,Latin America & Caribbean,Upper middle income,True
2141,El Salvador,SLV,2006,45.915,Latin America & Caribbean,Upper middle income,True
2142,El Salvador,SLV,2007,46.1,Latin America & Caribbean,Upper middle income,True
2143,El Salvador,SLV,2008,46.076,Latin America & Caribbean,Upper middle income,True
2144,El Salvador,SLV,2009,46.029,Latin America & Caribbean,Upper middle income,True
2145,El Salvador,SLV,2010,45.966,Latin America & Caribbean,Upper middle income,True
2146,El Salvador,SLV,2011,45.533,Latin America & Caribbean,Upper middle income,True
2147,El Salvador,SLV,2012,46.449,Latin America & Caribbean,Upper middle income,True
2148,El Salvador,SLV,2013,47.404,Latin America & Caribbean,Upper middle income,True
2149,El Salvador,SLV,2014,46.055,Latin America & Caribbean,Upper middle income,True
2150,El Salvador,SLV,2015,45.09,Latin America & Caribbean,Upper middle income,True
2151,El Salvador,SLV,2016,45.811,Latin America & Caribbean,Upper middle income,True
2152,El Salvador,SLV,2017,45.154,Latin America & Caribbean,Upper middle income,True
2153,El Salvador,SLV,2018,44.928,Latin America & Caribbean,Upper middle income,True
2154,El Salvador,SLV,2019,45.983,Latin America & Caribbean,Upper middle income,True
2155,El Salvador,SLV,2020,43.207,Latin America & Caribbean,Upper middle income,True
2156,El Salvador,SLV,2021,45.217,Latin America & Caribbean,Upper middle income,True
2157,El Salvador,SLV,2022,46.028,Latin America & Caribbean,Upper middle income,True
2158,El Salvador,SLV,2023,48.521,Latin America & Caribbean,Upper middle income,True
2159,El Salvador,SLV,2024,48.957,Latin America & Caribbean,Upper middle income,True
2160,El Salvador,SLV,2025,49.052,Latin America & Caribbean,Upper middle income,True
2161,Equatorial Guinea,GNQ,1990,52.379,Sub-Saharan Africa,Upper middle income,True
2162,Equatorial Guinea,GNQ,1991,52.451,Sub-Saharan Africa,Upper middle income,True
2163,Equatorial Guinea,GNQ,1992,52.511,Sub-Saharan Africa,Upper middle income,True
2164,Equatorial Guinea,GNQ,1993,52.559,Sub-Saharan Africa,Upper middle income,True
2165,Equatorial Guinea,GNQ,1994,52.597,Sub-Saharan Africa,Upper middle income,True
2166,Equatorial Guinea,GNQ,1995,52.625,Sub-Saharan Africa,Upper middle income,True
2167,Equatorial Guinea,GNQ,1996,52.644,Sub-Saharan Africa,Upper middle income,True
2168,Equatorial Guinea,GNQ,1997,52.66,Sub-Saharan Africa,Upper middle income,True
2169,Equatorial Guinea,GNQ,1998,52.671,Sub-Saharan Africa,Upper middle income,True
2170,Equatorial Guinea,GNQ,1999,52.675,Sub-Saharan Africa,Upper middle income,True
2171,Equatorial Guinea,GNQ,2000,52.655,Sub-Saharan Africa,Upper middle income,True
2172,Equatorial Guinea,GNQ,2001,52.614,Sub-Saharan Africa,Upper middle income,True
2173,Equatorial Guinea,GNQ,2002,52.563,Sub-Saharan Africa,Upper middle income,True
2174,Equatorial Guinea,GNQ,2003,52.496,Sub-Saharan Africa,Upper middle income,True
2175,Equatorial Guinea,GNQ,2004,52.398,Sub-Saharan Africa,Upper middle income,True
2176,Equatorial Guinea,GNQ,2005,52.306,Sub-Saharan Africa,Upper middle income,True
2177,Equatorial Guinea,GNQ,2006,52.248,Sub-Saharan Africa,Upper middle income,True
2178,Equatorial Guinea,GNQ,2007,52.222,Sub-Saharan Africa,Upper middle income,True
2179,Equatorial Guinea,GNQ,2008,52.239,Sub-Saharan Africa,Upper middle income,True
2180,Equatorial Guinea,GNQ,2009,52.324,Sub-Saharan Africa,Upper middle income,True
2181,Equatorial Guinea,GNQ,2010,52.485,Sub-Saharan Africa,Upper middle income,True
2182,Equatorial Guinea,GNQ,2011,52.696,Sub-Saharan Africa,Upper middle income,True
2183,Equatorial Guinea,GNQ,2012,52.931,Sub-Saharan Africa,Upper middle income,True
2184,Equatorial Guinea,GNQ,2013,53.176,Sub-Saharan Africa,Upper middle income,True
2185,Equatorial Guinea,GNQ,2014,53.404,Sub-Saharan Africa,Upper middle income,True
2186,Equatorial Guinea,GNQ,2015,53.596,Sub-Saharan Africa,Upper middle income,True
2187,Equatorial Guinea,GNQ,2016,53.745,Sub-Saharan Africa,Upper middle income,True
2188,Equatorial Guinea,GNQ,2017,53.85,Sub-Saharan Africa,Upper middle income,True
2189,Equatorial Guinea,GNQ,2018,53.911,Sub-Saharan Africa,Upper middle income,True
2190,Equatorial Guinea,GNQ,2019,53.931,Sub-Saharan Africa,Upper middle income,True
2191,Equatorial Guinea,GNQ,2020,50.146,Sub-Saharan Africa,Upper middle income,True
2192,Equatorial Guinea,GNQ,2021,50.951,Sub-Saharan Africa,Upper middle income,True
2193,Equatorial Guinea,GNQ,2022,53.526,Sub-Saharan Africa,Upper middle income,True
2194,Equatorial Guinea,GNQ,2023,53.265,Sub-Saharan Africa,Upper middle income,True
2195,Equatorial Guinea,GNQ,2024,53.044,Sub-Saharan Africa,Upper middle income,True
2196,Equatorial Guinea,GNQ,2025,52.616,Sub-Saharan Africa,Upper middle income,True
2197,Eritrea,ERI,1990,74.444,Sub-Saharan Africa,Low income,True
2198,Eritrea,ERI,1991,74.382,Sub-Saharan Africa,Low income,True
2199,Eritrea,ERI,1992,74.303,Sub-Saharan Africa,Low income,True
2200,Eritrea,ERI,1993,74.269,Sub-Saharan Africa,Low income,True
2201,Eritrea,ERI,1994,74.241,Sub-Saharan Africa,Low income,True
2202,Eritrea,ERI,1995,74.274,Sub-Saharan Africa,Low income,True
2203,Eritrea,ERI,1996,74.311,Sub-Saharan Africa,Low income,True
2204,Eritrea,ERI,1997,74.271,Sub-Saharan Africa,Low income,True
2205,Eritrea,ERI,1998,74.207,Sub-Saharan Africa,Low income,True
2206,Eritrea,ERI,1999,74.151,Sub-Saharan Africa,Low income,True
2207,Eritrea,ERI,2000,74.091,Sub-Saharan Africa,Low income,True
2208,Eritrea,ERI,2001,74.071,Sub-Saharan Africa,Low income,True
2209,Eritrea,ERI,2002,74.061,Sub-Saharan Africa,Low income,True
2210,Eritrea,ERI,2003,74.07,Sub-Saharan Africa,Low income,True
2211,Eritrea,ERI,2004,74.083,Sub-Saharan Africa,Low income,True
2212,Eritrea,ERI,2005,74.065,Sub-Saharan Africa,Low income,True
2213,Eritrea,ERI,2006,74.022,Sub-Saharan Africa,Low income,True
2214,Eritrea,ERI,2007,73.955,Sub-Saharan Africa,Low income,True
2215,Eritrea,ERI,2008,73.902,Sub-Saharan Africa,Low income,True
2216,Eritrea,ERI,2009,73.845,Sub-Saharan Africa,Low income,True
2217,Eritrea,ERI,2010,73.783,Sub-Saharan Africa,Low income,True
2218,Eritrea,ERI,2011,73.716,Sub-Saharan Africa,Low income,True
2219,Eritrea,ERI,2012,73.632,Sub-Saharan Africa,Low income,True
2220,Eritrea,ERI,2013,73.559,Sub-Saharan Africa,Low income,True
2221,Eritrea,ERI,2014,73.475,Sub-Saharan Africa,Low income,True
2222,Eritrea,ERI,2015,73.372,Sub-Saharan Africa,Low income,True
2223,Eritrea,ERI,2016,73.273,Sub-Saharan Africa,Low income,True
2224,Eritrea,ERI,2017,73.159,Sub-Saharan Africa,Low income,True
2225,Eritrea,ERI,2018,73.044,Sub-Saharan Africa,Low income,True
2226,Eritrea,ERI,2019,72.929,Sub-Saharan Africa,Low income,True
2227,Eritrea,ERI,2020,71.989,Sub-Saharan Africa,Low income,True
2228,Eritrea,ERI,2021,72.622,Sub-Saharan Africa,Low income,True
2229,Eritrea,ERI,2022,72.851,Sub-Saharan Africa,Low income,True
2230,Eritrea,ERI,2023,72.862,Sub-Saharan Africa,Low income,True
2231,Eritrea,ERI,2024,72.854,Sub-Saharan Africa,Low income,True
2232,Eritrea,ERI,2025,72.838,Sub-Saharan Africa,Low income,True
2233,Estonia,EST,1990,59.68,Europe & Central Asia,High income,True
2234,Estonia,EST,1991,58.231,Europe & Central Asia,High income,True
2235,Estonia,EST,1992,55.771,Europe & Central Asia,High income,True
2236,Estonia,EST,1993,54.714,Europe & Central Asia,High income,True
2237,Estonia,EST,1994,54.667,Europe & Central Asia,High income,True
2238,Estonia,EST,1995,53.705,Europe & Central Asia,High income,True
2239,Estonia,EST,1996,53.511,Europe & Central Asia,High income,True
2240,Estonia,EST,1997,54.27,Europe & Central Asia,High income,True
2241,Estonia,EST,1998,52.708,Europe & Central Asia,High income,True
2242,Estonia,EST,1999,51.917,Europe & Central Asia,High income,True
2243,Estonia,EST,2000,52.575,Europe & Central Asia,High income,True
2244,Estonia,EST,2001,51.986,Europe & Central Asia,High income,True
2245,Estonia,EST,2002,51.03,Europe & Central Asia,High income,True
2246,Estonia,EST,2003,52.274,Europe & Central Asia,High income,True
2247,Estonia,EST,2004,53.198,Europe & Central Asia,High income,True
2248,Estonia,EST,2005,53.512,Europe & Central Asia,High income,True
2249,Estonia,EST,2006,54.656,Europe & Central Asia,High income,True
2250,Estonia,EST,2007,54.019,Europe & Central Asia,High income,True
2251,Estonia,EST,2008,54.784,Europe & Central Asia,High income,True
2252,Estonia,EST,2009,54.714,Europe & Central Asia,High income,True
2253,Estonia,EST,2010,55.069,Europe & Central Asia,High income,True
2254,Estonia,EST,2011,55.617,Europe & Central Asia,High income,True
2255,Estonia,EST,2012,55.38,Europe & Central Asia,High income,True
2256,Estonia,EST,2013,55.341,Europe & Central Asia,High income,True
2257,Estonia,EST,2014,54.54,Europe & Central Asia,High income,True
2258,Estonia,EST,2015,55.747,Europe & Central Asia,High income,True
2259,Estonia,EST,2016,56.295,Europe & Central Asia,High income,True
2260,Estonia,EST,2017,57.006,Europe & Central Asia,High income,True
2261,Estonia,EST,2018,57.281,Europe & Central Asia,High income,True
2262,Estonia,EST,2019,57.34,Europe & Central Asia,High income,True
2263,Estonia,EST,2020,57.133,Europe & Central Asia,High income,True
2264,Estonia,EST,2021,57.777,Europe & Central Asia,High income,True
2265,Estonia,EST,2022,60.138,Europe & Central Asia,High income,True
2266,Estonia,EST,2023,61.049,Europe & Central Asia,High income,True
2267,Estonia,EST,2024,61.258,Europe & Central Asia,High income,True
2268,Estonia,EST,2025,60.984,Europe & Central Asia,High income,True
2269,Eswatini,SWZ,1990,43.27,Sub-Saharan Africa,Lower middle income,True
2270,Eswatini,SWZ,1991,43.39,Sub-Saharan Africa,Lower middle income,True
2271,Eswatini,SWZ,1992,43.512,Sub-Saharan Africa,Lower middle income,True
2272,Eswatini,SWZ,1993,43.571,Sub-Saharan Africa,Lower middle income,True
2273,Eswatini,SWZ,1994,43.383,Sub-Saharan Africa,Lower middle income,True
2274,Eswatini,SWZ,1995,43.259,Sub-Saharan Africa,Lower middle income,True
2275,Eswatini,SWZ,1996,43.401,Sub-Saharan Africa,Lower middle income,True
2276,Eswatini,SWZ,1997,43.605,Sub-Saharan Africa,Lower middle income,True
2277,Eswatini,SWZ,1998,43.871,Sub-Saharan Africa,Lower middle income,True
2278,Eswatini,SWZ,1999,44.153,Sub-Saharan Africa,Lower middle income,True
2279,Eswatini,SWZ,2000,44.424,Sub-Saharan Africa,Lower middle income,True
2280,Eswatini,SWZ,2001,44.669,Sub-Saharan Africa,Lower middle income,True
2281,Eswatini,SWZ,2002,44.888,Sub-Saharan Africa,Lower middle income,True
2282,Eswatini,SWZ,2003,45.077,Sub-Saharan Africa,Lower middle income,True
2283,Eswatini,SWZ,2004,45.238,Sub-Saharan Africa,Lower middle income,True
2284,Eswatini,SWZ,2005,45.375,Sub-Saharan Africa,Lower middle income,True
2285,Eswatini,SWZ,2006,45.494,Sub-Saharan Africa,Lower middle income,True
2286,Eswatini,SWZ,2007,45.632,Sub-Saharan Africa,Lower middle income,True
2287,Eswatini,SWZ,2008,45.803,Sub-Saharan Africa,Lower middle income,True
2288,Eswatini,SWZ,2009,45.98,Sub-Saharan Africa,Lower middle income,True
2289,Eswatini,SWZ,2010,46.144,Sub-Saharan Africa,Lower middle income,True
2290,Eswatini,SWZ,2011,46.29,Sub-Saharan Africa,Lower middle income,True
2291,Eswatini,SWZ,2012,46.414,Sub-Saharan Africa,Lower middle income,True
2292,Eswatini,SWZ,2013,46.531,Sub-Saharan Africa,Lower middle income,True
2293,Eswatini,SWZ,2014,46.666,Sub-Saharan Africa,Lower middle income,True
2294,Eswatini,SWZ,2015,46.819,Sub-Saharan Africa,Lower middle income,True
2295,Eswatini,SWZ,2016,46.965,Sub-Saharan Africa,Lower middle income,True
2296,Eswatini,SWZ,2017,47.016,Sub-Saharan Africa,Lower middle income,True
2297,Eswatini,SWZ,2018,47.083,Sub-Saharan Africa,Lower middle income,True
2298,Eswatini,SWZ,2019,47.158,Sub-Saharan Africa,Lower middle income,True
2299,Eswatini,SWZ,2020,46.452,Sub-Saharan Africa,Lower middle income,True
2300,Eswatini,SWZ,2021,46.901,Sub-Saharan Africa,Lower middle income,True
2301,Eswatini,SWZ,2022,47.227,Sub-Saharan Africa,Lower middle income,True
2302,Eswatini,SWZ,2023,48.24,Sub-Saharan Africa,Lower middle income,True
2303,Eswatini,SWZ,2024,48.422,Sub-Saharan Africa,Lower middle income,True
2304,Eswatini,SWZ,2025,48.518,Sub-Saharan Africa,Lower middle income,True
2305,Ethiopia,ETH,1990,74.913,Sub-Saharan Africa,Low income,True
2306,Ethiopia,ETH,1991,74.902,Sub-Saharan Africa,Low income,True
2307,Ethiopia,ETH,1992,74.884,Sub-Saharan Africa,Low income,True
2308,Ethiopia,ETH,1993,74.847,Sub-Saharan Africa,Low income,True
2309,Ethiopia,ETH,1994,74.811,Sub-Saharan Africa,Low income,True
2310,Ethiopia,ETH,1995,74.774,Sub-Saharan Africa,Low income,True
2311,Ethiopia,ETH,1996,74.735,Sub-Saharan Africa,Low income,True
2312,Ethiopia,ETH,1997,74.691,Sub-Saharan Africa,Low income,True
2313,Ethiopia,ETH,1998,74.645,Sub-Saharan Africa,Low income,True
2314,Ethiopia,ETH,1999,74.606,Sub-Saharan Africa,Low income,True
2315,Ethiopia,ETH,2000,74.575,Sub-Saharan Africa,Low income,True
2316,Ethiopia,ETH,2001,74.554,Sub-Saharan Africa,Low income,True
2317,Ethiopia,ETH,2002,74.546,Sub-Saharan Africa,Low income,True
2318,Ethiopia,ETH,2003,74.548,Sub-Saharan Africa,Low income,True
2319,Ethiopia,ETH,2004,74.557,Sub-Saharan Africa,Low income,True
2320,Ethiopia,ETH,2005,74.571,Sub-Saharan Africa,Low income,True
2321,Ethiopia,ETH,2006,74.525,Sub-Saharan Africa,Low income,True
2322,Ethiopia,ETH,2007,74.481,Sub-Saharan Africa,Low income,True
2323,Ethiopia,ETH,2008,74.439,Sub-Saharan Africa,Low income,True
2324,Ethiopia,ETH,2009,74.399,Sub-Saharan Africa,Low income,True
2325,Ethiopia,ETH,2010,74.36,Sub-Saharan Africa,Low income,True
2326,Ethiopia,ETH,2011,74.322,Sub-Saharan Africa,Low income,True
2327,Ethiopia,ETH,2012,74.286,Sub-Saharan Africa,Low income,True
2328,Ethiopia,ETH,2013,74.251,Sub-Saharan Africa,Low income,True
2329,Ethiopia,ETH,2014,72.219,Sub-Saharan Africa,Low income,True
2330,Ethiopia,ETH,2015,70.185,Sub-Saharan Africa,Low income,True
2331,Ethiopia,ETH,2016,68.148,Sub-Saharan Africa,Low income,True
2332,Ethiopia,ETH,2017,66.108,Sub-Saharan Africa,Low income,True
2333,Ethiopia,ETH,2018,64.059,Sub-Saharan Africa,Low income,True
2334,Ethiopia,ETH,2019,62.001,Sub-Saharan Africa,Low income,True
2335,Ethiopia,ETH,2020,59.297,Sub-Saharan Africa,Low income,True
2336,Ethiopia,ETH,2021,57.555,Sub-Saharan Africa,Low income,True
2337,Ethiopia,ETH,2022,58.001,Sub-Saharan Africa,Low income,True
2338,Ethiopia,ETH,2023,58.141,Sub-Saharan Africa,Low income,True
2339,Ethiopia,ETH,2024,58.391,Sub-Saharan Africa,Low income,True
2340,Ethiopia,ETH,2025,58.456,Sub-Saharan Africa,Low income,True
2341,Euro area,EMU,1990,42.8289051549662,,,False
2342,Euro area,EMU,1991,43.6516459743867,,,False
2343,Euro area,EMU,1992,43.5163937533258,,,False
2344,Euro area,EMU,1993,43.4732823131499,,,False
2345,Euro area,EMU,1994,43.7696000015321,,,False
2346,Euro area,EMU,1995,43.8737396478727,,,False
2347,Euro area,EMU,1996,44.1954420391885,,,False
2348,Euro area,EMU,1997,44.4488584989745,,,False
2349,Euro area,EMU,1998,44.8267225833128,,,False
2350,Euro area,EMU,1999,45.3825842593063,,,False
2351,Euro area,EMU,2000,45.692683147933,,,False
2352,Euro area,EMU,2001,45.7199141593204,,,False
2353,Euro area,EMU,2002,46.2991013473683,,,False
2354,Euro area,EMU,2003,46.9326293689323,,,False
2355,Euro area,EMU,2004,47.3001774273942,,,False
2356,Euro area,EMU,2005,47.8192361570921,,,False
2357,Euro area,EMU,2006,48.4147805408424,,,False
2358,Euro area,EMU,2007,48.7691687169501,,,False
2359,Euro area,EMU,2008,49.1265949889229,,,False
2360,Euro area,EMU,2009,49.4165092342341,,,False
2361,Euro area,EMU,2010,49.506828034918,,,False
2362,Euro area,EMU,2011,49.7715021660498,,,False
2363,Euro area,EMU,2012,50.201992339692,,,False
2364,Euro area,EMU,2013,50.3494852806793,,,False
2365,Euro area,EMU,2014,50.4282776348894,,,False
2366,Euro area,EMU,2015,50.4250282421278,,,False
2367,Euro area,EMU,2016,50.589694589227,,,False
2368,Euro area,EMU,2017,50.7874943749652,,,False
2369,Euro area,EMU,2018,50.8830093676577,,,False
2370,Euro area,EMU,2019,51.0948370045242,,,False
2371,Euro area,EMU,2020,50.3398192048101,,,False
2372,Euro area,EMU,2021,51.0011892446658,,,False
2373,Euro area,EMU,2022,51.5634415099479,,,False
2374,Euro area,EMU,2023,51.9761997785203,,,False
2375,Euro area,EMU,2024,51.8583026655497,,,False
2376,Euro area,EMU,2025,51.5809012438565,,,False
2377,Europe & Central Asia,ECS,1990,48.8501485819317,,,False
2378,Europe & Central Asia,ECS,1991,49.0855684756316,,,False
2379,Europe & Central Asia,ECS,1992,48.7451494102673,,,False
2380,Europe & Central Asia,ECS,1993,48.0206336455794,,,False
2381,Europe & Central Asia,ECS,1994,48.0348483843386,,,False
2382,Europe & Central Asia,ECS,1995,47.9042259662613,,,False
2383,Europe & Central Asia,ECS,1996,47.8227449022697,,,False
2384,Europe & Central Asia,ECS,1997,47.5650947028417,,,False
2385,Europe & Central Asia,ECS,1998,47.5689622486892,,,False
2386,Europe & Central Asia,ECS,1999,48.4648923941491,,,False
2387,Europe & Central Asia,ECS,2000,48.3512806473989,,,False
2388,Europe & Central Asia,ECS,2001,48.1724688338823,,,False
2389,Europe & Central Asia,ECS,2002,48.5654794004145,,,False
2390,Europe & Central Asia,ECS,2003,48.6198753733723,,,False
2391,Europe & Central Asia,ECS,2004,48.5604767691501,,,False
2392,Europe & Central Asia,ECS,2005,48.7952831025793,,,False
2393,Europe & Central Asia,ECS,2006,49.0790395052849,,,False
2394,Europe & Central Asia,ECS,2007,49.2418728833842,,,False
2395,Europe & Central Asia,ECS,2008,49.4314362020823,,,False
2396,Europe & Central Asia,ECS,2009,49.578125322598,,,False
2397,Europe & Central Asia,ECS,2010,49.7172291583343,,,False
2398,Europe & Central Asia,ECS,2011,49.9509910394606,,,False
2399,Europe & Central Asia,ECS,2012,50.1371418018735,,,False
2400,Europe & Central Asia,ECS,2013,50.1933012343329,,,False
2401,Europe & Central Asia,ECS,2014,50.1997802797012,,,False
2402,Europe & Central Asia,ECS,2015,50.2465424224686,,,False
2403,Europe & Central Asia,ECS,2016,50.4270060903961,,,False
2404,Europe & Central Asia,ECS,2017,50.5150480754101,,,False
2405,Europe & Central Asia,ECS,2018,50.5936414594477,,,False
2406,Europe & Central Asia,ECS,2019,50.5703699375876,,,False
2407,Europe & Central Asia,ECS,2020,49.8191673360167,,,False
2408,Europe & Central Asia,ECS,2021,50.3583409467182,,,False
2409,Europe & Central Asia,ECS,2022,51.0952397666189,,,False
2410,Europe & Central Asia,ECS,2023,51.3617156568813,,,False
2411,Europe & Central Asia,ECS,2024,51.4048131909824,,,False
2412,Europe & Central Asia,ECS,2025,51.0847656904043,,,False
2413,Europe & Central Asia (IDA & IBRD countries),TEC,1990,52.6510124997388,,,False
2414,Europe & Central Asia (IDA & IBRD countries),TEC,1991,52.4929332518814,,,False
2415,Europe & Central Asia (IDA & IBRD countries),TEC,1992,51.924315216072,,,False
2416,Europe & Central Asia (IDA & IBRD countries),TEC,1993,50.4826883860593,,,False
2417,Europe & Central Asia (IDA & IBRD countries),TEC,1994,50.3181752359211,,,False
2418,Europe & Central Asia (IDA & IBRD countries),TEC,1995,49.9512771240442,,,False
2419,Europe & Central Asia (IDA & IBRD countries),TEC,1996,49.3657335979986,,,False
2420,Europe & Central Asia (IDA & IBRD countries),TEC,1997,48.578684200128,,,False
2421,Europe & Central Asia (IDA & IBRD countries),TEC,1998,48.2471812714781,,,False
2422,Europe & Central Asia (IDA & IBRD countries),TEC,1999,49.4881483413916,,,False
2423,Europe & Central Asia (IDA & IBRD countries),TEC,2000,48.9573970810384,,,False
2424,Europe & Central Asia (IDA & IBRD countries),TEC,2001,48.6034980990733,,,False
2425,Europe & Central Asia (IDA & IBRD countries),TEC,2002,48.815701559333,,,False
2426,Europe & Central Asia (IDA & IBRD countries),TEC,2003,48.3933752163227,,,False
2427,Europe & Central Asia (IDA & IBRD countries),TEC,2004,47.9479091610763,,,False
2428,Europe & Central Asia (IDA & IBRD countries),TEC,2005,47.9162770149788,,,False
2429,Europe & Central Asia (IDA & IBRD countries),TEC,2006,47.9506286120065,,,False
2430,Europe & Central Asia (IDA & IBRD countries),TEC,2007,48.0515656502367,,,False
2431,Europe & Central Asia (IDA & IBRD countries),TEC,2008,48.1188301881316,,,False
2432,Europe & Central Asia (IDA & IBRD countries),TEC,2009,48.1720016259006,,,False
2433,Europe & Central Asia (IDA & IBRD countries),TEC,2010,48.4140208105844,,,False
2434,Europe & Central Asia (IDA & IBRD countries),TEC,2011,48.5934786599155,,,False
2435,Europe & Central Asia (IDA & IBRD countries),TEC,2012,48.5679954403695,,,False
2436,Europe & Central Asia (IDA & IBRD countries),TEC,2013,48.4886145343103,,,False
2437,Europe & Central Asia (IDA & IBRD countries),TEC,2014,48.3804172710014,,,False
2438,Europe & Central Asia (IDA & IBRD countries),TEC,2015,48.4093987015069,,,False
2439,Europe & Central Asia (IDA & IBRD countries),TEC,2016,48.4962815144151,,,False
2440,Europe & Central Asia (IDA & IBRD countries),TEC,2017,48.5063188275407,,,False
2441,Europe & Central Asia (IDA & IBRD countries),TEC,2018,48.5124646499709,,,False
2442,Europe & Central Asia (IDA & IBRD countries),TEC,2019,48.237366823499,,,False
2443,Europe & Central Asia (IDA & IBRD countries),TEC,2020,47.3108079941856,,,False
2444,Europe & Central Asia (IDA & IBRD countries),TEC,2021,47.8884648573847,,,False
2445,Europe & Central Asia (IDA & IBRD countries),TEC,2022,48.7064271200428,,,False
2446,Europe & Central Asia (IDA & IBRD countries),TEC,2023,48.8725972520941,,,False
2447,Europe & Central Asia (IDA & IBRD countries),TEC,2024,49.0002256570096,,,False
2448,Europe & Central Asia (IDA & IBRD countries),TEC,2025,48.6034011065254,,,False
2449,Europe & Central Asia (excluding high income),ECA,1990,48.3719356661113,,,False
2450,Europe & Central Asia (excluding high income),ECA,1991,48.5518709041655,,,False
2451,Europe & Central Asia (excluding high income),ECA,1992,48.3784948126164,,,False
2452,Europe & Central Asia (excluding high income),ECA,1993,46.9980989723241,,,False
2453,Europe & Central Asia (excluding high income),ECA,1994,48.2947546377593,,,False
2454,Europe & Central Asia (excluding high income),ECA,1995,48.1021438244499,,,False
2455,Europe & Central Asia (excluding high income),ECA,1996,47.6461528574484,,,False
2456,Europe & Central Asia (excluding high income),ECA,1997,46.908817933711,,,False
2457,Europe & Central Asia (excluding high income),ECA,1998,46.7639956798149,,,False
2458,Europe & Central Asia (excluding high income),ECA,1999,46.7670522519556,,,False
2459,Europe & Central Asia (excluding high income),ECA,2000,45.6154127441738,,,False
2460,Europe & Central Asia (excluding high income),ECA,2001,45.4972636727137,,,False
2461,Europe & Central Asia (excluding high income),ECA,2002,45.5447574029645,,,False
2462,Europe & Central Asia (excluding high income),ECA,2003,44.9532277360746,,,False
2463,Europe & Central Asia (excluding high income),ECA,2004,43.6285507469215,,,False
2464,Europe & Central Asia (excluding high income),ECA,2005,43.3167249815347,,,False
2465,Europe & Central Asia (excluding high income),ECA,2006,43.1480136106159,,,False
2466,Europe & Central Asia (excluding high income),ECA,2007,42.9306887684724,,,False
2467,Europe & Central Asia (excluding high income),ECA,2008,42.9394567919826,,,False
2468,Europe & Central Asia (excluding high income),ECA,2009,43.2375070621253,,,False
2469,Europe & Central Asia (excluding high income),ECA,2010,43.5588713181867,,,False
2470,Europe & Central Asia (excluding high income),ECA,2011,43.7852570372911,,,False
2471,Europe & Central Asia (excluding high income),ECA,2012,43.7368629565577,,,False
2472,Europe & Central Asia (excluding high income),ECA,2013,43.8297942590948,,,False
2473,Europe & Central Asia (excluding high income),ECA,2014,43.6257007787854,,,False
2474,Europe & Central Asia (excluding high income),ECA,2015,43.8770259708606,,,False
2475,Europe & Central Asia (excluding high income),ECA,2016,44.0817049741493,,,False
2476,Europe & Central Asia (excluding high income),ECA,2017,44.1860218481217,,,False
2477,Europe & Central Asia (excluding high income),ECA,2018,44.1969735256302,,,False
2478,Europe & Central Asia (excluding high income),ECA,2019,44.107786535706,,,False
2479,Europe & Central Asia (excluding high income),ECA,2020,42.5272725421191,,,False
2480,Europe & Central Asia (excluding high income),ECA,2021,43.087070587688,,,False
2481,Europe & Central Asia (excluding high income),ECA,2022,43.3115733807368,,,False
2482,Europe & Central Asia (excluding high income),ECA,2023,43.6480027790685,,,False
2483,Europe & Central Asia (excluding high income),ECA,2024,44.1810688243632,,,False
2484,Europe & Central Asia (excluding high income),ECA,2025,43.9775929567821,,,False
2485,European Union,EUU,1990,44.6073587686844,,,False
2486,European Union,EUU,1991,45.2377342790569,,,False
2487,European Union,EUU,1992,45.0997801265927,,,False
2488,European Union,EUU,1993,44.9874739028276,,,False
2489,European Union,EUU,1994,45.1378425391223,,,False
2490,European Union,EUU,1995,45.1226718199133,,,False
2491,European Union,EUU,1996,45.3122301757255,,,False
2492,European Union,EUU,1997,45.4286139818551,,,False
2493,European Union,EUU,1998,45.7015982066909,,,False
2494,European Union,EUU,1999,46.1520832262991,,,False
2495,European Union,EUU,2000,46.333590653606,,,False
2496,European Union,EUU,2001,46.4377665314194,,,False
2497,European Union,EUU,2002,46.8207850408989,,,False
2498,European Union,EUU,2003,47.278082987194,,,False
2499,European Union,EUU,2004,47.5187390447948,,,False
2500,European Union,EUU,2005,47.9398421599187,,,False
2501,European Union,EUU,2006,48.3623875132712,,,False
2502,European Union,EUU,2007,48.623496157399,,,False
2503,European Union,EUU,2008,48.9475112884645,,,False
2504,European Union,EUU,2009,49.0292814294314,,,False
2505,European Union,EUU,2010,49.3325907280392,,,False
2506,European Union,EUU,2011,49.5712083837618,,,False
2507,European Union,EUU,2012,49.9701063040754,,,False
2508,European Union,EUU,2013,50.1041149468768,,,False
2509,European Union,EUU,2014,50.2327670599766,,,False
2510,European Union,EUU,2015,50.2881483598504,,,False
2511,European Union,EUU,2016,50.4648030294592,,,False
2512,European Union,EUU,2017,50.7052712896773,,,False
2513,European Union,EUU,2018,50.8086800267743,,,False
2514,European Union,EUU,2019,50.9563983949262,,,False
2515,European Union,EUU,2020,50.2947202876465,,,False
2516,European Union,EUU,2021,50.9889237972271,,,False
2517,European Union,EUU,2022,51.5700692630048,,,False
2518,European Union,EUU,2023,51.9690117680907,,,False
2519,European Union,EUU,2024,51.8737033852374,,,False
2520,European Union,EUU,2025,51.6146262531769,,,False
2521,Fiji,FJI,1990,39.676,East Asia & Pacific,Upper middle income,True
2522,Fiji,FJI,1991,39.73,East Asia & Pacific,Upper middle income,True
2523,Fiji,FJI,1992,39.653,East Asia & Pacific,Upper middle income,True
2524,Fiji,FJI,1993,39.632,East Asia & Pacific,Upper middle income,True
2525,Fiji,FJI,1994,39.571,East Asia & Pacific,Upper middle income,True
2526,Fiji,FJI,1995,39.543,East Asia & Pacific,Upper middle income,True
2527,Fiji,FJI,1996,39.491,East Asia & Pacific,Upper middle income,True
2528,Fiji,FJI,1997,39.08,East Asia & Pacific,Upper middle income,True
2529,Fiji,FJI,1998,38.666,East Asia & Pacific,Upper middle income,True
2530,Fiji,FJI,1999,38.253,East Asia & Pacific,Upper middle income,True
2531,Fiji,FJI,2000,37.841,East Asia & Pacific,Upper middle income,True
2532,Fiji,FJI,2001,37.429,East Asia & Pacific,Upper middle income,True
2533,Fiji,FJI,2002,37.017,East Asia & Pacific,Upper middle income,True
2534,Fiji,FJI,2003,36.605,East Asia & Pacific,Upper middle income,True
2535,Fiji,FJI,2004,36.192,East Asia & Pacific,Upper middle income,True
2536,Fiji,FJI,2005,34.969,East Asia & Pacific,Upper middle income,True
2537,Fiji,FJI,2006,36.711,East Asia & Pacific,Upper middle income,True
2538,Fiji,FJI,2007,38.475,East Asia & Pacific,Upper middle income,True
2539,Fiji,FJI,2008,40.268,East Asia & Pacific,Upper middle income,True
2540,Fiji,FJI,2009,42.086,East Asia & Pacific,Upper middle income,True
2541,Fiji,FJI,2010,43.912,East Asia & Pacific,Upper middle income,True
2542,Fiji,FJI,2011,45.74,East Asia & Pacific,Upper middle income,True
2543,Fiji,FJI,2012,44.326,East Asia & Pacific,Upper middle income,True
2544,Fiji,FJI,2013,42.925,East Asia & Pacific,Upper middle income,True
2545,Fiji,FJI,2014,41.54,East Asia & Pacific,Upper middle income,True
2546,Fiji,FJI,2015,40.016,East Asia & Pacific,Upper middle income,True
2547,Fiji,FJI,2016,38.51,East Asia & Pacific,Upper middle income,True
2548,Fiji,FJI,2017,38.501,East Asia & Pacific,Upper middle income,True
2549,Fiji,FJI,2018,38.505,East Asia & Pacific,Upper middle income,True
2550,Fiji,FJI,2019,38.526,East Asia & Pacific,Upper middle income,True
2551,Fiji,FJI,2020,36.179,East Asia & Pacific,Upper middle income,True
2552,Fiji,FJI,2021,36.55,East Asia & Pacific,Upper middle income,True
2553,Fiji,FJI,2022,38.205,East Asia & Pacific,Upper middle income,True
2554,Fiji,FJI,2023,38.419,East Asia & Pacific,Upper middle income,True
2555,Fiji,FJI,2024,38.501,East Asia & Pacific,Upper middle income,True
2556,Fiji,FJI,2025,38.451,East Asia & Pacific,Upper middle income,True
2557,Finland,FIN,1990,58.63,Europe & Central Asia,High income,True
2558,Finland,FIN,1991,57.385,Europe & Central Asia,High income,True
2559,Finland,FIN,1992,56.172,Europe & Central Asia,High income,True
2560,Finland,FIN,1993,55.444,Europe & Central Asia,High income,True
2561,Finland,FIN,1994,54.717,Europe & Central Asia,High income,True
2562,Finland,FIN,1995,54.633,Europe & Central Asia,High income,True
2563,Finland,FIN,1996,54.555,Europe & Central Asia,High income,True
2564,Finland,FIN,1997,54.859,Europe & Central Asia,High income,True
2565,Finland,FIN,1998,55.058,Europe & Central Asia,High income,True
2566,Finland,FIN,1999,56.323,Europe & Central Asia,High income,True
2567,Finland,FIN,2000,56.566,Europe & Central Asia,High income,True
2568,Finland,FIN,2001,57.281,Europe & Central Asia,High income,True
2569,Finland,FIN,2002,57.75,Europe & Central Asia,High income,True
2570,Finland,FIN,2003,57.631,Europe & Central Asia,High income,True
2571,Finland,FIN,2004,57.573,Europe & Central Asia,High income,True
2572,Finland,FIN,2005,58.157,Europe & Central Asia,High income,True
2573,Finland,FIN,2006,58.337,Europe & Central Asia,High income,True
2574,Finland,FIN,2007,57.33,Europe & Central Asia,High income,True
2575,Finland,FIN,2008,57.374,Europe & Central Asia,High income,True
2576,Finland,FIN,2009,56.861,Europe & Central Asia,High income,True
2577,Finland,FIN,2010,55.871,Europe & Central Asia,High income,True
2578,Finland,FIN,2011,55.743,Europe & Central Asia,High income,True
2579,Finland,FIN,2012,55.865,Europe & Central Asia,High income,True
2580,Finland,FIN,2013,55.568,Europe & Central Asia,High income,True
2581,Finland,FIN,2014,55.297,Europe & Central Asia,High income,True
2582,Finland,FIN,2015,55.407,Europe & Central Asia,High income,True
2583,Finland,FIN,2016,54.982,Europe & Central Asia,High income,True
2584,Finland,FIN,2017,55.027,Europe & Central Asia,High income,True
2585,Finland,FIN,2018,55.688,Europe & Central Asia,High income,True
2586,Finland,FIN,2019,55.677,Europe & Central Asia,High income,True
2587,Finland,FIN,2020,55.175,Europe & Central Asia,High income,True
2588,Finland,FIN,2021,55.927,Europe & Central Asia,High income,True
2589,Finland,FIN,2022,57.267,Europe & Central Asia,High income,True
2590,Finland,FIN,2023,57.489,Europe & Central Asia,High income,True
2591,Finland,FIN,2024,56.668,Europe & Central Asia,High income,True
2592,Finland,FIN,2025,56.493,Europe & Central Asia,High income,True
2593,France,FRA,1990,46.421,Europe & Central Asia,High income,True
2594,France,FRA,1991,46.459,Europe & Central Asia,High income,True
2595,France,FRA,1992,46.851,Europe & Central Asia,High income,True
2596,France,FRA,1993,47.306,Europe & Central Asia,High income,True
2597,France,FRA,1994,47.467,Europe & Central Asia,High income,True
2598,France,FRA,1995,47.775,Europe & Central Asia,High income,True
2599,France,FRA,1996,48.146,Europe & Central Asia,High income,True
2600,France,FRA,1997,47.736,Europe & Central Asia,High income,True
2601,France,FRA,1998,48.064,Europe & Central Asia,High income,True
2602,France,FRA,1999,48.449,Europe & Central Asia,High income,True
2603,France,FRA,2000,48.535,Europe & Central Asia,High income,True
2604,France,FRA,2001,48.324,Europe & Central Asia,High income,True
2605,France,FRA,2002,48.535,Europe & Central Asia,High income,True
2606,France,FRA,2003,49.736,Europe & Central Asia,High income,True
2607,France,FRA,2004,49.582,Europe & Central Asia,High income,True
2608,France,FRA,2005,50.137,Europe & Central Asia,High income,True
2609,France,FRA,2006,50.229,Europe & Central Asia,High income,True
2610,France,FRA,2007,50.62,Europe & Central Asia,High income,True
2611,France,FRA,2008,50.74,Europe & Central Asia,High income,True
2612,France,FRA,2009,51.065,Europe & Central Asia,High income,True
2613,France,FRA,2010,51.083,Europe & Central Asia,High income,True
2614,France,FRA,2011,50.995,Europe & Central Asia,High income,True
2615,France,FRA,2012,51.196,Europe & Central Asia,High income,True
2616,France,FRA,2013,51.318,Europe & Central Asia,High income,True
2617,France,FRA,2014,51.012,Europe & Central Asia,High income,True
2618,France,FRA,2015,50.957,Europe & Central Asia,High income,True
2619,France,FRA,2016,50.83,Europe & Central Asia,High income,True
2620,France,FRA,2017,50.625,Europe & Central Asia,High income,True
2621,France,FRA,2018,50.813,Europe & Central Asia,High income,True
2622,France,FRA,2019,50.615,Europe & Central Asia,High income,True
2623,France,FRA,2020,50.05,Europe & Central Asia,High income,True
2624,France,FRA,2021,51.605,Europe & Central Asia,High income,True
2625,France,FRA,2022,51.862,Europe & Central Asia,High income,True
2626,France,FRA,2023,52.108,Europe & Central Asia,High income,True
2627,France,FRA,2024,51.773,Europe & Central Asia,High income,True
2628,France,FRA,2025,51.48,Europe & Central Asia,High income,True
2629,French Polynesia,PYF,1990,48.436,East Asia & Pacific,High income,True
2630,French Polynesia,PYF,1991,48.718,East Asia & Pacific,High income,True
2631,French Polynesia,PYF,1992,48.62,East Asia & Pacific,High income,True
2632,French Polynesia,PYF,1993,48.536,East Asia & Pacific,High income,True
2633,French Polynesia,PYF,1994,48.397,East Asia & Pacific,High income,True
2634,French Polynesia,PYF,1995,48.329,East Asia & Pacific,High income,True
2635,French Polynesia,PYF,1996,48.198,East Asia & Pacific,High income,True
2636,French Polynesia,PYF,1997,48.155,East Asia & Pacific,High income,True
2637,French Polynesia,PYF,1998,48.082,East Asia & Pacific,High income,True
2638,French Polynesia,PYF,1999,47.99,East Asia & Pacific,High income,True
2639,French Polynesia,PYF,2000,47.885,East Asia & Pacific,High income,True
2640,French Polynesia,PYF,2001,47.752,East Asia & Pacific,High income,True
2641,French Polynesia,PYF,2002,47.599,East Asia & Pacific,High income,True
2642,French Polynesia,PYF,2003,47.519,East Asia & Pacific,High income,True
2643,French Polynesia,PYF,2004,47.415,East Asia & Pacific,High income,True
2644,French Polynesia,PYF,2005,47.357,East Asia & Pacific,High income,True
2645,French Polynesia,PYF,2006,47.324,East Asia & Pacific,High income,True
2646,French Polynesia,PYF,2007,47.265,East Asia & Pacific,High income,True
2647,French Polynesia,PYF,2008,47.595,East Asia & Pacific,High income,True
2648,French Polynesia,PYF,2009,47.969,East Asia & Pacific,High income,True
2649,French Polynesia,PYF,2010,48.356,East Asia & Pacific,High income,True
2650,French Polynesia,PYF,2011,48.745,East Asia & Pacific,High income,True
2651,French Polynesia,PYF,2012,49.132,East Asia & Pacific,High income,True
2652,French Polynesia,PYF,2013,49.052,East Asia & Pacific,High income,True
2653,French Polynesia,PYF,2014,48.979,East Asia & Pacific,High income,True
2654,French Polynesia,PYF,2015,49.0,East Asia & Pacific,High income,True
2655,French Polynesia,PYF,2016,49.079,East Asia & Pacific,High income,True
2656,French Polynesia,PYF,2017,49.33,East Asia & Pacific,High income,True
2657,French Polynesia,PYF,2018,49.253,East Asia & Pacific,High income,True
2658,French Polynesia,PYF,2019,49.219,East Asia & Pacific,High income,True
2659,French Polynesia,PYF,2020,48.347,East Asia & Pacific,High income,True
2660,French Polynesia,PYF,2021,48.267,East Asia & Pacific,High income,True
2661,French Polynesia,PYF,2022,47.85,East Asia & Pacific,High income,True
2662,French Polynesia,PYF,2023,47.404,East Asia & Pacific,High income,True
2663,French Polynesia,PYF,2024,46.983,East Asia & Pacific,High income,True
2664,French Polynesia,PYF,2025,46.628,East Asia & Pacific,High income,True
2665,Gabon,GAB,1990,37.413,Sub-Saharan Africa,Upper middle income,True
2666,Gabon,GAB,1991,37.386,Sub-Saharan Africa,Upper middle income,True
2667,Gabon,GAB,1992,37.363,Sub-Saharan Africa,Upper middle income,True
2668,Gabon,GAB,1993,37.36,Sub-Saharan Africa,Upper middle income,True
2669,Gabon,GAB,1994,37.377,Sub-Saharan Africa,Upper middle income,True
2670,Gabon,GAB,1995,37.42,Sub-Saharan Africa,Upper middle income,True
2671,Gabon,GAB,1996,37.484,Sub-Saharan Africa,Upper middle income,True
2672,Gabon,GAB,1997,37.569,Sub-Saharan Africa,Upper middle income,True
2673,Gabon,GAB,1998,37.664,Sub-Saharan Africa,Upper middle income,True
2674,Gabon,GAB,1999,37.754,Sub-Saharan Africa,Upper middle income,True
2675,Gabon,GAB,2000,37.865,Sub-Saharan Africa,Upper middle income,True
2676,Gabon,GAB,2001,37.995,Sub-Saharan Africa,Upper middle income,True
2677,Gabon,GAB,2002,38.139,Sub-Saharan Africa,Upper middle income,True
2678,Gabon,GAB,2003,38.309,Sub-Saharan Africa,Upper middle income,True
2679,Gabon,GAB,2004,38.499,Sub-Saharan Africa,Upper middle income,True
2680,Gabon,GAB,2005,38.708,Sub-Saharan Africa,Upper middle income,True
2681,Gabon,GAB,2006,38.932,Sub-Saharan Africa,Upper middle income,True
2682,Gabon,GAB,2007,39.192,Sub-Saharan Africa,Upper middle income,True
2683,Gabon,GAB,2008,39.455,Sub-Saharan Africa,Upper middle income,True
2684,Gabon,GAB,2009,39.732,Sub-Saharan Africa,Upper middle income,True
2685,Gabon,GAB,2010,40.025,Sub-Saharan Africa,Upper middle income,True
2686,Gabon,GAB,2011,40.322,Sub-Saharan Africa,Upper middle income,True
2687,Gabon,GAB,2012,40.622,Sub-Saharan Africa,Upper middle income,True
2688,Gabon,GAB,2013,40.925,Sub-Saharan Africa,Upper middle income,True
2689,Gabon,GAB,2014,41.208,Sub-Saharan Africa,Upper middle income,True
2690,Gabon,GAB,2015,41.453,Sub-Saharan Africa,Upper middle income,True
2691,Gabon,GAB,2016,41.649,Sub-Saharan Africa,Upper middle income,True
2692,Gabon,GAB,2017,41.796,Sub-Saharan Africa,Upper middle income,True
2693,Gabon,GAB,2018,41.909,Sub-Saharan Africa,Upper middle income,True
2694,Gabon,GAB,2019,41.994,Sub-Saharan Africa,Upper middle income,True
2695,Gabon,GAB,2020,39.063,Sub-Saharan Africa,Upper middle income,True
2696,Gabon,GAB,2021,39.763,Sub-Saharan Africa,Upper middle income,True
2697,Gabon,GAB,2022,41.904,Sub-Saharan Africa,Upper middle income,True
2698,Gabon,GAB,2023,41.876,Sub-Saharan Africa,Upper middle income,True
2699,Gabon,GAB,2024,41.808,Sub-Saharan Africa,Upper middle income,True
2700,Gabon,GAB,2025,41.629,Sub-Saharan Africa,Upper middle income,True
2701,"Gambia, The",GMB,1990,45.277,Sub-Saharan Africa,Low income,True
2702,"Gambia, The",GMB,1991,45.198,Sub-Saharan Africa,Low income,True
2703,"Gambia, The",GMB,1992,45.152,Sub-Saharan Africa,Low income,True
2704,"Gambia, The",GMB,1993,45.12,Sub-Saharan Africa,Low income,True
2705,"Gambia, The",GMB,1994,44.928,Sub-Saharan Africa,Low income,True
2706,"Gambia, The",GMB,1995,44.814,Sub-Saharan Africa,Low income,True
2707,"Gambia, The",GMB,1996,44.795,Sub-Saharan Africa,Low income,True
2708,"Gambia, The",GMB,1997,44.959,Sub-Saharan Africa,Low income,True
2709,"Gambia, The",GMB,1998,45.015,Sub-Saharan Africa,Low income,True
2710,"Gambia, The",GMB,1999,45.269,Sub-Saharan Africa,Low income,True
2711,"Gambia, The",GMB,2000,45.454,Sub-Saharan Africa,Low income,True
2712,"Gambia, The",GMB,2001,45.657,Sub-Saharan Africa,Low income,True
2713,"Gambia, The",GMB,2002,45.184,Sub-Saharan Africa,Low income,True
2714,"Gambia, The",GMB,2003,45.45,Sub-Saharan Africa,Low income,True
2715,"Gambia, The",GMB,2004,45.723,Sub-Saharan Africa,Low income,True
2716,"Gambia, The",GMB,2005,45.295,Sub-Saharan Africa,Low income,True
2717,"Gambia, The",GMB,2006,44.999,Sub-Saharan Africa,Low income,True
2718,"Gambia, The",GMB,2007,44.963,Sub-Saharan Africa,Low income,True
2719,"Gambia, The",GMB,2008,45.154,Sub-Saharan Africa,Low income,True
2720,"Gambia, The",GMB,2009,45.375,Sub-Saharan Africa,Low income,True
2721,"Gambia, The",GMB,2010,45.546,Sub-Saharan Africa,Low income,True
2722,"Gambia, The",GMB,2011,44.653,Sub-Saharan Africa,Low income,True
2723,"Gambia, The",GMB,2012,44.784,Sub-Saharan Africa,Low income,True
2724,"Gambia, The",GMB,2013,44.75,Sub-Saharan Africa,Low income,True
2725,"Gambia, The",GMB,2014,44.404,Sub-Saharan Africa,Low income,True
2726,"Gambia, The",GMB,2015,44.465,Sub-Saharan Africa,Low income,True
2727,"Gambia, The",GMB,2016,44.377,Sub-Saharan Africa,Low income,True
2728,"Gambia, The",GMB,2017,44.498,Sub-Saharan Africa,Low income,True
2729,"Gambia, The",GMB,2018,44.792,Sub-Saharan Africa,Low income,True
2730,"Gambia, The",GMB,2019,45.017,Sub-Saharan Africa,Low income,True
2731,"Gambia, The",GMB,2020,44.823,Sub-Saharan Africa,Low income,True
2732,"Gambia, The",GMB,2021,44.967,Sub-Saharan Africa,Low income,True
2733,"Gambia, The",GMB,2022,45.13,Sub-Saharan Africa,Low income,True
2734,"Gambia, The",GMB,2023,45.242,Sub-Saharan Africa,Low income,True
2735,"Gambia, The",GMB,2024,45.428,Sub-Saharan Africa,Low income,True
2736,"Gambia, The",GMB,2025,45.459,Sub-Saharan Africa,Low income,True
2737,Georgia,GEO,1990,70.318,Europe & Central Asia,Upper middle income,True
2738,Georgia,GEO,1991,71.498,Europe & Central Asia,Upper middle income,True
2739,Georgia,GEO,1992,72.806,Europe & Central Asia,Upper middle income,True
2740,Georgia,GEO,1993,74.262,Europe & Central Asia,Upper middle income,True
2741,Georgia,GEO,1994,75.882,Europe & Central Asia,Upper middle income,True
2742,Georgia,GEO,1995,74.811,Europe & Central Asia,Upper middle income,True
2743,Georgia,GEO,1996,72.437,Europe & Central Asia,Upper middle income,True
2744,Georgia,GEO,1997,70.325,Europe & Central Asia,Upper middle income,True
2745,Georgia,GEO,1998,69.478,Europe & Central Asia,Upper middle income,True
2746,Georgia,GEO,1999,68.75,Europe & Central Asia,Upper middle income,True
2747,Georgia,GEO,2000,68.205,Europe & Central Asia,Upper middle income,True
2748,Georgia,GEO,2001,67.319,Europe & Central Asia,Upper middle income,True
2749,Georgia,GEO,2002,66.464,Europe & Central Asia,Upper middle income,True
2750,Georgia,GEO,2003,65.003,Europe & Central Asia,Upper middle income,True
2751,Georgia,GEO,2004,64.224,Europe & Central Asia,Upper middle income,True
2752,Georgia,GEO,2005,63.093,Europe & Central Asia,Upper middle income,True
2753,Georgia,GEO,2006,62.089,Europe & Central Asia,Upper middle income,True
2754,Georgia,GEO,2007,60.953,Europe & Central Asia,Upper middle income,True
2755,Georgia,GEO,2008,60.721,Europe & Central Asia,Upper middle income,True
2756,Georgia,GEO,2009,60.943,Europe & Central Asia,Upper middle income,True
2757,Georgia,GEO,2010,60.384,Europe & Central Asia,Upper middle income,True
2758,Georgia,GEO,2011,59.769,Europe & Central Asia,Upper middle income,True
2759,Georgia,GEO,2012,59.313,Europe & Central Asia,Upper middle income,True
2760,Georgia,GEO,2013,59.008,Europe & Central Asia,Upper middle income,True
2761,Georgia,GEO,2014,58.811,Europe & Central Asia,Upper middle income,True
2762,Georgia,GEO,2015,58.678,Europe & Central Asia,Upper middle income,True
2763,Georgia,GEO,2016,58.551,Europe & Central Asia,Upper middle income,True
2764,Georgia,GEO,2017,58.382,Europe & Central Asia,Upper middle income,True
2765,Georgia,GEO,2018,55.742,Europe & Central Asia,Upper middle income,True
2766,Georgia,GEO,2019,54.716,Europe & Central Asia,Upper middle income,True
2767,Georgia,GEO,2020,55.206,Europe & Central Asia,Upper middle income,True
2768,Georgia,GEO,2021,53.055,Europe & Central Asia,Upper middle income,True
2769,Georgia,GEO,2022,55.755,Europe & Central Asia,Upper middle income,True
2770,Georgia,GEO,2023,56.251,Europe & Central Asia,Upper middle income,True
2771,Georgia,GEO,2024,56.673,Europe & Central Asia,Upper middle income,True
2772,Georgia,GEO,2025,56.697,Europe & Central Asia,Upper middle income,True
2773,Germany,DEU,1990,45.168,Europe & Central Asia,High income,True
2774,Germany,DEU,1991,47.908,Europe & Central Asia,High income,True
2775,Germany,DEU,1992,47.816,Europe & Central Asia,High income,True
2776,Germany,DEU,1993,47.472,Europe & Central Asia,High income,True
2777,Germany,DEU,1994,47.98,Europe & Central Asia,High income,True
2778,Germany,DEU,1995,47.834,Europe & Central Asia,High income,True
2779,Germany,DEU,1996,47.854,Europe & Central Asia,High income,True
2780,Germany,DEU,1997,48.358,Europe & Central Asia,High income,True
2781,Germany,DEU,1998,48.537,Europe & Central Asia,High income,True
2782,Germany,DEU,1999,49.054,Europe & Central Asia,High income,True
2783,Germany,DEU,2000,49.001,Europe & Central Asia,High income,True
2784,Germany,DEU,2001,49.347,Europe & Central Asia,High income,True
2785,Germany,DEU,2002,49.58,Europe & Central Asia,High income,True
2786,Germany,DEU,2003,49.985,Europe & Central Asia,High income,True
2787,Germany,DEU,2004,49.742,Europe & Central Asia,High income,True
2788,Germany,DEU,2005,50.694,Europe & Central Asia,High income,True
2789,Germany,DEU,2006,51.758,Europe & Central Asia,High income,True
2790,Germany,DEU,2007,52.21,Europe & Central Asia,High income,True
2791,Germany,DEU,2008,51.998,Europe & Central Asia,High income,True
2792,Germany,DEU,2009,52.624,Europe & Central Asia,High income,True
2793,Germany,DEU,2010,52.528,Europe & Central Asia,High income,True
2794,Germany,DEU,2011,53.71,Europe & Central Asia,High income,True
2795,Germany,DEU,2012,53.68,Europe & Central Asia,High income,True
2796,Germany,DEU,2013,54.194,Europe & Central Asia,High income,True
2797,Germany,DEU,2014,54.468,Europe & Central Asia,High income,True
2798,Germany,DEU,2015,54.441,Europe & Central Asia,High income,True
2799,Germany,DEU,2016,54.808,Europe & Central Asia,High income,True
2800,Germany,DEU,2017,55.138,Europe & Central Asia,High income,True
2801,Germany,DEU,2018,55.211,Europe & Central Asia,High income,True
2802,Germany,DEU,2019,55.709,Europe & Central Asia,High income,True
2803,Germany,DEU,2020,55.113,Europe & Central Asia,High income,True
2804,Germany,DEU,2021,55.018,Europe & Central Asia,High income,True
2805,Germany,DEU,2022,55.538,Europe & Central Asia,High income,True
2806,Germany,DEU,2023,55.821,Europe & Central Asia,High income,True
2807,Germany,DEU,2024,55.622,Europe & Central Asia,High income,True
2808,Germany,DEU,2025,55.288,Europe & Central Asia,High income,True
2809,Ghana,GHA,1990,70.054,Sub-Saharan Africa,Lower middle income,True
2810,Ghana,GHA,1991,70.074,Sub-Saharan Africa,Lower middle income,True
2811,Ghana,GHA,1992,69.943,Sub-Saharan Africa,Lower middle income,True
2812,Ghana,GHA,1993,69.811,Sub-Saharan Africa,Lower middle income,True
2813,Ghana,GHA,1994,69.681,Sub-Saharan Africa,Lower middle income,True
2814,Ghana,GHA,1995,69.553,Sub-Saharan Africa,Lower middle income,True
2815,Ghana,GHA,1996,69.424,Sub-Saharan Africa,Lower middle income,True
2816,Ghana,GHA,1997,69.293,Sub-Saharan Africa,Lower middle income,True
2817,Ghana,GHA,1998,69.161,Sub-Saharan Africa,Lower middle income,True
2818,Ghana,GHA,1999,69.028,Sub-Saharan Africa,Lower middle income,True
2819,Ghana,GHA,2000,68.895,Sub-Saharan Africa,Lower middle income,True
2820,Ghana,GHA,2001,68.76,Sub-Saharan Africa,Lower middle income,True
2821,Ghana,GHA,2002,68.625,Sub-Saharan Africa,Lower middle income,True
2822,Ghana,GHA,2003,68.489,Sub-Saharan Africa,Lower middle income,True
2823,Ghana,GHA,2004,68.354,Sub-Saharan Africa,Lower middle income,True
2824,Ghana,GHA,2005,68.218,Sub-Saharan Africa,Lower middle income,True
2825,Ghana,GHA,2006,68.083,Sub-Saharan Africa,Lower middle income,True
2826,Ghana,GHA,2007,67.947,Sub-Saharan Africa,Lower middle income,True
2827,Ghana,GHA,2008,67.811,Sub-Saharan Africa,Lower middle income,True
2828,Ghana,GHA,2009,67.675,Sub-Saharan Africa,Lower middle income,True
2829,Ghana,GHA,2010,67.539,Sub-Saharan Africa,Lower middle income,True
2830,Ghana,GHA,2011,67.404,Sub-Saharan Africa,Lower middle income,True
2831,Ghana,GHA,2012,67.268,Sub-Saharan Africa,Lower middle income,True
2832,Ghana,GHA,2013,67.132,Sub-Saharan Africa,Lower middle income,True
2833,Ghana,GHA,2014,66.096,Sub-Saharan Africa,Lower middle income,True
2834,Ghana,GHA,2015,65.049,Sub-Saharan Africa,Lower middle income,True
2835,Ghana,GHA,2016,64.013,Sub-Saharan Africa,Lower middle income,True
2836,Ghana,GHA,2017,62.967,Sub-Saharan Africa,Lower middle income,True
2837,Ghana,GHA,2018,61.516,Sub-Saharan Africa,Lower middle income,True
2838,Ghana,GHA,2019,60.063,Sub-Saharan Africa,Lower middle income,True
2839,Ghana,GHA,2020,57.957,Sub-Saharan Africa,Lower middle income,True
2840,Ghana,GHA,2021,56.85,Sub-Saharan Africa,Lower middle income,True
2841,Ghana,GHA,2022,55.507,Sub-Saharan Africa,Lower middle income,True
2842,Ghana,GHA,2023,55.53,Sub-Saharan Africa,Lower middle income,True
2843,Ghana,GHA,2024,55.733,Sub-Saharan Africa,Lower middle income,True
2844,Ghana,GHA,2025,55.265,Sub-Saharan Africa,Lower middle income,True
2845,Greece,GRC,1990,35.539,Europe & Central Asia,High income,True
2846,Greece,GRC,1991,33.326,Europe & Central Asia,High income,True
2847,Greece,GRC,1992,34.554,Europe & Central Asia,High income,True
2848,Greece,GRC,1993,34.755,Europe & Central Asia,High income,True
2849,Greece,GRC,1994,35.403,Europe & Central Asia,High income,True
2850,Greece,GRC,1995,35.998,Europe & Central Asia,High income,True
2851,Greece,GRC,1996,37.22,Europe & Central Asia,High income,True
2852,Greece,GRC,1997,37.21,Europe & Central Asia,High income,True
2853,Greece,GRC,1998,39.031,Europe & Central Asia,High income,True
2854,Greece,GRC,1999,39.519,Europe & Central Asia,High income,True
2855,Greece,GRC,2000,39.478,Europe & Central Asia,High income,True
2856,Greece,GRC,2001,38.729,Europe & Central Asia,High income,True
2857,Greece,GRC,2002,39.27,Europe & Central Asia,High income,True
2858,Greece,GRC,2003,39.859,Europe & Central Asia,High income,True
2859,Greece,GRC,2004,41.048,Europe & Central Asia,High income,True
2860,Greece,GRC,2005,41.255,Europe & Central Asia,High income,True
2861,Greece,GRC,2006,41.607,Europe & Central Asia,High income,True
2862,Greece,GRC,2007,41.488,Europe & Central Asia,High income,True
2863,Greece,GRC,2008,41.532,Europe & Central Asia,High income,True
2864,Greece,GRC,2009,42.576,Europe & Central Asia,High income,True
2865,Greece,GRC,2010,43.229,Europe & Central Asia,High income,True
2866,Greece,GRC,2011,43.077,Europe & Central Asia,High income,True
2867,Greece,GRC,2012,43.383,Europe & Central Asia,High income,True
2868,Greece,GRC,2013,43.172,Europe & Central Asia,High income,True
2869,Greece,GRC,2014,43.517,Europe & Central Asia,High income,True
2870,Greece,GRC,2015,44.028,Europe & Central Asia,High income,True
2871,Greece,GRC,2016,44.091,Europe & Central Asia,High income,True
2872,Greece,GRC,2017,43.828,Europe & Central Asia,High income,True
2873,Greece,GRC,2018,43.387,Europe & Central Asia,High income,True
2874,Greece,GRC,2019,43.513,Europe & Central Asia,High income,True
2875,Greece,GRC,2020,42.721,Europe & Central Asia,High income,True
2876,Greece,GRC,2021,43.261,Europe & Central Asia,High income,True
2877,Greece,GRC,2022,44.413,Europe & Central Asia,High income,True
2878,Greece,GRC,2023,44.646,Europe & Central Asia,High income,True
2879,Greece,GRC,2024,45.027,Europe & Central Asia,High income,True
2880,Greece,GRC,2025,44.666,Europe & Central Asia,High income,True
2881,Guam,GUM,1990,59.507,East Asia & Pacific,High income,True
2882,Guam,GUM,1991,59.556,East Asia & Pacific,High income,True
2883,Guam,GUM,1992,59.612,East Asia & Pacific,High income,True
2884,Guam,GUM,1993,59.665,East Asia & Pacific,High income,True
2885,Guam,GUM,1994,59.722,East Asia & Pacific,High income,True
2886,Guam,GUM,1995,59.782,East Asia & Pacific,High income,True
2887,Guam,GUM,1996,59.844,East Asia & Pacific,High income,True
2888,Guam,GUM,1997,59.906,East Asia & Pacific,High income,True
2889,Guam,GUM,1998,59.965,East Asia & Pacific,High income,True
2890,Guam,GUM,1999,60.026,East Asia & Pacific,High income,True
2891,Guam,GUM,2000,60.074,East Asia & Pacific,High income,True
2892,Guam,GUM,2001,58.087,East Asia & Pacific,High income,True
2893,Guam,GUM,2002,54.398,East Asia & Pacific,High income,True
2894,Guam,GUM,2003,53.502,East Asia & Pacific,High income,True
2895,Guam,GUM,2004,52.599,East Asia & Pacific,High income,True
2896,Guam,GUM,2005,54.802,East Asia & Pacific,High income,True
2897,Guam,GUM,2006,55.193,East Asia & Pacific,High income,True
2898,Guam,GUM,2007,48.288,East Asia & Pacific,High income,True
2899,Guam,GUM,2008,50.81,East Asia & Pacific,High income,True
2900,Guam,GUM,2009,53.319,East Asia & Pacific,High income,True
2901,Guam,GUM,2010,56.437,East Asia & Pacific,High income,True
2902,Guam,GUM,2011,56.107,East Asia & Pacific,High income,True
2903,Guam,GUM,2012,56.176,East Asia & Pacific,High income,True
2904,Guam,GUM,2013,56.235,East Asia & Pacific,High income,True
2905,Guam,GUM,2014,56.299,East Asia & Pacific,High income,True
2906,Guam,GUM,2015,56.338,East Asia & Pacific,High income,True
2907,Guam,GUM,2016,56.36,East Asia & Pacific,High income,True
2908,Guam,GUM,2017,56.404,East Asia & Pacific,High income,True
2909,Guam,GUM,2018,56.4,East Asia & Pacific,High income,True
2910,Guam,GUM,2019,56.497,East Asia & Pacific,High income,True
2911,Guam,GUM,2020,53.58,East Asia & Pacific,High income,True
2912,Guam,GUM,2021,54.128,East Asia & Pacific,High income,True
2913,Guam,GUM,2022,56.289,East Asia & Pacific,High income,True
2914,Guam,GUM,2023,56.391,East Asia & Pacific,High income,True
2915,Guam,GUM,2024,56.468,East Asia & Pacific,High income,True
2916,Guam,GUM,2025,56.52,East Asia & Pacific,High income,True
2917,Guatemala,GTM,1990,44.286,Latin America & Caribbean,Upper middle income,True
2918,Guatemala,GTM,1991,44.425,Latin America & Caribbean,Upper middle income,True
2919,Guatemala,GTM,1992,44.666,Latin America & Caribbean,Upper middle income,True
2920,Guatemala,GTM,1993,44.835,Latin America & Caribbean,Upper middle income,True
2921,Guatemala,GTM,1994,44.993,Latin America & Caribbean,Upper middle income,True
2922,Guatemala,GTM,1995,45.209,Latin America & Caribbean,Upper middle income,True
2923,Guatemala,GTM,1996,45.279,Latin America & Caribbean,Upper middle income,True
2924,Guatemala,GTM,1997,45.476,Latin America & Caribbean,Upper middle income,True
2925,Guatemala,GTM,1998,45.736,Latin America & Caribbean,Upper middle income,True
2926,Guatemala,GTM,1999,45.913,Latin America & Caribbean,Upper middle income,True
2927,Guatemala,GTM,2000,46.075,Latin America & Caribbean,Upper middle income,True
2928,Guatemala,GTM,2001,46.14,Latin America & Caribbean,Upper middle income,True
2929,Guatemala,GTM,2002,46.346,Latin America & Caribbean,Upper middle income,True
2930,Guatemala,GTM,2003,47.982,Latin America & Caribbean,Upper middle income,True
2931,Guatemala,GTM,2004,42.045,Latin America & Caribbean,Upper middle income,True
2932,Guatemala,GTM,2005,41.947,Latin America & Caribbean,Upper middle income,True
2933,Guatemala,GTM,2006,41.858,Latin America & Caribbean,Upper middle income,True
2934,Guatemala,GTM,2007,41.778,Latin America & Caribbean,Upper middle income,True
2935,Guatemala,GTM,2008,41.708,Latin America & Caribbean,Upper middle income,True
2936,Guatemala,GTM,2009,41.648,Latin America & Caribbean,Upper middle income,True
2937,Guatemala,GTM,2010,41.598,Latin America & Caribbean,Upper middle income,True
2938,Guatemala,GTM,2011,40.096,Latin America & Caribbean,Upper middle income,True
2939,Guatemala,GTM,2012,44.986,Latin America & Caribbean,Upper middle income,True
2940,Guatemala,GTM,2013,39.687,Latin America & Caribbean,Upper middle income,True
2941,Guatemala,GTM,2014,39.978,Latin America & Caribbean,Upper middle income,True
2942,Guatemala,GTM,2015,38.437,Latin America & Caribbean,Upper middle income,True
2943,Guatemala,GTM,2016,39.525,Latin America & Caribbean,Upper middle income,True
2944,Guatemala,GTM,2017,38.656,Latin America & Caribbean,Upper middle income,True
2945,Guatemala,GTM,2018,38.408,Latin America & Caribbean,Upper middle income,True
2946,Guatemala,GTM,2019,37.107,Latin America & Caribbean,Upper middle income,True
2947,Guatemala,GTM,2020,38.299,Latin America & Caribbean,Upper middle income,True
2948,Guatemala,GTM,2021,42.496,Latin America & Caribbean,Upper middle income,True
2949,Guatemala,GTM,2022,40.502,Latin America & Caribbean,Upper middle income,True
2950,Guatemala,GTM,2023,38.14,Latin America & Caribbean,Upper middle income,True
2951,Guatemala,GTM,2024,38.42,Latin America & Caribbean,Upper middle income,True
2952,Guatemala,GTM,2025,38.324,Latin America & Caribbean,Upper middle income,True
2953,Guinea,GIN,1990,63.491,Sub-Saharan Africa,Lower middle income,True
2954,Guinea,GIN,1991,63.46,Sub-Saharan Africa,Lower middle income,True
2955,Guinea,GIN,1992,63.419,Sub-Saharan Africa,Lower middle income,True
2956,Guinea,GIN,1993,63.378,Sub-Saharan Africa,Lower middle income,True
2957,Guinea,GIN,1994,63.333,Sub-Saharan Africa,Lower middle income,True
2958,Guinea,GIN,1995,63.295,Sub-Saharan Africa,Lower middle income,True
2959,Guinea,GIN,1996,63.262,Sub-Saharan Africa,Lower middle income,True
2960,Guinea,GIN,1997,63.145,Sub-Saharan Africa,Lower middle income,True
2961,Guinea,GIN,1998,63.028,Sub-Saharan Africa,Lower middle income,True
2962,Guinea,GIN,1999,62.977,Sub-Saharan Africa,Lower middle income,True
2963,Guinea,GIN,2000,62.907,Sub-Saharan Africa,Lower middle income,True
2964,Guinea,GIN,2001,62.781,Sub-Saharan Africa,Lower middle income,True
2965,Guinea,GIN,2002,62.713,Sub-Saharan Africa,Lower middle income,True
2966,Guinea,GIN,2003,61.566,Sub-Saharan Africa,Lower middle income,True
2967,Guinea,GIN,2004,60.41,Sub-Saharan Africa,Lower middle income,True
2968,Guinea,GIN,2005,59.249,Sub-Saharan Africa,Lower middle income,True
2969,Guinea,GIN,2006,58.078,Sub-Saharan Africa,Lower middle income,True
2970,Guinea,GIN,2007,56.894,Sub-Saharan Africa,Lower middle income,True
2971,Guinea,GIN,2008,55.7,Sub-Saharan Africa,Lower middle income,True
2972,Guinea,GIN,2009,54.499,Sub-Saharan Africa,Lower middle income,True
2973,Guinea,GIN,2010,53.291,Sub-Saharan Africa,Lower middle income,True
2974,Guinea,GIN,2011,52.077,Sub-Saharan Africa,Lower middle income,True
2975,Guinea,GIN,2012,50.859,Sub-Saharan Africa,Lower middle income,True
2976,Guinea,GIN,2013,49.638,Sub-Saharan Africa,Lower middle income,True
2977,Guinea,GIN,2014,48.414,Sub-Saharan Africa,Lower middle income,True
2978,Guinea,GIN,2015,47.185,Sub-Saharan Africa,Lower middle income,True
2979,Guinea,GIN,2016,45.954,Sub-Saharan Africa,Lower middle income,True
2980,Guinea,GIN,2017,44.725,Sub-Saharan Africa,Lower middle income,True
2981,Guinea,GIN,2018,43.497,Sub-Saharan Africa,Lower middle income,True
2982,Guinea,GIN,2019,42.271,Sub-Saharan Africa,Lower middle income,True
2983,Guinea,GIN,2020,41.854,Sub-Saharan Africa,Lower middle income,True
2984,Guinea,GIN,2021,41.989,Sub-Saharan Africa,Lower middle income,True
2985,Guinea,GIN,2022,42.529,Sub-Saharan Africa,Lower middle income,True
2986,Guinea,GIN,2023,42.739,Sub-Saharan Africa,Lower middle income,True
2987,Guinea,GIN,2024,42.882,Sub-Saharan Africa,Lower middle income,True
2988,Guinea,GIN,2025,42.646,Sub-Saharan Africa,Lower middle income,True
2989,Guinea-Bissau,GNB,1990,55.237,Sub-Saharan Africa,Low income,True
2990,Guinea-Bissau,GNB,1991,55.277,Sub-Saharan Africa,Low income,True
2991,Guinea-Bissau,GNB,1992,55.302,Sub-Saharan Africa,Low income,True
2992,Guinea-Bissau,GNB,1993,55.312,Sub-Saharan Africa,Low income,True
2993,Guinea-Bissau,GNB,1994,55.314,Sub-Saharan Africa,Low income,True
2994,Guinea-Bissau,GNB,1995,55.327,Sub-Saharan Africa,Low income,True
2995,Guinea-Bissau,GNB,1996,55.353,Sub-Saharan Africa,Low income,True
2996,Guinea-Bissau,GNB,1997,55.386,Sub-Saharan Africa,Low income,True
2997,Guinea-Bissau,GNB,1998,55.424,Sub-Saharan Africa,Low income,True
2998,Guinea-Bissau,GNB,1999,55.465,Sub-Saharan Africa,Low income,True
2999,Guinea-Bissau,GNB,2000,55.507,Sub-Saharan Africa,Low income,True
3000,Guinea-Bissau,GNB,2001,55.548,Sub-Saharan Africa,Low income,True
3001,Guinea-Bissau,GNB,2002,55.587,Sub-Saharan Africa,Low income,True
3002,Guinea-Bissau,GNB,2003,55.623,Sub-Saharan Africa,Low income,True
3003,Guinea-Bissau,GNB,2004,55.66,Sub-Saharan Africa,Low income,True
3004,Guinea-Bissau,GNB,2005,55.693,Sub-Saharan Africa,Low income,True
3005,Guinea-Bissau,GNB,2006,55.717,Sub-Saharan Africa,Low income,True
3006,Guinea-Bissau,GNB,2007,55.743,Sub-Saharan Africa,Low income,True
3007,Guinea-Bissau,GNB,2008,55.774,Sub-Saharan Africa,Low income,True
3008,Guinea-Bissau,GNB,2009,55.812,Sub-Saharan Africa,Low income,True
3009,Guinea-Bissau,GNB,2010,55.854,Sub-Saharan Africa,Low income,True
3010,Guinea-Bissau,GNB,2011,55.896,Sub-Saharan Africa,Low income,True
3011,Guinea-Bissau,GNB,2012,55.939,Sub-Saharan Africa,Low income,True
3012,Guinea-Bissau,GNB,2013,55.987,Sub-Saharan Africa,Low income,True
3013,Guinea-Bissau,GNB,2014,56.042,Sub-Saharan Africa,Low income,True
3014,Guinea-Bissau,GNB,2015,56.11,Sub-Saharan Africa,Low income,True
3015,Guinea-Bissau,GNB,2016,56.189,Sub-Saharan Africa,Low income,True
3016,Guinea-Bissau,GNB,2017,56.285,Sub-Saharan Africa,Low income,True
3017,Guinea-Bissau,GNB,2018,56.399,Sub-Saharan Africa,Low income,True
3018,Guinea-Bissau,GNB,2019,56.063,Sub-Saharan Africa,Low income,True
3019,Guinea-Bissau,GNB,2020,56.768,Sub-Saharan Africa,Low income,True
3020,Guinea-Bissau,GNB,2021,58.375,Sub-Saharan Africa,Low income,True
3021,Guinea-Bissau,GNB,2022,59.972,Sub-Saharan Africa,Low income,True
3022,Guinea-Bissau,GNB,2023,60.084,Sub-Saharan Africa,Low income,True
3023,Guinea-Bissau,GNB,2024,60.17,Sub-Saharan Africa,Low income,True
3024,Guinea-Bissau,GNB,2025,60.287,Sub-Saharan Africa,Low income,True
3025,Guyana,GUY,1990,37.53,Latin America & Caribbean,High income,True
3026,Guyana,GUY,1991,38.059,Latin America & Caribbean,High income,True
3027,Guyana,GUY,1992,38.663,Latin America & Caribbean,High income,True
3028,Guyana,GUY,1993,39.269,Latin America & Caribbean,High income,True
3029,Guyana,GUY,1994,38.728,Latin America & Caribbean,High income,True
3030,Guyana,GUY,1995,38.19,Latin America & Caribbean,High income,True
3031,Guyana,GUY,1996,37.649,Latin America & Caribbean,High income,True
3032,Guyana,GUY,1997,37.101,Latin America & Caribbean,High income,True
3033,Guyana,GUY,1998,36.542,Latin America & Caribbean,High income,True
3034,Guyana,GUY,1999,35.975,Latin America & Caribbean,High income,True
3035,Guyana,GUY,2000,35.401,Latin America & Caribbean,High income,True
3036,Guyana,GUY,2001,34.818,Latin America & Caribbean,High income,True
3037,Guyana,GUY,2002,34.228,Latin America & Caribbean,High income,True
3038,Guyana,GUY,2003,34.892,Latin America & Caribbean,High income,True
3039,Guyana,GUY,2004,35.543,Latin America & Caribbean,High income,True
3040,Guyana,GUY,2005,36.189,Latin America & Caribbean,High income,True
3041,Guyana,GUY,2006,36.827,Latin America & Caribbean,High income,True
3042,Guyana,GUY,2007,37.454,Latin America & Caribbean,High income,True
3043,Guyana,GUY,2008,38.07,Latin America & Caribbean,High income,True
3044,Guyana,GUY,2009,38.675,Latin America & Caribbean,High income,True
3045,Guyana,GUY,2010,39.268,Latin America & Caribbean,High income,True
3046,Guyana,GUY,2011,39.85,Latin America & Caribbean,High income,True
3047,Guyana,GUY,2012,40.442,Latin America & Caribbean,High income,True
3048,Guyana,GUY,2013,41.049,Latin America & Caribbean,High income,True
3049,Guyana,GUY,2014,41.657,Latin America & Caribbean,High income,True
3050,Guyana,GUY,2015,42.273,Latin America & Caribbean,High income,True
3051,Guyana,GUY,2016,42.902,Latin America & Caribbean,High income,True
3052,Guyana,GUY,2017,43.543,Latin America & Caribbean,High income,True
3053,Guyana,GUY,2018,44.263,Latin America & Caribbean,High income,True
3054,Guyana,GUY,2019,41.347,Latin America & Caribbean,High income,True
3055,Guyana,GUY,2020,40.299,Latin America & Caribbean,High income,True
3056,Guyana,GUY,2021,40.752,Latin America & Caribbean,High income,True
3057,Guyana,GUY,2022,45.133,Latin America & Caribbean,High income,True
3058,Guyana,GUY,2023,46.479,Latin America & Caribbean,High income,True
3059,Guyana,GUY,2024,47.381,Latin America & Caribbean,High income,True
3060,Guyana,GUY,2025,47.35,Latin America & Caribbean,High income,True
3061,Haiti,HTI,1990,56.681,Latin America & Caribbean,Lower middle income,True
3062,Haiti,HTI,1991,56.745,Latin America & Caribbean,Lower middle income,True
3063,Haiti,HTI,1992,56.814,Latin America & Caribbean,Lower middle income,True
3064,Haiti,HTI,1993,56.891,Latin America & Caribbean,Lower middle income,True
3065,Haiti,HTI,1994,56.974,Latin America & Caribbean,Lower middle income,True
3066,Haiti,HTI,1995,57.063,Latin America & Caribbean,Lower middle income,True
3067,Haiti,HTI,1996,57.005,Latin America & Caribbean,Lower middle income,True
3068,Haiti,HTI,1997,56.954,Latin America & Caribbean,Lower middle income,True
3069,Haiti,HTI,1998,56.908,Latin America & Caribbean,Lower middle income,True
3070,Haiti,HTI,1999,56.868,Latin America & Caribbean,Lower middle income,True
3071,Haiti,HTI,2000,56.835,Latin America & Caribbean,Lower middle income,True
3072,Haiti,HTI,2001,57.148,Latin America & Caribbean,Lower middle income,True
3073,Haiti,HTI,2002,57.462,Latin America & Caribbean,Lower middle income,True
3074,Haiti,HTI,2003,57.775,Latin America & Caribbean,Lower middle income,True
3075,Haiti,HTI,2004,58.087,Latin America & Caribbean,Lower middle income,True
3076,Haiti,HTI,2005,58.4,Latin America & Caribbean,Lower middle income,True
3077,Haiti,HTI,2006,58.842,Latin America & Caribbean,Lower middle income,True
3078,Haiti,HTI,2007,59.284,Latin America & Caribbean,Lower middle income,True
3079,Haiti,HTI,2008,59.724,Latin America & Caribbean,Lower middle income,True
3080,Haiti,HTI,2009,60.162,Latin America & Caribbean,Lower middle income,True
3081,Haiti,HTI,2010,60.596,Latin America & Caribbean,Lower middle income,True
3082,Haiti,HTI,2011,61.034,Latin America & Caribbean,Lower middle income,True
3083,Haiti,HTI,2012,61.032,Latin America & Caribbean,Lower middle income,True
3084,Haiti,HTI,2013,61.379,Latin America & Caribbean,Lower middle income,True
3085,Haiti,HTI,2014,61.602,Latin America & Caribbean,Lower middle income,True
3086,Haiti,HTI,2015,61.695,Latin America & Caribbean,Lower middle income,True
3087,Haiti,HTI,2016,61.827,Latin America & Caribbean,Lower middle income,True
3088,Haiti,HTI,2017,62.02,Latin America & Caribbean,Lower middle income,True
3089,Haiti,HTI,2018,62.139,Latin America & Caribbean,Lower middle income,True
3090,Haiti,HTI,2019,61.952,Latin America & Caribbean,Lower middle income,True
3091,Haiti,HTI,2020,61.366,Latin America & Caribbean,Lower middle income,True
3092,Haiti,HTI,2021,62.099,Latin America & Caribbean,Lower middle income,True
3093,Haiti,HTI,2022,59.948,Latin America & Caribbean,Lower middle income,True
3094,Haiti,HTI,2023,59.351,Latin America & Caribbean,Lower middle income,True
3095,Haiti,HTI,2024,58.321,Latin America & Caribbean,Lower middle income,True
3096,Haiti,HTI,2025,58.337,Latin America & Caribbean,Lower middle income,True
3097,Heavily indebted poor countries (HIPC),HPC,1990,63.5374808654771,,,False
3098,Heavily indebted poor countries (HIPC),HPC,1991,63.66845631649,,,False
3099,Heavily indebted poor countries (HIPC),HPC,1992,63.697006884628,,,False
3100,Heavily indebted poor countries (HIPC),HPC,1993,63.5979149464976,,,False
3101,Heavily indebted poor countries (HIPC),HPC,1994,63.6609963786939,,,False
3102,Heavily indebted poor countries (HIPC),HPC,1995,63.7980454852057,,,False
3103,Heavily indebted poor countries (HIPC),HPC,1996,63.7484070480288,,,False
3104,Heavily indebted poor countries (HIPC),HPC,1997,63.6260080008651,,,False
3105,Heavily indebted poor countries (HIPC),HPC,1998,63.5532091149772,,,False
3106,Heavily indebted poor countries (HIPC),HPC,1999,63.5528108907961,,,False
3107,Heavily indebted poor countries (HIPC),HPC,2000,63.5797022960751,,,False
3108,Heavily indebted poor countries (HIPC),HPC,2001,63.6360625260164,,,False
3109,Heavily indebted poor countries (HIPC),HPC,2002,63.6510018437737,,,False
3110,Heavily indebted poor countries (HIPC),HPC,2003,63.6266123407517,,,False
3111,Heavily indebted poor countries (HIPC),HPC,2004,63.6338005846587,,,False
3112,Heavily indebted poor countries (HIPC),HPC,2005,63.6147788339654,,,False
3113,Heavily indebted poor countries (HIPC),HPC,2006,63.3816897135963,,,False
3114,Heavily indebted poor countries (HIPC),HPC,2007,63.1526953852217,,,False
3115,Heavily indebted poor countries (HIPC),HPC,2008,62.8605890120167,,,False
3116,Heavily indebted poor countries (HIPC),HPC,2009,62.5914586556476,,,False
3117,Heavily indebted poor countries (HIPC),HPC,2010,62.3448622765525,,,False
3118,Heavily indebted poor countries (HIPC),HPC,2011,62.4301720494253,,,False
3119,Heavily indebted poor countries (HIPC),HPC,2012,61.4215279198217,,,False
3120,Heavily indebted poor countries (HIPC),HPC,2013,61.9286078408668,,,False
3121,Heavily indebted poor countries (HIPC),HPC,2014,60.9828623419084,,,False
3122,Heavily indebted poor countries (HIPC),HPC,2015,60.3332248941871,,,False
3123,Heavily indebted poor countries (HIPC),HPC,2016,59.7332806397612,,,False
3124,Heavily indebted poor countries (HIPC),HPC,2017,59.0037741156386,,,False
3125,Heavily indebted poor countries (HIPC),HPC,2018,58.5718693025214,,,False
3126,Heavily indebted poor countries (HIPC),HPC,2019,57.9501857251458,,,False
3127,Heavily indebted poor countries (HIPC),HPC,2020,57.1155865589764,,,False
3128,Heavily indebted poor countries (HIPC),HPC,2021,57.0025714897923,,,False
3129,Heavily indebted poor countries (HIPC),HPC,2022,56.7818598632427,,,False
3130,Heavily indebted poor countries (HIPC),HPC,2023,59.4738470280456,,,False
3131,Heavily indebted poor countries (HIPC),HPC,2024,59.5101491520304,,,False
3132,Heavily indebted poor countries (HIPC),HPC,2025,59.468612448695,,,False
3133,High income,HIC,1990,50.1202973053733,,,False
3134,High income,HIC,1991,50.3116350788666,,,False
3135,High income,HIC,1992,50.1918387716429,,,False
3136,High income,HIC,1993,49.8835474672767,,,False
3137,High income,HIC,1994,49.9407662454974,,,False
3138,High income,HIC,1995,49.9656011699404,,,False
3139,High income,HIC,1996,50.087782603047,,,False
3140,High income,HIC,1997,50.2338102950399,,,False
3141,High income,HIC,1998,50.166871148819,,,False
3142,High income,HIC,1999,50.8219814866874,,,False
3143,High income,HIC,2000,50.995111894478,,,False
3144,High income,HIC,2001,50.8959528849035,,,False
3145,High income,HIC,2002,51.1110582682499,,,False
3146,High income,HIC,2003,51.2233034955269,,,False
3147,High income,HIC,2004,51.4070454162511,,,False
3148,High income,HIC,2005,51.721597006957,,,False
3149,High income,HIC,2006,52.0472933167114,,,False
3150,High income,HIC,2007,52.2178164876839,,,False
3151,High income,HIC,2008,52.4288920710018,,,False
3152,High income,HIC,2009,52.4152403788852,,,False
3153,High income,HIC,2010,52.4017209235698,,,False
3154,High income,HIC,2011,52.4511891713464,,,False
3155,High income,HIC,2012,52.6027113075628,,,False
3156,High income,HIC,2013,52.6403371461161,,,False
3157,High income,HIC,2014,52.7547857253635,,,False
3158,High income,HIC,2015,52.7561971635923,,,False
3159,High income,HIC,2016,52.9903450388355,,,False
3160,High income,HIC,2017,53.2101890656679,,,False
3161,High income,HIC,2018,53.5082110870137,,,False
3162,High income,HIC,2019,53.8018538607242,,,False
3163,High income,HIC,2020,53.1263395964562,,,False
3164,High income,HIC,2021,53.5716797725764,,,False
3165,High income,HIC,2022,54.0821636718921,,,False
3166,High income,HIC,2023,54.4532936528781,,,False
3167,High income,HIC,2024,54.4896758207317,,,False
3168,High income,HIC,2025,54.2857646400717,,,False
3169,Honduras,HND,1990,44.543,Latin America & Caribbean,Lower middle income,True
3170,Honduras,HND,1991,44.078,Latin America & Caribbean,Lower middle income,True
3171,Honduras,HND,1992,44.382,Latin America & Caribbean,Lower middle income,True
3172,Honduras,HND,1993,44.725,Latin America & Caribbean,Lower middle income,True
3173,Honduras,HND,1994,44.575,Latin America & Caribbean,Lower middle income,True
3174,Honduras,HND,1995,44.908,Latin America & Caribbean,Lower middle income,True
3175,Honduras,HND,1996,44.905,Latin America & Caribbean,Lower middle income,True
3176,Honduras,HND,1997,45.129,Latin America & Caribbean,Lower middle income,True
3177,Honduras,HND,1998,45.292,Latin America & Caribbean,Lower middle income,True
3178,Honduras,HND,1999,45.107,Latin America & Caribbean,Lower middle income,True
3179,Honduras,HND,2000,43.406,Latin America & Caribbean,Lower middle income,True
3180,Honduras,HND,2001,42.99,Latin America & Caribbean,Lower middle income,True
3181,Honduras,HND,2002,42.581,Latin America & Caribbean,Lower middle income,True
3182,Honduras,HND,2003,42.178,Latin America & Caribbean,Lower middle income,True
3183,Honduras,HND,2004,41.782,Latin America & Caribbean,Lower middle income,True
3184,Honduras,HND,2005,41.394,Latin America & Caribbean,Lower middle income,True
3185,Honduras,HND,2006,38.459,Latin America & Caribbean,Lower middle income,True
3186,Honduras,HND,2007,37.827,Latin America & Caribbean,Lower middle income,True
3187,Honduras,HND,2008,39.44,Latin America & Caribbean,Lower middle income,True
3188,Honduras,HND,2009,40.918,Latin America & Caribbean,Lower middle income,True
3189,Honduras,HND,2010,42.656,Latin America & Caribbean,Lower middle income,True
3190,Honduras,HND,2011,39.675,Latin America & Caribbean,Lower middle income,True
3191,Honduras,HND,2012,38.294,Latin America & Caribbean,Lower middle income,True
3192,Honduras,HND,2013,43.408,Latin America & Caribbean,Lower middle income,True
3193,Honduras,HND,2014,46.005,Latin America & Caribbean,Lower middle income,True
3194,Honduras,HND,2015,46.551,Latin America & Caribbean,Lower middle income,True
3195,Honduras,HND,2016,45.913,Latin America & Caribbean,Lower middle income,True
3196,Honduras,HND,2017,45.758,Latin America & Caribbean,Lower middle income,True
3197,Honduras,HND,2018,50.022,Latin America & Caribbean,Lower middle income,True
3198,Honduras,HND,2019,44.526,Latin America & Caribbean,Lower middle income,True
3199,Honduras,HND,2020,47.039,Latin America & Caribbean,Lower middle income,True
3200,Honduras,HND,2021,48.071,Latin America & Caribbean,Lower middle income,True
3201,Honduras,HND,2022,43.606,Latin America & Caribbean,Lower middle income,True
3202,Honduras,HND,2023,39.364,Latin America & Caribbean,Lower middle income,True
3203,Honduras,HND,2024,39.617,Latin America & Caribbean,Lower middle income,True
3204,Honduras,HND,2025,39.59,Latin America & Caribbean,Lower middle income,True
3205,"Hong Kong SAR, China",HKG,1990,47.059,East Asia & Pacific,High income,True
3206,"Hong Kong SAR, China",HKG,1991,47.948,East Asia & Pacific,High income,True
3207,"Hong Kong SAR, China",HKG,1992,46.759,East Asia & Pacific,High income,True
3208,"Hong Kong SAR, China",HKG,1993,46.364,East Asia & Pacific,High income,True
3209,"Hong Kong SAR, China",HKG,1994,46.9,East Asia & Pacific,High income,True
3210,"Hong Kong SAR, China",HKG,1995,47.384,East Asia & Pacific,High income,True
3211,"Hong Kong SAR, China",HKG,1996,47.635,East Asia & Pacific,High income,True
3212,"Hong Kong SAR, China",HKG,1997,47.858,East Asia & Pacific,High income,True
3213,"Hong Kong SAR, China",HKG,1998,48.418,East Asia & Pacific,High income,True
3214,"Hong Kong SAR, China",HKG,1999,48.711,East Asia & Pacific,High income,True
3215,"Hong Kong SAR, China",HKG,2000,48.986,East Asia & Pacific,High income,True
3216,"Hong Kong SAR, China",HKG,2001,50.308,East Asia & Pacific,High income,True
3217,"Hong Kong SAR, China",HKG,2002,51.449,East Asia & Pacific,High income,True
3218,"Hong Kong SAR, China",HKG,2003,51.022,East Asia & Pacific,High income,True
3219,"Hong Kong SAR, China",HKG,2004,51.273,East Asia & Pacific,High income,True
3220,"Hong Kong SAR, China",HKG,2005,51.65,East Asia & Pacific,High income,True
3221,"Hong Kong SAR, China",HKG,2006,52.017,East Asia & Pacific,High income,True
3222,"Hong Kong SAR, China",HKG,2007,52.503,East Asia & Pacific,High income,True
3223,"Hong Kong SAR, China",HKG,2008,52.446,East Asia & Pacific,High income,True
3224,"Hong Kong SAR, China",HKG,2009,52.56,East Asia & Pacific,High income,True
3225,"Hong Kong SAR, China",HKG,2010,51.257,East Asia & Pacific,High income,True
3226,"Hong Kong SAR, China",HKG,2011,52.325,East Asia & Pacific,High income,True
3227,"Hong Kong SAR, China",HKG,2012,52.893,East Asia & Pacific,High income,True
3228,"Hong Kong SAR, China",HKG,2013,53.869,East Asia & Pacific,High income,True
3229,"Hong Kong SAR, China",HKG,2014,53.936,East Asia & Pacific,High income,True
3230,"Hong Kong SAR, China",HKG,2015,54.211,East Asia & Pacific,High income,True
3231,"Hong Kong SAR, China",HKG,2016,54.28,East Asia & Pacific,High income,True
3232,"Hong Kong SAR, China",HKG,2017,54.645,East Asia & Pacific,High income,True
3233,"Hong Kong SAR, China",HKG,2018,54.747,East Asia & Pacific,High income,True
3234,"Hong Kong SAR, China",HKG,2019,54.51,East Asia & Pacific,High income,True
3235,"Hong Kong SAR, China",HKG,2020,53.728,East Asia & Pacific,High income,True
3236,"Hong Kong SAR, China",HKG,2021,53.718,East Asia & Pacific,High income,True
3237,"Hong Kong SAR, China",HKG,2022,52.789,East Asia & Pacific,High income,True
3238,"Hong Kong SAR, China",HKG,2023,52.27,East Asia & Pacific,High income,True
3239,"Hong Kong SAR, China",HKG,2024,52.256,East Asia & Pacific,High income,True
3240,"Hong Kong SAR, China",HKG,2025,51.805,East Asia & Pacific,High income,True
3241,Hungary,HUN,1990,46.119,Europe & Central Asia,High income,True
3242,Hungary,HUN,1991,45.647,Europe & Central Asia,High income,True
3243,Hungary,HUN,1992,45.471,Europe & Central Asia,High income,True
3244,Hungary,HUN,1993,45.383,Europe & Central Asia,High income,True
3245,Hungary,HUN,1994,45.337,Europe & Central Asia,High income,True
3246,Hungary,HUN,1995,45.271,Europe & Central Asia,High income,True
3247,Hungary,HUN,1996,45.202,Europe & Central Asia,High income,True
3248,Hungary,HUN,1997,45.177,Europe & Central Asia,High income,True
3249,Hungary,HUN,1998,45.182,Europe & Central Asia,High income,True
3250,Hungary,HUN,1999,45.282,Europe & Central Asia,High income,True
3251,Hungary,HUN,2000,45.552,Europe & Central Asia,High income,True
3252,Hungary,HUN,2001,45.883,Europe & Central Asia,High income,True
3253,Hungary,HUN,2002,46.188,Europe & Central Asia,High income,True
3254,Hungary,HUN,2003,46.403,Europe & Central Asia,High income,True
3255,Hungary,HUN,2004,46.651,Europe & Central Asia,High income,True
3256,Hungary,HUN,2005,46.814,Europe & Central Asia,High income,True
3257,Hungary,HUN,2006,46.929,Europe & Central Asia,High income,True
3258,Hungary,HUN,2007,46.789,Europe & Central Asia,High income,True
3259,Hungary,HUN,2008,46.639,Europe & Central Asia,High income,True
3260,Hungary,HUN,2009,45.846,Europe & Central Asia,High income,True
3261,Hungary,HUN,2010,46.638,Europe & Central Asia,High income,True
3262,Hungary,HUN,2011,46.838,Europe & Central Asia,High income,True
3263,Hungary,HUN,2012,47.455,Europe & Central Asia,High income,True
3264,Hungary,HUN,2013,47.736,Europe & Central Asia,High income,True
3265,Hungary,HUN,2014,48.884,Europe & Central Asia,High income,True
3266,Hungary,HUN,2015,49.901,Europe & Central Asia,High income,True
3267,Hungary,HUN,2016,50.839,Europe & Central Asia,High income,True
3268,Hungary,HUN,2017,51.062,Europe & Central Asia,High income,True
3269,Hungary,HUN,2018,51.527,Europe & Central Asia,High income,True
3270,Hungary,HUN,2019,51.339,Europe & Central Asia,High income,True
3271,Hungary,HUN,2020,51.34,Europe & Central Asia,High income,True
3272,Hungary,HUN,2021,52.211,Europe & Central Asia,High income,True
3273,Hungary,HUN,2022,53.057,Europe & Central Asia,High income,True
3274,Hungary,HUN,2023,53.995,Europe & Central Asia,High income,True
3275,Hungary,HUN,2024,54.398,Europe & Central Asia,High income,True
3276,Hungary,HUN,2025,54.312,Europe & Central Asia,High income,True
3277,IBRD only,IBD,1990,52.1434998260319,,,False
3278,IBRD only,IBD,1991,51.8765345806383,,,False
3279,IBRD only,IBD,1992,51.7189920318522,,,False
3280,IBRD only,IBD,1993,51.3370037160955,,,False
3281,IBRD only,IBD,1994,51.2799088668671,,,False
3282,IBRD only,IBD,1995,51.2310250183125,,,False
3283,IBRD only,IBD,1996,51.0505011186577,,,False
3284,IBRD only,IBD,1997,50.9351534349672,,,False
3285,IBRD only,IBD,1998,50.9021059127571,,,False
3286,IBRD only,IBD,1999,50.9982812726233,,,False
3287,IBRD only,IBD,2000,50.880077840166,,,False
3288,IBRD only,IBD,2001,50.6807325098358,,,False
3289,IBRD only,IBD,2002,50.4678950977235,,,False
3290,IBRD only,IBD,2003,50.3378919312152,,,False
3291,IBRD only,IBD,2004,50.2070298883887,,,False
3292,IBRD only,IBD,2005,50.1400031631423,,,False
3293,IBRD only,IBD,2006,49.6828388848504,,,False
3294,IBRD only,IBD,2007,49.441389065011,,,False
3295,IBRD only,IBD,2008,48.9022369570624,,,False
3296,IBRD only,IBD,2009,48.4876133915201,,,False
3297,IBRD only,IBD,2010,47.925420568625,,,False
3298,IBRD only,IBD,2011,47.6261612835203,,,False
3299,IBRD only,IBD,2012,47.3220380988655,,,False
3300,IBRD only,IBD,2013,47.0113032922487,,,False
3301,IBRD only,IBD,2014,46.8178155901273,,,False
3302,IBRD only,IBD,2015,46.7361978430806,,,False
3303,IBRD only,IBD,2016,46.6145413470794,,,False
3304,IBRD only,IBD,2017,46.4333029895679,,,False
3305,IBRD only,IBD,2018,46.2878645286598,,,False
3306,IBRD only,IBD,2019,46.1449611546806,,,False
3307,IBRD only,IBD,2020,44.4548232886122,,,False
3308,IBRD only,IBD,2021,45.6959224899519,,,False
3309,IBRD only,IBD,2022,46.1270299234155,,,False
3310,IBRD only,IBD,2023,46.73723445762,,,False
3311,IBRD only,IBD,2024,46.9101257036144,,,False
3312,IBRD only,IBD,2025,46.7193128467904,,,False
3313,IDA & IBRD total,IBT,1990,51.6747231670757,,,False
3314,IDA & IBRD total,IBT,1991,51.5267800777661,,,False
3315,IDA & IBRD total,IBT,1992,51.410231360686,,,False
3316,IDA & IBRD total,IBT,1993,51.1242833225835,,,False
3317,IDA & IBRD total,IBT,1994,51.1235104173214,,,False
3318,IDA & IBRD total,IBT,1995,51.0564651947869,,,False
3319,IDA & IBRD total,IBT,1996,50.9301272827766,,,False
3320,IDA & IBRD total,IBT,1997,50.8588816545552,,,False
3321,IDA & IBRD total,IBT,1998,50.8618229367052,,,False
3322,IDA & IBRD total,IBT,1999,50.9464310091623,,,False
3323,IDA & IBRD total,IBT,2000,50.8515555298961,,,False
3324,IDA & IBRD total,IBT,2001,50.6780878500491,,,False
3325,IDA & IBRD total,IBT,2002,50.4984354775751,,,False
3326,IDA & IBRD total,IBT,2003,50.3946663798652,,,False
3327,IDA & IBRD total,IBT,2004,50.2912876397634,,,False
3328,IDA & IBRD total,IBT,2005,50.2319966275167,,,False
3329,IDA & IBRD total,IBT,2006,49.845985014867,,,False
3330,IDA & IBRD total,IBT,2007,49.6593581062775,,,False
3331,IDA & IBRD total,IBT,2008,49.2385786304199,,,False
3332,IDA & IBRD total,IBT,2009,48.9687708723047,,,False
3333,IDA & IBRD total,IBT,2010,48.5847226521116,,,False
3334,IDA & IBRD total,IBT,2011,48.355282832338,,,False
3335,IDA & IBRD total,IBT,2012,48.016835993521,,,False
3336,IDA & IBRD total,IBT,2013,47.824705778117,,,False
3337,IDA & IBRD total,IBT,2014,47.6186642291444,,,False
3338,IDA & IBRD total,IBT,2015,47.5580724494234,,,False
3339,IDA & IBRD total,IBT,2016,47.4054809265624,,,False
3340,IDA & IBRD total,IBT,2017,47.2516045922323,,,False
3341,IDA & IBRD total,IBT,2018,47.111975973222,,,False
3342,IDA & IBRD total,IBT,2019,47.0131612397831,,,False
3343,IDA & IBRD total,IBT,2020,45.5929488456639,,,False
3344,IDA & IBRD total,IBT,2021,46.6243610321825,,,False
3345,IDA & IBRD total,IBT,2022,47.0319980335949,,,False
3346,IDA & IBRD total,IBT,2023,47.786063211994,,,False
3347,IDA & IBRD total,IBT,2024,47.8399575291287,,,False
3348,IDA & IBRD total,IBT,2025,47.7133963367584,,,False
3349,IDA blend,IDB,1990,45.3210029489683,,,False
3350,IDA blend,IDB,1991,46.5780984508361,,,False
3351,IDA blend,IDB,1992,46.923316936997,,,False
3352,IDA blend,IDB,1993,47.2863197297105,,,False
3353,IDA blend,IDB,1994,47.6988768889163,,,False
3354,IDA blend,IDB,1995,47.0356015184553,,,False
3355,IDA blend,IDB,1996,47.3754401246726,,,False
3356,IDA blend,IDB,1997,47.840738736925,,,False
3357,IDA blend,IDB,1998,47.9031279117641,,,False
3358,IDA blend,IDB,1999,48.1080636570863,,,False
3359,IDA blend,IDB,2000,48.2154336297338,,,False
3360,IDA blend,IDB,2001,48.1440076643757,,,False
3361,IDA blend,IDB,2002,48.1524420301393,,,False
3362,IDA blend,IDB,2003,48.3529037008804,,,False
3363,IDA blend,IDB,2004,48.577578611154,,,False
3364,IDA blend,IDB,2005,48.6776390011668,,,False
3365,IDA blend,IDB,2006,48.870757463062,,,False
3366,IDA blend,IDB,2007,48.9401387319112,,,False
3367,IDA blend,IDB,2008,48.9810385346404,,,False
3368,IDA blend,IDB,2009,49.315669399378,,,False
3369,IDA blend,IDB,2010,49.6291740268241,,,False
3370,IDA blend,IDB,2011,49.6081814076397,,,False
3371,IDA blend,IDB,2012,49.8098431265514,,,False
3372,IDA blend,IDB,2013,49.9117451003076,,,False
3373,IDA blend,IDB,2014,50.0036439468414,,,False
3374,IDA blend,IDB,2015,50.469711393102,,,False
3375,IDA blend,IDB,2016,50.249362050414,,,False
3376,IDA blend,IDB,2017,49.856462589568,,,False
3377,IDA blend,IDB,2018,49.4043268218828,,,False
3378,IDA blend,IDB,2019,49.8872275929028,,,False
3379,IDA blend,IDB,2020,49.1972397457984,,,False
3380,IDA blend,IDB,2021,50.0770691221338,,,False
3381,IDA blend,IDB,2022,50.5062126854949,,,False
3382,IDA blend,IDB,2023,51.8784848291345,,,False
3383,IDA blend,IDB,2024,51.9687724154558,,,False
3384,IDA blend,IDB,2025,52.0256070717141,,,False
3385,IDA only,IDX,1990,51.5676175489167,,,False
3386,IDA only,IDX,1991,51.5810218571671,,,False
3387,IDA only,IDX,1992,51.5397380132096,,,False
3388,IDA only,IDX,1993,51.6091771614506,,,False
3389,IDA only,IDX,1994,51.7991359497818,,,False
3390,IDA only,IDX,1995,51.9253723148515,,,False
3391,IDA only,IDX,1996,51.9411264098292,,,False
3392,IDA only,IDX,1997,51.9014539624927,,,False
3393,IDA only,IDX,1998,52.1217520574447,,,False
3394,IDA only,IDX,1999,52.0730800846817,,,False
3395,IDA only,IDX,2000,52.0329218086307,,,False
3396,IDA only,IDX,2001,51.9811625829863,,,False
3397,IDA only,IDX,2002,51.9198715441298,,,False
3398,IDA only,IDX,2003,51.8248678246616,,,False
3399,IDA only,IDX,2004,51.7238646037718,,,False
3400,IDA only,IDX,2005,51.6271424424579,,,False
3401,IDA only,IDX,2006,51.375212415532,,,False
3402,IDA only,IDX,2007,51.38033272477,,,False
3403,IDA only,IDX,2008,51.4207311592123,,,False
3404,IDA only,IDX,2009,51.6762757831844,,,False
3405,IDA only,IDX,2010,51.9412649776468,,,False
3406,IDA only,IDX,2011,51.9588532779114,,,False
3407,IDA only,IDX,2012,51.0828094076684,,,False
3408,IDA only,IDX,2013,51.3722211641448,,,False
3409,IDA only,IDX,2014,50.8857802715679,,,False
3410,IDA only,IDX,2015,50.610574206701,,,False
3411,IDA only,IDX,2016,50.2635727132542,,,False
3412,IDA only,IDX,2017,50.3230218085377,,,False
3413,IDA only,IDX,2018,50.3131401966151,,,False
3414,IDA only,IDX,2019,50.0772605974864,,,False
3415,IDA only,IDX,2020,49.6016742156351,,,False
3416,IDA only,IDX,2021,49.5515514859416,,,False
3417,IDA only,IDX,2022,49.7072869901211,,,False
3418,IDA only,IDX,2023,50.8926057987086,,,False
3419,IDA only,IDX,2024,50.2711820298005,,,False
3420,IDA only,IDX,2025,50.2932592531554,,,False
3421,IDA total,IDA,1990,49.4666514574517,,,False
3422,IDA total,IDA,1991,49.8922975964462,,,False
3423,IDA total,IDA,1992,49.9802084888103,,,False
3424,IDA total,IDA,1993,50.148956219195,,,False
3425,IDA total,IDA,1994,50.4136207956176,,,False
3426,IDA total,IDA,1995,50.2716076375933,,,False
3427,IDA total,IDA,1996,50.3934950190233,,,False
3428,IDA total,IDA,1997,50.5214895619989,,,False
3429,IDA total,IDA,1998,50.6851249722638,,,False
3430,IDA total,IDA,1999,50.7209934494418,,,False
3431,IDA total,IDA,2000,50.7286113643251,,,False
3432,IDA total,IDA,2001,50.6667840214541,,,False
3433,IDA total,IDA,2002,50.6278741204508,,,False
3434,IDA total,IDA,2003,50.6332109529643,,,False
3435,IDA total,IDA,2004,50.6421955666227,,,False
3436,IDA total,IDA,2005,50.6116332173007,,,False
3437,IDA total,IDA,2006,50.5120930432988,,,False
3438,IDA total,IDA,2007,50.5378479034634,,,False
3439,IDA total,IDA,2008,50.5764828276404,,,False
3440,IDA total,IDA,2009,50.8578964995391,,,False
3441,IDA total,IDA,2010,51.1387665326979,,,False
3442,IDA total,IDA,2011,51.1429324453615,,,False
3443,IDA total,IDA,2012,50.6414342533628,,,False
3444,IDA total,IDA,2013,50.8662524046651,,,False
3445,IDA total,IDA,2014,50.5806759143723,,,False
3446,IDA total,IDA,2015,50.5619671960687,,,False
3447,IDA total,IDA,2016,50.2586851155613,,,False
3448,IDA total,IDA,2017,50.1629780585962,,,False
3449,IDA total,IDA,2018,50.0019713253213,,,False
3450,IDA total,IDA,2019,50.0123253226384,,,False
3451,IDA total,IDA,2020,49.4636745079122,,,False
3452,IDA total,IDA,2021,49.7307949330981,,,False
3453,IDA total,IDA,2022,49.9797219054251,,,False
3454,IDA total,IDA,2023,51.2373199342797,,,False
3455,IDA total,IDA,2024,50.8679727593783,,,False
3456,IDA total,IDA,2025,50.902288519622,,,False
3457,Iceland,ISL,1990,66.204,Europe & Central Asia,High income,True
3458,Iceland,ISL,1991,66.217,Europe & Central Asia,High income,True
3459,Iceland,ISL,1992,67.076,Europe & Central Asia,High income,True
3460,Iceland,ISL,1993,67.389,Europe & Central Asia,High income,True
3461,Iceland,ISL,1994,67.872,Europe & Central Asia,High income,True
3462,Iceland,ISL,1995,70.126,Europe & Central Asia,High income,True
3463,Iceland,ISL,1996,68.708,Europe & Central Asia,High income,True
3464,Iceland,ISL,1997,67.634,Europe & Central Asia,High income,True
3465,Iceland,ISL,1998,69.391,Europe & Central Asia,High income,True
3466,Iceland,ISL,1999,71.222,Europe & Central Asia,High income,True
3467,Iceland,ISL,2000,73.471,Europe & Central Asia,High income,True
3468,Iceland,ISL,2001,72.559,Europe & Central Asia,High income,True
3469,Iceland,ISL,2002,71.743,Europe & Central Asia,High income,True
3470,Iceland,ISL,2003,72.064,Europe & Central Asia,High income,True
3471,Iceland,ISL,2004,70.445,Europe & Central Asia,High income,True
3472,Iceland,ISL,2005,70.907,Europe & Central Asia,High income,True
3473,Iceland,ISL,2006,71.725,Europe & Central Asia,High income,True
3474,Iceland,ISL,2007,71.322,Europe & Central Asia,High income,True
3475,Iceland,ISL,2008,70.66,Europe & Central Asia,High income,True
3476,Iceland,ISL,2009,70.221,Europe & Central Asia,High income,True
3477,Iceland,ISL,2010,70.49,Europe & Central Asia,High income,True
3478,Iceland,ISL,2011,70.047,Europe & Central Asia,High income,True
3479,Iceland,ISL,2012,70.615,Europe & Central Asia,High income,True
3480,Iceland,ISL,2013,71.064,Europe & Central Asia,High income,True
3481,Iceland,ISL,2014,71.89,Europe & Central Asia,High income,True
3482,Iceland,ISL,2015,72.787,Europe & Central Asia,High income,True
3483,Iceland,ISL,2016,72.997,Europe & Central Asia,High income,True
3484,Iceland,ISL,2017,72.592,Europe & Central Asia,High income,True
3485,Iceland,ISL,2018,71.596,Europe & Central Asia,High income,True
3486,Iceland,ISL,2019,71.457,Europe & Central Asia,High income,True
3487,Iceland,ISL,2020,69.309,Europe & Central Asia,High income,True
3488,Iceland,ISL,2021,69.148,Europe & Central Asia,High income,True
3489,Iceland,ISL,2022,70.57,Europe & Central Asia,High income,True
3490,Iceland,ISL,2023,70.368,Europe & Central Asia,High income,True
3491,Iceland,ISL,2024,70.252,Europe & Central Asia,High income,True
3492,Iceland,ISL,2025,70.012,Europe & Central Asia,High income,True
3493,India,IND,1990,30.257,South Asia,Lower middle income,True
3494,India,IND,1991,30.361,South Asia,Lower middle income,True
3495,India,IND,1992,30.476,South Asia,Lower middle income,True
3496,India,IND,1993,30.595,South Asia,Lower middle income,True
3497,India,IND,1994,30.736,South Asia,Lower middle income,True
3498,India,IND,1995,31.331,South Asia,Lower middle income,True
3499,India,IND,1996,31.934,South Asia,Lower middle income,True
3500,India,IND,1997,32.542,South Asia,Lower middle income,True
3501,India,IND,1998,33.157,South Asia,Lower middle income,True
3502,India,IND,1999,33.775,South Asia,Lower middle income,True
3503,India,IND,2000,34.397,South Asia,Lower middle income,True
3504,India,IND,2001,34.483,South Asia,Lower middle income,True
3505,India,IND,2002,34.57,South Asia,Lower middle income,True
3506,India,IND,2003,34.66,South Asia,Lower middle income,True
3507,India,IND,2004,34.753,South Asia,Lower middle income,True
3508,India,IND,2005,34.852,South Asia,Lower middle income,True
3509,India,IND,2006,33.499,South Asia,Lower middle income,True
3510,India,IND,2007,32.179,South Asia,Lower middle income,True
3511,India,IND,2008,30.892,South Asia,Lower middle income,True
3512,India,IND,2009,29.641,South Asia,Lower middle income,True
3513,India,IND,2010,28.425,South Asia,Lower middle income,True
3514,India,IND,2011,27.583,South Asia,Lower middle income,True
3515,India,IND,2012,26.764,South Asia,Lower middle income,True
3516,India,IND,2013,26.669,South Asia,Lower middle income,True
3517,India,IND,2014,26.607,South Asia,Lower middle income,True
3518,India,IND,2015,26.582,South Asia,Lower middle income,True
3519,India,IND,2016,26.575,South Asia,Lower middle income,True
3520,India,IND,2017,26.578,South Asia,Lower middle income,True
3521,India,IND,2018,26.568,South Asia,Lower middle income,True
3522,India,IND,2019,26.539,South Asia,Lower middle income,True
3523,India,IND,2020,25.998,South Asia,Lower middle income,True
3524,India,IND,2021,27.724,South Asia,Lower middle income,True
3525,India,IND,2022,29.348,South Asia,Lower middle income,True
3526,India,IND,2023,30.984,South Asia,Lower middle income,True
3527,India,IND,2024,32.415,South Asia,Lower middle income,True
3528,India,IND,2025,32.425,South Asia,Lower middle income,True
3529,Indonesia,IDN,1990,50.49,East Asia & Pacific,Upper middle income,True
3530,Indonesia,IDN,1991,49.54,East Asia & Pacific,Upper middle income,True
3531,Indonesia,IDN,1992,50.38,East Asia & Pacific,Upper middle income,True
3532,Indonesia,IDN,1993,49.426,East Asia & Pacific,Upper middle income,True
3533,Indonesia,IDN,1994,50.671,East Asia & Pacific,Upper middle income,True
3534,Indonesia,IDN,1995,50.673,East Asia & Pacific,Upper middle income,True
3535,Indonesia,IDN,1996,50.674,East Asia & Pacific,Upper middle income,True
3536,Indonesia,IDN,1997,49.829,East Asia & Pacific,Upper middle income,True
3537,Indonesia,IDN,1998,51.093,East Asia & Pacific,Upper middle income,True
3538,Indonesia,IDN,1999,51.171,East Asia & Pacific,Upper middle income,True
3539,Indonesia,IDN,2000,51.67,East Asia & Pacific,Upper middle income,True
3540,Indonesia,IDN,2001,49.986,East Asia & Pacific,Upper middle income,True
3541,Indonesia,IDN,2002,48.048,East Asia & Pacific,Upper middle income,True
3542,Indonesia,IDN,2003,47.846,East Asia & Pacific,Upper middle income,True
3543,Indonesia,IDN,2004,47.236,East Asia & Pacific,Upper middle income,True
3544,Indonesia,IDN,2005,46.082,East Asia & Pacific,Upper middle income,True
3545,Indonesia,IDN,2006,46.008,East Asia & Pacific,Upper middle income,True
3546,Indonesia,IDN,2007,49.839,East Asia & Pacific,Upper middle income,True
3547,Indonesia,IDN,2008,50.387,East Asia & Pacific,Upper middle income,True
3548,Indonesia,IDN,2009,50.3,East Asia & Pacific,Upper middle income,True
3549,Indonesia,IDN,2010,50.973,East Asia & Pacific,Upper middle income,True
3550,Indonesia,IDN,2011,50.989,East Asia & Pacific,Upper middle income,True
3551,Indonesia,IDN,2012,51.49,East Asia & Pacific,Upper middle income,True
3552,Indonesia,IDN,2013,50.714,East Asia & Pacific,Upper middle income,True
3553,Indonesia,IDN,2014,50.64,East Asia & Pacific,Upper middle income,True
3554,Indonesia,IDN,2015,50.772,East Asia & Pacific,Upper middle income,True
3555,Indonesia,IDN,2016,50.949,East Asia & Pacific,Upper middle income,True
3556,Indonesia,IDN,2017,51.943,East Asia & Pacific,Upper middle income,True
3557,Indonesia,IDN,2018,53.131,East Asia & Pacific,Upper middle income,True
3558,Indonesia,IDN,2019,53.949,East Asia & Pacific,Upper middle income,True
3559,Indonesia,IDN,2020,53.203,East Asia & Pacific,Upper middle income,True
3560,Indonesia,IDN,2021,52.069,East Asia & Pacific,Upper middle income,True
3561,Indonesia,IDN,2022,52.562,East Asia & Pacific,Upper middle income,True
3562,Indonesia,IDN,2023,53.487,East Asia & Pacific,Upper middle income,True
3563,Indonesia,IDN,2024,53.588,East Asia & Pacific,Upper middle income,True
3564,Indonesia,IDN,2025,53.72,East Asia & Pacific,Upper middle income,True
3565,"Iran, Islamic Rep.",IRN,1990,9.57,Middle East & North Africa,Upper middle income,True
3566,"Iran, Islamic Rep.",IRN,1991,9.769,Middle East & North Africa,Upper middle income,True
3567,"Iran, Islamic Rep.",IRN,1992,9.907,Middle East & North Africa,Upper middle income,True
3568,"Iran, Islamic Rep.",IRN,1993,10.048,Middle East & North Africa,Upper middle income,True
3569,"Iran, Islamic Rep.",IRN,1994,10.208,Middle East & North Africa,Upper middle income,True
3570,"Iran, Islamic Rep.",IRN,1995,10.395,Middle East & North Africa,Upper middle income,True
3571,"Iran, Islamic Rep.",IRN,1996,10.591,Middle East & North Africa,Upper middle income,True
3572,"Iran, Islamic Rep.",IRN,1997,11.304,Middle East & North Africa,Upper middle income,True
3573,"Iran, Islamic Rep.",IRN,1998,12.058,Middle East & North Africa,Upper middle income,True
3574,"Iran, Islamic Rep.",IRN,1999,12.853,Middle East & North Africa,Upper middle income,True
3575,"Iran, Islamic Rep.",IRN,2000,13.691,Middle East & North Africa,Upper middle income,True
3576,"Iran, Islamic Rep.",IRN,2001,14.578,Middle East & North Africa,Upper middle income,True
3577,"Iran, Islamic Rep.",IRN,2002,15.5,Middle East & North Africa,Upper middle income,True
3578,"Iran, Islamic Rep.",IRN,2003,16.486,Middle East & North Africa,Upper middle income,True
3579,"Iran, Islamic Rep.",IRN,2004,17.555,Middle East & North Africa,Upper middle income,True
3580,"Iran, Islamic Rep.",IRN,2005,18.684,Middle East & North Africa,Upper middle income,True
3581,"Iran, Islamic Rep.",IRN,2006,18.042,Middle East & North Africa,Upper middle income,True
3582,"Iran, Islamic Rep.",IRN,2007,17.005,Middle East & North Africa,Upper middle income,True
3583,"Iran, Islamic Rep.",IRN,2008,14.763,Middle East & North Africa,Upper middle income,True
3584,"Iran, Islamic Rep.",IRN,2009,15.692,Middle East & North Africa,Upper middle income,True
3585,"Iran, Islamic Rep.",IRN,2010,15.14,Middle East & North Africa,Upper middle income,True
3586,"Iran, Islamic Rep.",IRN,2011,13.595,Middle East & North Africa,Upper middle income,True
3587,"Iran, Islamic Rep.",IRN,2012,14.89,Middle East & North Africa,Upper middle income,True
3588,"Iran, Islamic Rep.",IRN,2013,13.344,Middle East & North Africa,Upper middle income,True
3589,"Iran, Islamic Rep.",IRN,2014,12.994,Middle East & North Africa,Upper middle income,True
3590,"Iran, Islamic Rep.",IRN,2015,14.362,Middle East & North Africa,Upper middle income,True
3591,"Iran, Islamic Rep.",IRN,2016,16.174,Middle East & North Africa,Upper middle income,True
3592,"Iran, Islamic Rep.",IRN,2017,17.358,Middle East & North Africa,Upper middle income,True
3593,"Iran, Islamic Rep.",IRN,2018,17.341,Middle East & North Africa,Upper middle income,True
3594,"Iran, Islamic Rep.",IRN,2019,16.812,Middle East & North Africa,Upper middle income,True
3595,"Iran, Islamic Rep.",IRN,2020,13.723,Middle East & North Africa,Upper middle income,True
3596,"Iran, Islamic Rep.",IRN,2021,13.086,Middle East & North Africa,Upper middle income,True
3597,"Iran, Islamic Rep.",IRN,2022,13.469,Middle East & North Africa,Upper middle income,True
3598,"Iran, Islamic Rep.",IRN,2023,14.128,Middle East & North Africa,Upper middle income,True
3599,"Iran, Islamic Rep.",IRN,2024,14.144,Middle East & North Africa,Upper middle income,True
3600,"Iran, Islamic Rep.",IRN,2025,14.013,Middle East & North Africa,Upper middle income,True
3601,Iraq,IRQ,1990,8.512,Middle East & North Africa,Upper middle income,True
3602,Iraq,IRQ,1991,8.552,Middle East & North Africa,Upper middle income,True
3603,Iraq,IRQ,1992,8.666,Middle East & North Africa,Upper middle income,True
3604,Iraq,IRQ,1993,8.693,Middle East & North Africa,Upper middle income,True
3605,Iraq,IRQ,1994,8.714,Middle East & North Africa,Upper middle income,True
3606,Iraq,IRQ,1995,8.754,Middle East & North Africa,Upper middle income,True
3607,Iraq,IRQ,1996,8.78,Middle East & North Africa,Upper middle income,True
3608,Iraq,IRQ,1997,8.85,Middle East & North Africa,Upper middle income,True
3609,Iraq,IRQ,1998,9.146,Middle East & North Africa,Upper middle income,True
3610,Iraq,IRQ,1999,9.451,Middle East & North Africa,Upper middle income,True
3611,Iraq,IRQ,2000,9.765,Middle East & North Africa,Upper middle income,True
3612,Iraq,IRQ,2001,10.089,Middle East & North Africa,Upper middle income,True
3613,Iraq,IRQ,2002,10.423,Middle East & North Africa,Upper middle income,True
3614,Iraq,IRQ,2003,10.77,Middle East & North Africa,Upper middle income,True
3615,Iraq,IRQ,2004,11.131,Middle East & North Africa,Upper middle income,True
3616,Iraq,IRQ,2005,11.504,Middle East & North Africa,Upper middle income,True
3617,Iraq,IRQ,2006,11.89,Middle East & North Africa,Upper middle income,True
3618,Iraq,IRQ,2007,12.29,Middle East & North Africa,Upper middle income,True
3619,Iraq,IRQ,2008,12.215,Middle East & North Africa,Upper middle income,True
3620,Iraq,IRQ,2009,12.132,Middle East & North Africa,Upper middle income,True
3621,Iraq,IRQ,2010,12.048,Middle East & North Africa,Upper middle income,True
3622,Iraq,IRQ,2011,11.965,Middle East & North Africa,Upper middle income,True
3623,Iraq,IRQ,2012,11.883,Middle East & North Africa,Upper middle income,True
3624,Iraq,IRQ,2013,12.777,Middle East & North Africa,Upper middle income,True
3625,Iraq,IRQ,2014,13.722,Middle East & North Africa,Upper middle income,True
3626,Iraq,IRQ,2015,14.178,Middle East & North Africa,Upper middle income,True
3627,Iraq,IRQ,2016,14.65,Middle East & North Africa,Upper middle income,True
3628,Iraq,IRQ,2017,11.334,Middle East & North Africa,Upper middle income,True
3629,Iraq,IRQ,2018,11.446,Middle East & North Africa,Upper middle income,True
3630,Iraq,IRQ,2019,11.582,Middle East & North Africa,Upper middle income,True
3631,Iraq,IRQ,2020,10.885,Middle East & North Africa,Upper middle income,True
3632,Iraq,IRQ,2021,10.902,Middle East & North Africa,Upper middle income,True
3633,Iraq,IRQ,2022,11.183,Middle East & North Africa,Upper middle income,True
3634,Iraq,IRQ,2023,10.913,Middle East & North Africa,Upper middle income,True
3635,Iraq,IRQ,2024,11.003,Middle East & North Africa,Upper middle income,True
3636,Iraq,IRQ,2025,10.937,Middle East & North Africa,Upper middle income,True
3637,Ireland,IRL,1990,41.721,Europe & Central Asia,High income,True
3638,Ireland,IRL,1991,42.454,Europe & Central Asia,High income,True
3639,Ireland,IRL,1992,42.888,Europe & Central Asia,High income,True
3640,Ireland,IRL,1993,44.307,Europe & Central Asia,High income,True
3641,Ireland,IRL,1994,45.28,Europe & Central Asia,High income,True
3642,Ireland,IRL,1995,46.304,Europe & Central Asia,High income,True
3643,Ireland,IRL,1996,48.15,Europe & Central Asia,High income,True
3644,Ireland,IRL,1997,48.341,Europe & Central Asia,High income,True
3645,Ireland,IRL,1998,49.775,Europe & Central Asia,High income,True
3646,Ireland,IRL,1999,50.811,Europe & Central Asia,High income,True
3647,Ireland,IRL,2000,51.936,Europe & Central Asia,High income,True
3648,Ireland,IRL,2001,52.425,Europe & Central Asia,High income,True
3649,Ireland,IRL,2002,53.12,Europe & Central Asia,High income,True
3650,Ireland,IRL,2003,53.229,Europe & Central Asia,High income,True
3651,Ireland,IRL,2004,53.323,Europe & Central Asia,High income,True
3652,Ireland,IRL,2005,54.982,Europe & Central Asia,High income,True
3653,Ireland,IRL,2006,55.735,Europe & Central Asia,High income,True
3654,Ireland,IRL,2007,56.969,Europe & Central Asia,High income,True
3655,Ireland,IRL,2008,56.827,Europe & Central Asia,High income,True
3656,Ireland,IRL,2009,56.102,Europe & Central Asia,High income,True
3657,Ireland,IRL,2010,55.247,Europe & Central Asia,High income,True
3658,Ireland,IRL,2011,54.93,Europe & Central Asia,High income,True
3659,Ireland,IRL,2012,54.719,Europe & Central Asia,High income,True
3660,Ireland,IRL,2013,55.227,Europe & Central Asia,High income,True
3661,Ireland,IRL,2014,54.884,Europe & Central Asia,High income,True
3662,Ireland,IRL,2015,54.809,Europe & Central Asia,High income,True
3663,Ireland,IRL,2016,55.533,Europe & Central Asia,High income,True
3664,Ireland,IRL,2017,55.589,Europe & Central Asia,High income,True
3665,Ireland,IRL,2018,55.999,Europe & Central Asia,High income,True
3666,Ireland,IRL,2019,56.207,Europe & Central Asia,High income,True
3667,Ireland,IRL,2020,55.055,Europe & Central Asia,High income,True
3668,Ireland,IRL,2021,57.851,Europe & Central Asia,High income,True
3669,Ireland,IRL,2022,59.114,Europe & Central Asia,High income,True
3670,Ireland,IRL,2023,60.155,Europe & Central Asia,High income,True
3671,Ireland,IRL,2024,59.838,Europe & Central Asia,High income,True
3672,Ireland,IRL,2025,59.755,Europe & Central Asia,High income,True
3673,Israel,ISR,1990,46.277,Middle East & North Africa,High income,True
3674,Israel,ISR,1991,46.685,Middle East & North Africa,High income,True
3675,Israel,ISR,1992,47.962,Middle East & North Africa,High income,True
3676,Israel,ISR,1993,49.079,Middle East & North Africa,High income,True
3677,Israel,ISR,1994,50.697,Middle East & North Africa,High income,True
3678,Israel,ISR,1995,51.665,Middle East & North Africa,High income,True
3679,Israel,ISR,1996,51.462,Middle East & North Africa,High income,True
3680,Israel,ISR,1997,51.403,Middle East & North Africa,High income,True
3681,Israel,ISR,1998,51.32,Middle East & North Africa,High income,True
3682,Israel,ISR,1999,52.465,Middle East & North Africa,High income,True
3683,Israel,ISR,2000,53.469,Middle East & North Africa,High income,True
3684,Israel,ISR,2001,53.73,Middle East & North Africa,High income,True
3685,Israel,ISR,2002,53.29,Middle East & North Africa,High income,True
3686,Israel,ISR,2003,54.174,Middle East & North Africa,High income,True
3687,Israel,ISR,2004,54.666,Middle East & North Africa,High income,True
3688,Israel,ISR,2005,55.28,Middle East & North Africa,High income,True
3689,Israel,ISR,2006,55.654,Middle East & North Africa,High income,True
3690,Israel,ISR,2007,56.162,Middle East & North Africa,High income,True
3691,Israel,ISR,2008,56.196,Middle East & North Africa,High income,True
3692,Israel,ISR,2009,57.132,Middle East & North Africa,High income,True
3693,Israel,ISR,2010,57.466,Middle East & North Africa,High income,True
3694,Israel,ISR,2011,57.126,Middle East & North Africa,High income,True
3695,Israel,ISR,2012,59.333,Middle East & North Africa,High income,True
3696,Israel,ISR,2013,59.183,Middle East & North Africa,High income,True
3697,Israel,ISR,2014,60.146,Middle East & North Africa,High income,True
3698,Israel,ISR,2015,60.114,Middle East & North Africa,High income,True
3699,Israel,ISR,2016,60.412,Middle East & North Africa,High income,True
3700,Israel,ISR,2017,60.283,Middle East & North Africa,High income,True
3701,Israel,ISR,2018,60.857,Middle East & North Africa,High income,True
3702,Israel,ISR,2019,60.618,Middle East & North Africa,High income,True
3703,Israel,ISR,2020,59.403,Middle East & North Africa,High income,True
3704,Israel,ISR,2021,59.696,Middle East & North Africa,High income,True
3705,Israel,ISR,2022,61.109,Middle East & North Africa,High income,True
3706,Israel,ISR,2023,61.338,Middle East & North Africa,High income,True
3707,Israel,ISR,2024,62.196,Middle East & North Africa,High income,True
3708,Israel,ISR,2025,62.278,Middle East & North Africa,High income,True
3709,Italy,ITA,1990,34.955,Europe & Central Asia,High income,True
3710,Italy,ITA,1991,35.484,Europe & Central Asia,High income,True
3711,Italy,ITA,1992,33.868,Europe & Central Asia,High income,True
3712,Italy,ITA,1993,33.328,Europe & Central Asia,High income,True
3713,Italy,ITA,1994,33.099,Europe & Central Asia,High income,True
3714,Italy,ITA,1995,33.142,Europe & Central Asia,High income,True
3715,Italy,ITA,1996,33.789,Europe & Central Asia,High income,True
3716,Italy,ITA,1997,33.984,Europe & Central Asia,High income,True
3717,Italy,ITA,1998,34.477,Europe & Central Asia,High income,True
3718,Italy,ITA,1999,35.158,Europe & Central Asia,High income,True
3719,Italy,ITA,2000,35.396,Europe & Central Asia,High income,True
3720,Italy,ITA,2001,35.863,Europe & Central Asia,High income,True
3721,Italy,ITA,2002,36.326,Europe & Central Asia,High income,True
3722,Italy,ITA,2003,36.803,Europe & Central Asia,High income,True
3723,Italy,ITA,2004,38.128,Europe & Central Asia,High income,True
3724,Italy,ITA,2005,37.755,Europe & Central Asia,High income,True
3725,Italy,ITA,2006,37.888,Europe & Central Asia,High income,True
3726,Italy,ITA,2007,37.675,Europe & Central Asia,High income,True
3727,Italy,ITA,2008,38.396,Europe & Central Asia,High income,True
3728,Italy,ITA,2009,37.951,Europe & Central Asia,High income,True
3729,Italy,ITA,2010,37.881,Europe & Central Asia,High income,True
3730,Italy,ITA,2011,38.069,Europe & Central Asia,High income,True
3731,Italy,ITA,2012,39.368,Europe & Central Asia,High income,True
3732,Italy,ITA,2013,39.323,Europe & Central Asia,High income,True
3733,Italy,ITA,2014,39.746,Europe & Central Asia,High income,True
3734,Italy,ITA,2015,39.391,Europe & Central Asia,High income,True
3735,Italy,ITA,2016,40.069,Europe & Central Asia,High income,True
3736,Italy,ITA,2017,40.578,Europe & Central Asia,High income,True
3737,Italy,ITA,2018,40.777,Europe & Central Asia,High income,True
3738,Italy,ITA,2019,40.908,Europe & Central Asia,High income,True
3739,Italy,ITA,2020,39.501,Europe & Central Asia,High income,True
3740,Italy,ITA,2021,39.884,Europe & Central Asia,High income,True
3741,Italy,ITA,2022,40.517,Europe & Central Asia,High income,True
3742,Italy,ITA,2023,41.312,Europe & Central Asia,High income,True
3743,Italy,ITA,2024,41.03,Europe & Central Asia,High income,True
3744,Italy,ITA,2025,40.806,Europe & Central Asia,High income,True
3745,Jamaica,JAM,1990,63.881,Latin America & Caribbean,Upper middle income,True
3746,Jamaica,JAM,1991,63.441,Latin America & Caribbean,Upper middle income,True
3747,Jamaica,JAM,1992,63.033,Latin America & Caribbean,Upper middle income,True
3748,Jamaica,JAM,1993,62.628,Latin America & Caribbean,Upper middle income,True
3749,Jamaica,JAM,1994,62.174,Latin America & Caribbean,Upper middle income,True
3750,Jamaica,JAM,1995,61.673,Latin America & Caribbean,Upper middle income,True
3751,Jamaica,JAM,1996,61.131,Latin America & Caribbean,Upper middle income,True
3752,Jamaica,JAM,1997,60.544,Latin America & Caribbean,Upper middle income,True
3753,Jamaica,JAM,1998,59.928,Latin America & Caribbean,Upper middle income,True
3754,Jamaica,JAM,1999,58.984,Latin America & Caribbean,Upper middle income,True
3755,Jamaica,JAM,2000,58.147,Latin America & Caribbean,Upper middle income,True
3756,Jamaica,JAM,2001,57.325,Latin America & Caribbean,Upper middle income,True
3757,Jamaica,JAM,2002,56.932,Latin America & Caribbean,Upper middle income,True
3758,Jamaica,JAM,2003,56.534,Latin America & Caribbean,Upper middle income,True
3759,Jamaica,JAM,2004,56.565,Latin America & Caribbean,Upper middle income,True
3760,Jamaica,JAM,2005,56.394,Latin America & Caribbean,Upper middle income,True
3761,Jamaica,JAM,2006,56.177,Latin America & Caribbean,Upper middle income,True
3762,Jamaica,JAM,2007,55.937,Latin America & Caribbean,Upper middle income,True
3763,Jamaica,JAM,2008,55.689,Latin America & Caribbean,Upper middle income,True
3764,Jamaica,JAM,2009,53.753,Latin America & Caribbean,Upper middle income,True
3765,Jamaica,JAM,2010,52.347,Latin America & Caribbean,Upper middle income,True
3766,Jamaica,JAM,2011,52.646,Latin America & Caribbean,Upper middle income,True
3767,Jamaica,JAM,2012,53.024,Latin America & Caribbean,Upper middle income,True
3768,Jamaica,JAM,2013,53.938,Latin America & Caribbean,Upper middle income,True
3769,Jamaica,JAM,2014,54.469,Latin America & Caribbean,Upper middle income,True
3770,Jamaica,JAM,2015,58.524,Latin America & Caribbean,Upper middle income,True
3771,Jamaica,JAM,2016,57.654,Latin America & Caribbean,Upper middle income,True
3772,Jamaica,JAM,2017,58.604,Latin America & Caribbean,Upper middle income,True
3773,Jamaica,JAM,2018,58.309,Latin America & Caribbean,Upper middle income,True
3774,Jamaica,JAM,2019,59.835,Latin America & Caribbean,Upper middle income,True
3775,Jamaica,JAM,2020,57.579,Latin America & Caribbean,Upper middle income,True
3776,Jamaica,JAM,2021,58.395,Latin America & Caribbean,Upper middle income,True
3777,Jamaica,JAM,2022,60.803,Latin America & Caribbean,Upper middle income,True
3778,Jamaica,JAM,2023,63.047,Latin America & Caribbean,Upper middle income,True
3779,Jamaica,JAM,2024,62.913,Latin America & Caribbean,Upper middle income,True
3780,Jamaica,JAM,2025,63.033,Latin America & Caribbean,Upper middle income,True
3781,Japan,JPN,1990,50.062,East Asia & Pacific,High income,True
3782,Japan,JPN,1991,50.627,East Asia & Pacific,High income,True
3783,Japan,JPN,1992,50.667,East Asia & Pacific,High income,True
3784,Japan,JPN,1993,50.265,East Asia & Pacific,High income,True
3785,Japan,JPN,1994,50.111,East Asia & Pacific,High income,True
3786,Japan,JPN,1995,49.914,East Asia & Pacific,High income,True
3787,Japan,JPN,1996,49.968,East Asia & Pacific,High income,True
3788,Japan,JPN,1997,50.318,East Asia & Pacific,High income,True
3789,Japan,JPN,1998,50.064,East Asia & Pacific,High income,True
3790,Japan,JPN,1999,49.522,East Asia & Pacific,High income,True
3791,Japan,JPN,2000,49.19,East Asia & Pacific,High income,True
3792,Japan,JPN,2001,49.051,East Asia & Pacific,High income,True
3793,Japan,JPN,2002,48.457,East Asia & Pacific,High income,True
3794,Japan,JPN,2003,48.157,East Asia & Pacific,High income,True
3795,Japan,JPN,2004,48.163,East Asia & Pacific,High income,True
3796,Japan,JPN,2005,48.284,East Asia & Pacific,High income,True
3797,Japan,JPN,2006,48.401,East Asia & Pacific,High income,True
3798,Japan,JPN,2007,48.388,East Asia & Pacific,High income,True
3799,Japan,JPN,2008,48.36,East Asia & Pacific,High income,True
3800,Japan,JPN,2009,48.438,East Asia & Pacific,High income,True
3801,Japan,JPN,2010,48.34,East Asia & Pacific,High income,True
3802,Japan,JPN,2011,48.09,East Asia & Pacific,High income,True
3803,Japan,JPN,2012,48.028,East Asia & Pacific,High income,True
3804,Japan,JPN,2013,48.739,East Asia & Pacific,High income,True
3805,Japan,JPN,2014,49.176,East Asia & Pacific,High income,True
3806,Japan,JPN,2015,49.41,East Asia & Pacific,High income,True
3807,Japan,JPN,2016,50.208,East Asia & Pacific,High income,True
3808,Japan,JPN,2017,51.031,East Asia & Pacific,High income,True
3809,Japan,JPN,2018,52.368,East Asia & Pacific,High income,True
3810,Japan,JPN,2019,53.24,East Asia & Pacific,High income,True
3811,Japan,JPN,2020,53.09,East Asia & Pacific,High income,True
3812,Japan,JPN,2021,53.46,East Asia & Pacific,High income,True
3813,Japan,JPN,2022,54.173,East Asia & Pacific,High income,True
3814,Japan,JPN,2023,54.847,East Asia & Pacific,High income,True
3815,Japan,JPN,2024,55.596,East Asia & Pacific,High income,True
3816,Japan,JPN,2025,55.905,East Asia & Pacific,High income,True
3817,Jordan,JOR,1990,11.201,Middle East & North Africa,Upper middle income,True
3818,Jordan,JOR,1991,11.142,Middle East & North Africa,Upper middle income,True
3819,Jordan,JOR,1992,11.406,Middle East & North Africa,Upper middle income,True
3820,Jordan,JOR,1993,11.44,Middle East & North Africa,Upper middle income,True
3821,Jordan,JOR,1994,11.488,Middle East & North Africa,Upper middle income,True
3822,Jordan,JOR,1995,11.572,Middle East & North Africa,Upper middle income,True
3823,Jordan,JOR,1996,11.569,Middle East & North Africa,Upper middle income,True
3824,Jordan,JOR,1997,11.61,Middle East & North Africa,Upper middle income,True
3825,Jordan,JOR,1998,11.663,Middle East & North Africa,Upper middle income,True
3826,Jordan,JOR,1999,11.739,Middle East & North Africa,Upper middle income,True
3827,Jordan,JOR,2000,11.845,Middle East & North Africa,Upper middle income,True
3828,Jordan,JOR,2001,11.289,Middle East & North Africa,Upper middle income,True
3829,Jordan,JOR,2002,11.892,Middle East & North Africa,Upper middle income,True
3830,Jordan,JOR,2003,10.852,Middle East & North Africa,Upper middle income,True
3831,Jordan,JOR,2004,11.116,Middle East & North Africa,Upper middle income,True
3832,Jordan,JOR,2005,11.382,Middle East & North Africa,Upper middle income,True
3833,Jordan,JOR,2006,11.579,Middle East & North Africa,Upper middle income,True
3834,Jordan,JOR,2007,14.367,Middle East & North Africa,Upper middle income,True
3835,Jordan,JOR,2008,13.939,Middle East & North Africa,Upper middle income,True
3836,Jordan,JOR,2009,14.589,Middle East & North Africa,Upper middle income,True
3837,Jordan,JOR,2010,14.464,Middle East & North Africa,Upper middle income,True
3838,Jordan,JOR,2011,14.424,Middle East & North Africa,Upper middle income,True
3839,Jordan,JOR,2012,13.864,Middle East & North Africa,Upper middle income,True
3840,Jordan,JOR,2013,12.946,Middle East & North Africa,Upper middle income,True
3841,Jordan,JOR,2014,12.283,Middle East & North Africa,Upper middle income,True
3842,Jordan,JOR,2015,13.599,Middle East & North Africa,Upper middle income,True
3843,Jordan,JOR,2016,15.051,Middle East & North Africa,Upper middle income,True
3844,Jordan,JOR,2017,16.612,Middle East & North Africa,Upper middle income,True
3845,Jordan,JOR,2018,14.649,Middle East & North Africa,Upper middle income,True
3846,Jordan,JOR,2019,13.685,Middle East & North Africa,Upper middle income,True
3847,Jordan,JOR,2020,14.975,Middle East & North Africa,Upper middle income,True
3848,Jordan,JOR,2021,13.964,Middle East & North Africa,Upper middle income,True
3849,Jordan,JOR,2022,13.922,Middle East & North Africa,Upper middle income,True
3850,Jordan,JOR,2023,15.933,Middle East & North Africa,Upper middle income,True
3851,Jordan,JOR,2024,16.008,Middle East & North Africa,Upper middle income,True
3852,Jordan,JOR,2025,16.029,Middle East & North Africa,Upper middle income,True
3853,Kazakhstan,KAZ,1990,64.779,Europe & Central Asia,Upper middle income,True
3854,Kazakhstan,KAZ,1991,65.143,Europe & Central Asia,Upper middle income,True
3855,Kazakhstan,KAZ,1992,65.371,Europe & Central Asia,Upper middle income,True
3856,Kazakhstan,KAZ,1993,65.814,Europe & Central Asia,Upper middle income,True
3857,Kazakhstan,KAZ,1994,66.528,Europe & Central Asia,Upper middle income,True
3858,Kazakhstan,KAZ,1995,66.993,Europe & Central Asia,Upper middle income,True
3859,Kazakhstan,KAZ,1996,66.838,Europe & Central Asia,Upper middle income,True
3860,Kazakhstan,KAZ,1997,66.588,Europe & Central Asia,Upper middle income,True
3861,Kazakhstan,KAZ,1998,66.567,Europe & Central Asia,Upper middle income,True
3862,Kazakhstan,KAZ,1999,66.336,Europe & Central Asia,Upper middle income,True
3863,Kazakhstan,KAZ,2000,65.834,Europe & Central Asia,Upper middle income,True
3864,Kazakhstan,KAZ,2001,65.29,Europe & Central Asia,Upper middle income,True
3865,Kazakhstan,KAZ,2002,64.993,Europe & Central Asia,Upper middle income,True
3866,Kazakhstan,KAZ,2003,65.085,Europe & Central Asia,Upper middle income,True
3867,Kazakhstan,KAZ,2004,64.826,Europe & Central Asia,Upper middle income,True
3868,Kazakhstan,KAZ,2005,64.626,Europe & Central Asia,Upper middle income,True
3869,Kazakhstan,KAZ,2006,65.019,Europe & Central Asia,Upper middle income,True
3870,Kazakhstan,KAZ,2007,65.859,Europe & Central Asia,Upper middle income,True
3871,Kazakhstan,KAZ,2008,66.716,Europe & Central Asia,Upper middle income,True
3872,Kazakhstan,KAZ,2009,66.47,Europe & Central Asia,Upper middle income,True
3873,Kazakhstan,KAZ,2010,66.333,Europe & Central Asia,Upper middle income,True
3874,Kazakhstan,KAZ,2011,66.207,Europe & Central Asia,Upper middle income,True
3875,Kazakhstan,KAZ,2012,66.037,Europe & Central Asia,Upper middle income,True
3876,Kazakhstan,KAZ,2013,65.892,Europe & Central Asia,Upper middle income,True
3877,Kazakhstan,KAZ,2014,65.71,Europe & Central Asia,Upper middle income,True
3878,Kazakhstan,KAZ,2015,65.46,Europe & Central Asia,Upper middle income,True
3879,Kazakhstan,KAZ,2016,65.205,Europe & Central Asia,Upper middle income,True
3880,Kazakhstan,KAZ,2017,65.018,Europe & Central Asia,Upper middle income,True
3881,Kazakhstan,KAZ,2018,64.818,Europe & Central Asia,Upper middle income,True
3882,Kazakhstan,KAZ,2019,64.661,Europe & Central Asia,Upper middle income,True
3883,Kazakhstan,KAZ,2020,63.607,Europe & Central Asia,Upper middle income,True
3884,Kazakhstan,KAZ,2021,64.068,Europe & Central Asia,Upper middle income,True
3885,Kazakhstan,KAZ,2022,64.743,Europe & Central Asia,Upper middle income,True
3886,Kazakhstan,KAZ,2023,65.029,Europe & Central Asia,Upper middle income,True
3887,Kazakhstan,KAZ,2024,65.291,Europe & Central Asia,Upper middle income,True
3888,Kazakhstan,KAZ,2025,62.649,Europe & Central Asia,Upper middle income,True
3889,Kenya,KEN,1990,69.733,Sub-Saharan Africa,Lower middle income,True
3890,Kenya,KEN,1991,69.795,Sub-Saharan Africa,Lower middle income,True
3891,Kenya,KEN,1992,69.859,Sub-Saharan Africa,Lower middle income,True
3892,Kenya,KEN,1993,69.932,Sub-Saharan Africa,Lower middle income,True
3893,Kenya,KEN,1994,70.012,Sub-Saharan Africa,Lower middle income,True
3894,Kenya,KEN,1995,70.092,Sub-Saharan Africa,Lower middle income,True
3895,Kenya,KEN,1996,70.169,Sub-Saharan Africa,Lower middle income,True
3896,Kenya,KEN,1997,70.248,Sub-Saharan Africa,Lower middle income,True
3897,Kenya,KEN,1998,70.327,Sub-Saharan Africa,Lower middle income,True
3898,Kenya,KEN,1999,70.418,Sub-Saharan Africa,Lower middle income,True
3899,Kenya,KEN,2000,70.474,Sub-Saharan Africa,Lower middle income,True
3900,Kenya,KEN,2001,70.531,Sub-Saharan Africa,Lower middle income,True
3901,Kenya,KEN,2002,70.588,Sub-Saharan Africa,Lower middle income,True
3902,Kenya,KEN,2003,70.646,Sub-Saharan Africa,Lower middle income,True
3903,Kenya,KEN,2004,70.703,Sub-Saharan Africa,Lower middle income,True
3904,Kenya,KEN,2005,70.761,Sub-Saharan Africa,Lower middle income,True
3905,Kenya,KEN,2006,70.819,Sub-Saharan Africa,Lower middle income,True
3906,Kenya,KEN,2007,70.877,Sub-Saharan Africa,Lower middle income,True
3907,Kenya,KEN,2008,70.936,Sub-Saharan Africa,Lower middle income,True
3908,Kenya,KEN,2009,70.995,Sub-Saharan Africa,Lower middle income,True
3909,Kenya,KEN,2010,71.055,Sub-Saharan Africa,Lower middle income,True
3910,Kenya,KEN,2011,71.114,Sub-Saharan Africa,Lower middle income,True
3911,Kenya,KEN,2012,71.175,Sub-Saharan Africa,Lower middle income,True
3912,Kenya,KEN,2013,71.235,Sub-Saharan Africa,Lower middle income,True
3913,Kenya,KEN,2014,71.295,Sub-Saharan Africa,Lower middle income,True
3914,Kenya,KEN,2015,71.356,Sub-Saharan Africa,Lower middle income,True
3915,Kenya,KEN,2016,71.417,Sub-Saharan Africa,Lower middle income,True
3916,Kenya,KEN,2017,68.685,Sub-Saharan Africa,Lower middle income,True
3917,Kenya,KEN,2018,65.814,Sub-Saharan Africa,Lower middle income,True
3918,Kenya,KEN,2019,62.817,Sub-Saharan Africa,Lower middle income,True
3919,Kenya,KEN,2020,62.167,Sub-Saharan Africa,Lower middle income,True
3920,Kenya,KEN,2021,62.668,Sub-Saharan Africa,Lower middle income,True
3921,Kenya,KEN,2022,62.832,Sub-Saharan Africa,Lower middle income,True
3922,Kenya,KEN,2023,62.946,Sub-Saharan Africa,Lower middle income,True
3923,Kenya,KEN,2024,63.012,Sub-Saharan Africa,Lower middle income,True
3924,Kenya,KEN,2025,63.036,Sub-Saharan Africa,Lower middle income,True
3925,"Korea, Dem. People's Rep.",PRK,1990,76.635,East Asia & Pacific,Low income,True
3926,"Korea, Dem. People's Rep.",PRK,1991,76.817,East Asia & Pacific,Low income,True
3927,"Korea, Dem. People's Rep.",PRK,1992,77.099,East Asia & Pacific,Low income,True
3928,"Korea, Dem. People's Rep.",PRK,1993,77.298,East Asia & Pacific,Low income,True
3929,"Korea, Dem. People's Rep.",PRK,1994,77.416,East Asia & Pacific,Low income,True
3930,"Korea, Dem. People's Rep.",PRK,1995,77.612,East Asia & Pacific,Low income,True
3931,"Korea, Dem. People's Rep.",PRK,1996,77.766,East Asia & Pacific,Low income,True
3932,"Korea, Dem. People's Rep.",PRK,1997,78.042,East Asia & Pacific,Low income,True
3933,"Korea, Dem. People's Rep.",PRK,1998,78.105,East Asia & Pacific,Low income,True
3934,"Korea, Dem. People's Rep.",PRK,1999,77.913,East Asia & Pacific,Low income,True
3935,"Korea, Dem. People's Rep.",PRK,2000,77.922,East Asia & Pacific,Low income,True
3936,"Korea, Dem. People's Rep.",PRK,2001,77.808,East Asia & Pacific,Low income,True
3937,"Korea, Dem. People's Rep.",PRK,2002,77.782,East Asia & Pacific,Low income,True
3938,"Korea, Dem. People's Rep.",PRK,2003,77.736,East Asia & Pacific,Low income,True
3939,"Korea, Dem. People's Rep.",PRK,2004,77.685,East Asia & Pacific,Low income,True
3940,"Korea, Dem. People's Rep.",PRK,2005,77.572,East Asia & Pacific,Low income,True
3941,"Korea, Dem. People's Rep.",PRK,2006,77.626,East Asia & Pacific,Low income,True
3942,"Korea, Dem. People's Rep.",PRK,2007,77.684,East Asia & Pacific,Low income,True
3943,"Korea, Dem. People's Rep.",PRK,2008,77.59,East Asia & Pacific,Low income,True
3944,"Korea, Dem. People's Rep.",PRK,2009,77.635,East Asia & Pacific,Low income,True
3945,"Korea, Dem. People's Rep.",PRK,2010,77.663,East Asia & Pacific,Low income,True
3946,"Korea, Dem. People's Rep.",PRK,2011,77.646,East Asia & Pacific,Low income,True
3947,"Korea, Dem. People's Rep.",PRK,2012,77.61,East Asia & Pacific,Low income,True
3948,"Korea, Dem. People's Rep.",PRK,2013,77.582,East Asia & Pacific,Low income,True
3949,"Korea, Dem. People's Rep.",PRK,2014,77.556,East Asia & Pacific,Low income,True
3950,"Korea, Dem. People's Rep.",PRK,2015,77.608,East Asia & Pacific,Low income,True
3951,"Korea, Dem. People's Rep.",PRK,2016,77.484,East Asia & Pacific,Low income,True
3952,"Korea, Dem. People's Rep.",PRK,2017,77.622,East Asia & Pacific,Low income,True
3953,"Korea, Dem. People's Rep.",PRK,2018,77.788,East Asia & Pacific,Low income,True
3954,"Korea, Dem. People's Rep.",PRK,2019,77.787,East Asia & Pacific,Low income,True
3955,"Korea, Dem. People's Rep.",PRK,2020,76.306,East Asia & Pacific,Low income,True
3956,"Korea, Dem. People's Rep.",PRK,2021,76.483,East Asia & Pacific,Low income,True
3957,"Korea, Dem. People's Rep.",PRK,2022,77.693,East Asia & Pacific,Low income,True
3958,"Korea, Dem. People's Rep.",PRK,2023,77.724,East Asia & Pacific,Low income,True
3959,"Korea, Dem. People's Rep.",PRK,2024,77.722,East Asia & Pacific,Low income,True
3960,"Korea, Dem. People's Rep.",PRK,2025,77.713,East Asia & Pacific,Low income,True
3961,"Korea, Rep.",KOR,1990,47.207,East Asia & Pacific,High income,True
3962,"Korea, Rep.",KOR,1991,47.219,East Asia & Pacific,High income,True
3963,"Korea, Rep.",KOR,1992,47.199,East Asia & Pacific,High income,True
3964,"Korea, Rep.",KOR,1993,47.16,East Asia & Pacific,High income,True
3965,"Korea, Rep.",KOR,1994,47.906,East Asia & Pacific,High income,True
3966,"Korea, Rep.",KOR,1995,48.449,East Asia & Pacific,High income,True
3967,"Korea, Rep.",KOR,1996,48.948,East Asia & Pacific,High income,True
3968,"Korea, Rep.",KOR,1997,49.826,East Asia & Pacific,High income,True
3969,"Korea, Rep.",KOR,1998,47.124,East Asia & Pacific,High income,True
3970,"Korea, Rep.",KOR,1999,47.675,East Asia & Pacific,High income,True
3971,"Korea, Rep.",KOR,2000,49.35,East Asia & Pacific,High income,True
3972,"Korea, Rep.",KOR,2001,50.001,East Asia & Pacific,High income,True
3973,"Korea, Rep.",KOR,2002,50.369,East Asia & Pacific,High income,True
3974,"Korea, Rep.",KOR,2003,49.477,East Asia & Pacific,High income,True
3975,"Korea, Rep.",KOR,2004,50.637,East Asia & Pacific,High income,True
3976,"Korea, Rep.",KOR,2005,50.664,East Asia & Pacific,High income,True
3977,"Korea, Rep.",KOR,2006,50.833,East Asia & Pacific,High income,True
3978,"Korea, Rep.",KOR,2007,50.648,East Asia & Pacific,High income,True
3979,"Korea, Rep.",KOR,2008,50.353,East Asia & Pacific,High income,True
3980,"Korea, Rep.",KOR,2009,49.575,East Asia & Pacific,High income,True
3981,"Korea, Rep.",KOR,2010,49.767,East Asia & Pacific,High income,True
3982,"Korea, Rep.",KOR,2011,49.994,East Asia & Pacific,High income,True
3983,"Korea, Rep.",KOR,2012,50.29,East Asia & Pacific,High income,True
3984,"Korea, Rep.",KOR,2013,50.805,East Asia & Pacific,High income,True
3985,"Korea, Rep.",KOR,2014,51.839,East Asia & Pacific,High income,True
3986,"Korea, Rep.",KOR,2015,52.391,East Asia & Pacific,High income,True
3987,"Korea, Rep.",KOR,2016,52.568,East Asia & Pacific,High income,True
3988,"Korea, Rep.",KOR,2017,53.073,East Asia & Pacific,High income,True
3989,"Korea, Rep.",KOR,2018,53.224,East Asia & Pacific,High income,True
3990,"Korea, Rep.",KOR,2019,53.772,East Asia & Pacific,High income,True
3991,"Korea, Rep.",KOR,2020,53.137,East Asia & Pacific,High income,True
3992,"Korea, Rep.",KOR,2021,53.65,East Asia & Pacific,High income,True
3993,"Korea, Rep.",KOR,2022,55.03,East Asia & Pacific,High income,True
3994,"Korea, Rep.",KOR,2023,56.038,East Asia & Pacific,High income,True
3995,"Korea, Rep.",KOR,2024,56.826,East Asia & Pacific,High income,True
3996,"Korea, Rep.",KOR,2025,56.782,East Asia & Pacific,High income,True
3997,Kuwait,KWT,1990,41.395,Middle East & North Africa,High income,True
3998,Kuwait,KWT,1991,41.195,Middle East & North Africa,High income,True
3999,Kuwait,KWT,1992,40.678,Middle East & North Africa,High income,True
4000,Kuwait,KWT,1993,41.106,Middle East & North Africa,High income,True
4001,Kuwait,KWT,1994,42.38,Middle East & North Africa,High income,True
4002,Kuwait,KWT,1995,43.109,Middle East & North Africa,High income,True
4003,Kuwait,KWT,1996,43.595,Middle East & North Africa,High income,True
4004,Kuwait,KWT,1997,43.687,Middle East & North Africa,High income,True
4005,Kuwait,KWT,1998,43.786,Middle East & North Africa,High income,True
4006,Kuwait,KWT,1999,43.937,Middle East & North Africa,High income,True
4007,Kuwait,KWT,2000,44.177,Middle East & North Africa,High income,True
4008,Kuwait,KWT,2001,44.533,Middle East & North Africa,High income,True
4009,Kuwait,KWT,2002,45.016,Middle East & North Africa,High income,True
4010,Kuwait,KWT,2003,45.617,Middle East & North Africa,High income,True
4011,Kuwait,KWT,2004,45.921,Middle East & North Africa,High income,True
4012,Kuwait,KWT,2005,46.087,Middle East & North Africa,High income,True
4013,Kuwait,KWT,2006,46.028,Middle East & North Africa,High income,True
4014,Kuwait,KWT,2007,46.049,Middle East & North Africa,High income,True
4015,Kuwait,KWT,2008,46.272,Middle East & North Africa,High income,True
4016,Kuwait,KWT,2009,46.689,Middle East & North Africa,High income,True
4017,Kuwait,KWT,2010,47.287,Middle East & North Africa,High income,True
4018,Kuwait,KWT,2011,48.147,Middle East & North Africa,High income,True
4019,Kuwait,KWT,2012,48.889,Middle East & North Africa,High income,True
4020,Kuwait,KWT,2013,49.289,Middle East & North Africa,High income,True
4021,Kuwait,KWT,2014,49.539,Middle East & North Africa,High income,True
4022,Kuwait,KWT,2015,49.648,Middle East & North Africa,High income,True
4023,Kuwait,KWT,2016,49.532,Middle East & North Africa,High income,True
4024,Kuwait,KWT,2017,49.868,Middle East & North Africa,High income,True
4025,Kuwait,KWT,2018,49.614,Middle East & North Africa,High income,True
4026,Kuwait,KWT,2019,49.32,Middle East & North Africa,High income,True
4027,Kuwait,KWT,2020,46.538,Middle East & North Africa,High income,True
4028,Kuwait,KWT,2021,47.507,Middle East & North Africa,High income,True
4029,Kuwait,KWT,2022,49.616,Middle East & North Africa,High income,True
4030,Kuwait,KWT,2023,48.179,Middle East & North Africa,High income,True
4031,Kuwait,KWT,2024,47.336,Middle East & North Africa,High income,True
4032,Kuwait,KWT,2025,47.2,Middle East & North Africa,High income,True
4033,Kyrgyz Republic,KGZ,1990,47.9,Europe & Central Asia,Lower middle income,True
4034,Kyrgyz Republic,KGZ,1991,49.559,Europe & Central Asia,Lower middle income,True
4035,Kyrgyz Republic,KGZ,1992,52.522,Europe & Central Asia,Lower middle income,True
4036,Kyrgyz Republic,KGZ,1993,55.977,Europe & Central Asia,Lower middle income,True
4037,Kyrgyz Republic,KGZ,1994,61.029,Europe & Central Asia,Lower middle income,True
4038,Kyrgyz Republic,KGZ,1995,62.588,Europe & Central Asia,Lower middle income,True
4039,Kyrgyz Republic,KGZ,1996,61.306,Europe & Central Asia,Lower middle income,True
4040,Kyrgyz Republic,KGZ,1997,59.439,Europe & Central Asia,Lower middle income,True
4041,Kyrgyz Republic,KGZ,1998,59.303,Europe & Central Asia,Lower middle income,True
4042,Kyrgyz Republic,KGZ,1999,58.82,Europe & Central Asia,Lower middle income,True
4043,Kyrgyz Republic,KGZ,2000,57.886,Europe & Central Asia,Lower middle income,True
4044,Kyrgyz Republic,KGZ,2001,56.929,Europe & Central Asia,Lower middle income,True
4045,Kyrgyz Republic,KGZ,2002,57.114,Europe & Central Asia,Lower middle income,True
4046,Kyrgyz Republic,KGZ,2003,55.843,Europe & Central Asia,Lower middle income,True
4047,Kyrgyz Republic,KGZ,2004,54.64,Europe & Central Asia,Lower middle income,True
4048,Kyrgyz Republic,KGZ,2005,54.886,Europe & Central Asia,Lower middle income,True
4049,Kyrgyz Republic,KGZ,2006,54.428,Europe & Central Asia,Lower middle income,True
4050,Kyrgyz Republic,KGZ,2007,52.888,Europe & Central Asia,Lower middle income,True
4051,Kyrgyz Republic,KGZ,2008,51.43,Europe & Central Asia,Lower middle income,True
4052,Kyrgyz Republic,KGZ,2009,51.098,Europe & Central Asia,Lower middle income,True
4053,Kyrgyz Republic,KGZ,2010,51.445,Europe & Central Asia,Lower middle income,True
4054,Kyrgyz Republic,KGZ,2011,52.124,Europe & Central Asia,Lower middle income,True
4055,Kyrgyz Republic,KGZ,2012,50.03,Europe & Central Asia,Lower middle income,True
4056,Kyrgyz Republic,KGZ,2013,45.843,Europe & Central Asia,Lower middle income,True
4057,Kyrgyz Republic,KGZ,2014,47.601,Europe & Central Asia,Lower middle income,True
4058,Kyrgyz Republic,KGZ,2015,47.459,Europe & Central Asia,Lower middle income,True
4059,Kyrgyz Republic,KGZ,2016,46.17,Europe & Central Asia,Lower middle income,True
4060,Kyrgyz Republic,KGZ,2017,42.44,Europe & Central Asia,Lower middle income,True
4061,Kyrgyz Republic,KGZ,2018,44.016,Europe & Central Asia,Lower middle income,True
4062,Kyrgyz Republic,KGZ,2019,44.04,Europe & Central Asia,Lower middle income,True
4063,Kyrgyz Republic,KGZ,2020,43.877,Europe & Central Asia,Lower middle income,True
4064,Kyrgyz Republic,KGZ,2021,43.997,Europe & Central Asia,Lower middle income,True
4065,Kyrgyz Republic,KGZ,2022,45.238,Europe & Central Asia,Lower middle income,True
4066,Kyrgyz Republic,KGZ,2023,43.495,Europe & Central Asia,Lower middle income,True
4067,Kyrgyz Republic,KGZ,2024,44.256,Europe & Central Asia,Lower middle income,True
4068,Kyrgyz Republic,KGZ,2025,44.136,Europe & Central Asia,Lower middle income,True
4069,Lao PDR,LAO,1990,60.303,East Asia & Pacific,Lower middle income,True
4070,Lao PDR,LAO,1991,60.233,East Asia & Pacific,Lower middle income,True
4071,Lao PDR,LAO,1992,60.104,East Asia & Pacific,Lower middle income,True
4072,Lao PDR,LAO,1993,59.959,East Asia & Pacific,Lower middle income,True
4073,Lao PDR,LAO,1994,59.715,East Asia & Pacific,Lower middle income,True
4074,Lao PDR,LAO,1995,59.518,East Asia & Pacific,Lower middle income,True
4075,Lao PDR,LAO,1996,59.324,East Asia & Pacific,Lower middle income,True
4076,Lao PDR,LAO,1997,59.126,East Asia & Pacific,Lower middle income,True
4077,Lao PDR,LAO,1998,59.039,East Asia & Pacific,Lower middle income,True
4078,Lao PDR,LAO,1999,58.818,East Asia & Pacific,Lower middle income,True
4079,Lao PDR,LAO,2000,58.658,East Asia & Pacific,Lower middle income,True
4080,Lao PDR,LAO,2001,58.503,East Asia & Pacific,Lower middle income,True
4081,Lao PDR,LAO,2002,58.343,East Asia & Pacific,Lower middle income,True
4082,Lao PDR,LAO,2003,58.182,East Asia & Pacific,Lower middle income,True
4083,Lao PDR,LAO,2004,58.012,East Asia & Pacific,Lower middle income,True
4084,Lao PDR,LAO,2005,57.826,East Asia & Pacific,Lower middle income,True
4085,Lao PDR,LAO,2006,57.604,East Asia & Pacific,Lower middle income,True
4086,Lao PDR,LAO,2007,57.421,East Asia & Pacific,Lower middle income,True
4087,Lao PDR,LAO,2008,57.24,East Asia & Pacific,Lower middle income,True
4088,Lao PDR,LAO,2009,57.075,East Asia & Pacific,Lower middle income,True
4089,Lao PDR,LAO,2010,56.892,East Asia & Pacific,Lower middle income,True
4090,Lao PDR,LAO,2011,56.731,East Asia & Pacific,Lower middle income,True
4091,Lao PDR,LAO,2012,56.58,East Asia & Pacific,Lower middle income,True
4092,Lao PDR,LAO,2013,56.437,East Asia & Pacific,Lower middle income,True
4093,Lao PDR,LAO,2014,56.311,East Asia & Pacific,Lower middle income,True
4094,Lao PDR,LAO,2015,56.202,East Asia & Pacific,Lower middle income,True
4095,Lao PDR,LAO,2016,56.106,East Asia & Pacific,Lower middle income,True
4096,Lao PDR,LAO,2017,56.02,East Asia & Pacific,Lower middle income,True
4097,Lao PDR,LAO,2018,57.066,East Asia & Pacific,Lower middle income,True
4098,Lao PDR,LAO,2019,58.125,East Asia & Pacific,Lower middle income,True
4099,Lao PDR,LAO,2020,58.68,East Asia & Pacific,Lower middle income,True
4100,Lao PDR,LAO,2021,60.323,East Asia & Pacific,Lower middle income,True
4101,Lao PDR,LAO,2022,61.37,East Asia & Pacific,Lower middle income,True
4102,Lao PDR,LAO,2023,61.407,East Asia & Pacific,Lower middle income,True
4103,Lao PDR,LAO,2024,61.466,East Asia & Pacific,Lower middle income,True
4104,Lao PDR,LAO,2025,61.56,East Asia & Pacific,Lower middle income,True
4105,Late-demographic dividend,LTE,1990,65.6503480521778,,,False
4106,Late-demographic dividend,LTE,1991,65.2899050037504,,,False
4107,Late-demographic dividend,LTE,1992,64.9272815039757,,,False
4108,Late-demographic dividend,LTE,1993,64.5277823409406,,,False
4109,Late-demographic dividend,LTE,1994,64.1513314922953,,,False
4110,Late-demographic dividend,LTE,1995,63.8841281319625,,,False
4111,Late-demographic dividend,LTE,1996,63.4136919013761,,,False
4112,Late-demographic dividend,LTE,1997,63.0454891129349,,,False
4113,Late-demographic dividend,LTE,1998,62.7194099206999,,,False
4114,Late-demographic dividend,LTE,1999,62.68098443485,,,False
4115,Late-demographic dividend,LTE,2000,62.3876604607,,,False
4116,Late-demographic dividend,LTE,2001,62.1837614884813,,,False
4117,Late-demographic dividend,LTE,2002,62.0538950731844,,,False
4118,Late-demographic dividend,LTE,2003,61.8118540779718,,,False
4119,Late-demographic dividend,LTE,2004,61.6324132830911,,,False
4120,Late-demographic dividend,LTE,2005,61.5212717049582,,,False
4121,Late-demographic dividend,LTE,2006,61.250680653179,,,False
4122,Late-demographic dividend,LTE,2007,61.0354149221862,,,False
4123,Late-demographic dividend,LTE,2008,60.8120804251952,,,False
4124,Late-demographic dividend,LTE,2009,60.6447183313058,,,False
4125,Late-demographic dividend,LTE,2010,60.2626629832196,,,False
4126,Late-demographic dividend,LTE,2011,60.2587278130061,,,False
4127,Late-demographic dividend,LTE,2012,60.01363731877,,,False
4128,Late-demographic dividend,LTE,2013,59.7396071306405,,,False
4129,Late-demographic dividend,LTE,2014,59.6275862790844,,,False
4130,Late-demographic dividend,LTE,2015,59.5375468208775,,,False
4131,Late-demographic dividend,LTE,2016,59.3306608494078,,,False
4132,Late-demographic dividend,LTE,2017,59.1368404834431,,,False
4133,Late-demographic dividend,LTE,2018,58.9227607491681,,,False
4134,Late-demographic dividend,LTE,2019,58.7099540739722,,,False
4135,Late-demographic dividend,LTE,2020,56.9949747694025,,,False
4136,Late-demographic dividend,LTE,2021,58.1622537944431,,,False
4137,Late-demographic dividend,LTE,2022,57.7638222918777,,,False
4138,Late-demographic dividend,LTE,2023,57.7811035745341,,,False
4139,Late-demographic dividend,LTE,2024,57.3948017809887,,,False
4140,Late-demographic dividend,LTE,2025,57.080610073679,,,False
4141,Latin America & Caribbean,LCN,1990,42.5245273766161,,,False
4142,Latin America & Caribbean,LCN,1991,42.7755663023042,,,False
4143,Latin America & Caribbean,LCN,1992,43.4818143643331,,,False
4144,Latin America & Caribbean,LCN,1993,44.271786378589,,,False
4145,Latin America & Caribbean,LCN,1994,44.9930024657977,,,False
4146,Latin America & Caribbean,LCN,1995,45.8356542034202,,,False
4147,Latin America & Caribbean,LCN,1996,45.6860494733737,,,False
4148,Latin America & Caribbean,LCN,1997,46.7500560420316,,,False
4149,Latin America & Caribbean,LCN,1998,47.2313977777697,,,False
4150,Latin America & Caribbean,LCN,1999,47.505682002416,,,False
4151,Latin America & Caribbean,LCN,2000,47.6273355975045,,,False
4152,Latin America & Caribbean,LCN,2001,48.1404914798661,,,False
4153,Latin America & Caribbean,LCN,2002,48.5925922332787,,,False
4154,Latin America & Caribbean,LCN,2003,49.1089723313449,,,False
4155,Latin America & Caribbean,LCN,2004,49.8122231239195,,,False
4156,Latin America & Caribbean,LCN,2005,50.4830471381835,,,False
4157,Latin America & Caribbean,LCN,2006,50.8199398997431,,,False
4158,Latin America & Caribbean,LCN,2007,50.8690136732244,,,False
4159,Latin America & Caribbean,LCN,2008,50.8603348771581,,,False
4160,Latin America & Caribbean,LCN,2009,51.4353873796754,,,False
4161,Latin America & Caribbean,LCN,2010,50.94873319087,,,False
4162,Latin America & Caribbean,LCN,2011,50.5783665175557,,,False
4163,Latin America & Caribbean,LCN,2012,50.9045620701882,,,False
4164,Latin America & Caribbean,LCN,2013,50.7308557262385,,,False
4165,Latin America & Caribbean,LCN,2014,50.4513507218182,,,False
4166,Latin America & Caribbean,LCN,2015,50.8003879699869,,,False
4167,Latin America & Caribbean,LCN,2016,50.9594393418127,,,False
4168,Latin America & Caribbean,LCN,2017,51.2452858693284,,,False
4169,Latin America & Caribbean,LCN,2018,51.5981868332282,,,False
4170,Latin America & Caribbean,LCN,2019,52.0805413223399,,,False
4171,Latin America & Caribbean,LCN,2020,47.9649197766993,,,False
4172,Latin America & Caribbean,LCN,2021,50.3522028340306,,,False
4173,Latin America & Caribbean,LCN,2022,51.1771610783708,,,False
4174,Latin America & Caribbean,LCN,2023,51.2405561157355,,,False
4175,Latin America & Caribbean,LCN,2024,51.4208134654431,,,False
4176,Latin America & Caribbean,LCN,2025,51.3862493462153,,,False
4177,Latin America & Caribbean (excluding high income),LAC,1990,43.166274712863,,,False
4178,Latin America & Caribbean (excluding high income),LAC,1991,43.3497845718337,,,False
4179,Latin America & Caribbean (excluding high income),LAC,1992,44.0377955729954,,,False
4180,Latin America & Caribbean (excluding high income),LAC,1993,44.827055598657,,,False
4181,Latin America & Caribbean (excluding high income),LAC,1994,45.5477205925451,,,False
4182,Latin America & Caribbean (excluding high income),LAC,1995,46.3882574162665,,,False
4183,Latin America & Caribbean (excluding high income),LAC,1996,46.1887758361728,,,False
4184,Latin America & Caribbean (excluding high income),LAC,1997,47.2589338321158,,,False
4185,Latin America & Caribbean (excluding high income),LAC,1998,47.7233485835717,,,False
4186,Latin America & Caribbean (excluding high income),LAC,1999,47.9958998100716,,,False
4187,Latin America & Caribbean (excluding high income),LAC,2000,48.1548591089127,,,False
4188,Latin America & Caribbean (excluding high income),LAC,2001,48.6826715575565,,,False
4189,Latin America & Caribbean (excluding high income),LAC,2002,49.1789303393923,,,False
4190,Latin America & Caribbean (excluding high income),LAC,2003,49.6669950369857,,,False
4191,Latin America & Caribbean (excluding high income),LAC,2004,50.3798517917787,,,False
4192,Latin America & Caribbean (excluding high income),LAC,2005,51.0044286309093,,,False
4193,Latin America & Caribbean (excluding high income),LAC,2006,51.3165075703927,,,False
4194,Latin America & Caribbean (excluding high income),LAC,2007,51.3191735449391,,,False
4195,Latin America & Caribbean (excluding high income),LAC,2008,51.2320804339549,,,False
4196,Latin America & Caribbean (excluding high income),LAC,2009,51.8454157077064,,,False
4197,Latin America & Caribbean (excluding high income),LAC,2010,51.2571499354376,,,False
4198,Latin America & Caribbean (excluding high income),LAC,2011,50.7797010220716,,,False
4199,Latin America & Caribbean (excluding high income),LAC,2012,51.0585373908221,,,False
4200,Latin America & Caribbean (excluding high income),LAC,2013,50.8557077035996,,,False
4201,Latin America & Caribbean (excluding high income),LAC,2014,50.5234542555468,,,False
4202,Latin America & Caribbean (excluding high income),LAC,2015,50.9038924502021,,,False
4203,Latin America & Caribbean (excluding high income),LAC,2016,51.0841800877237,,,False
4204,Latin America & Caribbean (excluding high income),LAC,2017,51.353154658895,,,False
4205,Latin America & Caribbean (excluding high income),LAC,2018,51.6614215584383,,,False
4206,Latin America & Caribbean (excluding high income),LAC,2019,52.1232073820698,,,False
4207,Latin America & Caribbean (excluding high income),LAC,2020,48.0317324807415,,,False
4208,Latin America & Caribbean (excluding high income),LAC,2021,50.549872566997,,,False
4209,Latin America & Caribbean (excluding high income),LAC,2022,51.2771555905815,,,False
4210,Latin America & Caribbean (excluding high income),LAC,2023,51.3186581316498,,,False
4211,Latin America & Caribbean (excluding high income),LAC,2024,51.4480100759585,,,False
4212,Latin America & Caribbean (excluding high income),LAC,2025,51.4060227900982,,,False
4213,Latin America & the Caribbean (IDA & IBRD countries),TLA,1990,42.8051499585933,,,False
4214,Latin America & the Caribbean (IDA & IBRD countries),TLA,1991,43.0826351796579,,,False
4215,Latin America & the Caribbean (IDA & IBRD countries),TLA,1992,43.8318001083221,,,False
4216,Latin America & the Caribbean (IDA & IBRD countries),TLA,1993,44.6606021008528,,,False
4217,Latin America & the Caribbean (IDA & IBRD countries),TLA,1994,45.4031213293918,,,False
4218,Latin America & the Caribbean (IDA & IBRD countries),TLA,1995,46.2662362414099,,,False
4219,Latin America & the Caribbean (IDA & IBRD countries),TLA,1996,46.0822939404126,,,False
4220,Latin America & the Caribbean (IDA & IBRD countries),TLA,1997,47.1598754732632,,,False
4221,Latin America & the Caribbean (IDA & IBRD countries),TLA,1998,47.6465385248667,,,False
4222,Latin America & the Caribbean (IDA & IBRD countries),TLA,1999,47.8933442267384,,,False
4223,Latin America & the Caribbean (IDA & IBRD countries),TLA,2000,48.0120986955371,,,False
4224,Latin America & the Caribbean (IDA & IBRD countries),TLA,2001,48.5201771310159,,,False
4225,Latin America & the Caribbean (IDA & IBRD countries),TLA,2002,48.9687771395155,,,False
4226,Latin America & the Caribbean (IDA & IBRD countries),TLA,2003,49.4806764014149,,,False
4227,Latin America & the Caribbean (IDA & IBRD countries),TLA,2004,50.192956786501,,,False
4228,Latin America & the Caribbean (IDA & IBRD countries),TLA,2005,50.8478080829509,,,False
4229,Latin America & the Caribbean (IDA & IBRD countries),TLA,2006,51.1643010292695,,,False
4230,Latin America & the Caribbean (IDA & IBRD countries),TLA,2007,51.1999141560246,,,False
4231,Latin America & the Caribbean (IDA & IBRD countries),TLA,2008,51.1798198572244,,,False
4232,Latin America & the Caribbean (IDA & IBRD countries),TLA,2009,51.7506316452833,,,False
4233,Latin America & the Caribbean (IDA & IBRD countries),TLA,2010,51.264174878158,,,False
4234,Latin America & the Caribbean (IDA & IBRD countries),TLA,2011,50.8732202573454,,,False
4235,Latin America & the Caribbean (IDA & IBRD countries),TLA,2012,51.195532130806,,,False
4236,Latin America & the Caribbean (IDA & IBRD countries),TLA,2013,51.0035913174152,,,False
4237,Latin America & the Caribbean (IDA & IBRD countries),TLA,2014,50.7077467269552,,,False
4238,Latin America & the Caribbean (IDA & IBRD countries),TLA,2015,51.0509770433769,,,False
4239,Latin America & the Caribbean (IDA & IBRD countries),TLA,2016,51.2039985042131,,,False
4240,Latin America & the Caribbean (IDA & IBRD countries),TLA,2017,51.4873411609278,,,False
4241,Latin America & the Caribbean (IDA & IBRD countries),TLA,2018,51.8380702465177,,,False
4242,Latin America & the Caribbean (IDA & IBRD countries),TLA,2019,52.331706135581,,,False
4243,Latin America & the Caribbean (IDA & IBRD countries),TLA,2020,48.1513843569585,,,False
4244,Latin America & the Caribbean (IDA & IBRD countries),TLA,2021,50.5840329987644,,,False
4245,Latin America & the Caribbean (IDA & IBRD countries),TLA,2022,51.4313365004695,,,False
4246,Latin America & the Caribbean (IDA & IBRD countries),TLA,2023,51.5049005114493,,,False
4247,Latin America & the Caribbean (IDA & IBRD countries),TLA,2024,51.6986261209599,,,False
4248,Latin America & the Caribbean (IDA & IBRD countries),TLA,2025,51.6665769108524,,,False
4249,Latvia,LVA,1990,53.782,Europe & Central Asia,High income,True
4250,Latvia,LVA,1991,53.413,Europe & Central Asia,High income,True
4251,Latvia,LVA,1992,53.839,Europe & Central Asia,High income,True
4252,Latvia,LVA,1993,53.559,Europe & Central Asia,High income,True
4253,Latvia,LVA,1994,53.03,Europe & Central Asia,High income,True
4254,Latvia,LVA,1995,52.75,Europe & Central Asia,High income,True
4255,Latvia,LVA,1996,52.416,Europe & Central Asia,High income,True
4256,Latvia,LVA,1997,51.891,Europe & Central Asia,High income,True
4257,Latvia,LVA,1998,51.577,Europe & Central Asia,High income,True
4258,Latvia,LVA,1999,49.84,Europe & Central Asia,High income,True
4259,Latvia,LVA,2000,48.977,Europe & Central Asia,High income,True
4260,Latvia,LVA,2001,49.936,Europe & Central Asia,High income,True
4261,Latvia,LVA,2002,51.07,Europe & Central Asia,High income,True
4262,Latvia,LVA,2003,50.516,Europe & Central Asia,High income,True
4263,Latvia,LVA,2004,50.405,Europe & Central Asia,High income,True
4264,Latvia,LVA,2005,50.386,Europe & Central Asia,High income,True
4265,Latvia,LVA,2006,51.945,Europe & Central Asia,High income,True
4266,Latvia,LVA,2007,52.909,Europe & Central Asia,High income,True
4267,Latvia,LVA,2008,54.841,Europe & Central Asia,High income,True
4268,Latvia,LVA,2009,54.357,Europe & Central Asia,High income,True
4269,Latvia,LVA,2010,53.73,Europe & Central Asia,High income,True
4270,Latvia,LVA,2011,52.909,Europe & Central Asia,High income,True
4271,Latvia,LVA,2012,54.088,Europe & Central Asia,High income,True
4272,Latvia,LVA,2013,53.773,Europe & Central Asia,High income,True
4273,Latvia,LVA,2014,53.301,Europe & Central Asia,High income,True
4274,Latvia,LVA,2015,54.029,Europe & Central Asia,High income,True
4275,Latvia,LVA,2016,54.863,Europe & Central Asia,High income,True
4276,Latvia,LVA,2017,55.064,Europe & Central Asia,High income,True
4277,Latvia,LVA,2018,55.639,Europe & Central Asia,High income,True
4278,Latvia,LVA,2019,55.474,Europe & Central Asia,High income,True
4279,Latvia,LVA,2020,55.844,Europe & Central Asia,High income,True
4280,Latvia,LVA,2021,54.167,Europe & Central Asia,High income,True
4281,Latvia,LVA,2022,55.299,Europe & Central Asia,High income,True
4282,Latvia,LVA,2023,55.436,Europe & Central Asia,High income,True
4283,Latvia,LVA,2024,55.516,Europe & Central Asia,High income,True
4284,Latvia,LVA,2025,55.248,Europe & Central Asia,High income,True
4285,Least developed countries: UN classification,LDC,1990,52.9441038555512,,,False
4286,Least developed countries: UN classification,LDC,1991,53.1024048157233,,,False
4287,Least developed countries: UN classification,LDC,1992,53.1770609140731,,,False
4288,Least developed countries: UN classification,LDC,1993,53.1935058359029,,,False
4289,Least developed countries: UN classification,LDC,1994,53.3503152290179,,,False
4290,Least developed countries: UN classification,LDC,1995,53.5568404520017,,,False
4291,Least developed countries: UN classification,LDC,1996,53.6351909424556,,,False
4292,Least developed countries: UN classification,LDC,1997,53.6558405615441,,,False
4293,Least developed countries: UN classification,LDC,1998,53.710202732741,,,False
4294,Least developed countries: UN classification,LDC,1999,53.7487625951474,,,False
4295,Least developed countries: UN classification,LDC,2000,53.7183218019794,,,False
4296,Least developed countries: UN classification,LDC,2001,53.7028625089652,,,False
4297,Least developed countries: UN classification,LDC,2002,53.6618019816851,,,False
4298,Least developed countries: UN classification,LDC,2003,53.5911748522176,,,False
4299,Least developed countries: UN classification,LDC,2004,53.5579229703338,,,False
4300,Least developed countries: UN classification,LDC,2005,53.5165115098943,,,False
4301,Least developed countries: UN classification,LDC,2006,53.3574114460674,,,False
4302,Least developed countries: UN classification,LDC,2007,53.4974422360266,,,False
4303,Least developed countries: UN classification,LDC,2008,53.5942511564592,,,False
4304,Least developed countries: UN classification,LDC,2009,53.8879376106578,,,False
4305,Least developed countries: UN classification,LDC,2010,54.1760903401274,,,False
4306,Least developed countries: UN classification,LDC,2011,54.1394769347565,,,False
4307,Least developed countries: UN classification,LDC,2012,53.2406934003789,,,False
4308,Least developed countries: UN classification,LDC,2013,53.3969088064761,,,False
4309,Least developed countries: UN classification,LDC,2014,52.770831298174,,,False
4310,Least developed countries: UN classification,LDC,2015,52.3697420245482,,,False
4311,Least developed countries: UN classification,LDC,2016,52.0138043316412,,,False
4312,Least developed countries: UN classification,LDC,2017,52.1019566282907,,,False
4313,Least developed countries: UN classification,LDC,2018,52.1701046683528,,,False
4314,Least developed countries: UN classification,LDC,2019,52.0093571168643,,,False
4315,Least developed countries: UN classification,LDC,2020,51.5871138637737,,,False
4316,Least developed countries: UN classification,LDC,2021,51.6576828111393,,,False
4317,Least developed countries: UN classification,LDC,2022,51.8829832636338,,,False
4318,Least developed countries: UN classification,LDC,2023,53.3432748285886,,,False
4319,Least developed countries: UN classification,LDC,2024,52.6590253592678,,,False
4320,Least developed countries: UN classification,LDC,2025,52.7044910668152,,,False
4321,Lebanon,LBN,1990,17.975,Middle East & North Africa,Lower middle income,True
4322,Lebanon,LBN,1991,18.045,Middle East & North Africa,Lower middle income,True
4323,Lebanon,LBN,1992,18.453,Middle East & North Africa,Lower middle income,True
4324,Lebanon,LBN,1993,18.713,Middle East & North Africa,Lower middle income,True
4325,Lebanon,LBN,1994,18.917,Middle East & North Africa,Lower middle income,True
4326,Lebanon,LBN,1995,19.092,Middle East & North Africa,Lower middle income,True
4327,Lebanon,LBN,1996,19.353,Middle East & North Africa,Lower middle income,True
4328,Lebanon,LBN,1997,19.431,Middle East & North Africa,Lower middle income,True
4329,Lebanon,LBN,1998,19.559,Middle East & North Africa,Lower middle income,True
4330,Lebanon,LBN,1999,19.612,Middle East & North Africa,Lower middle income,True
4331,Lebanon,LBN,2000,19.698,Middle East & North Africa,Lower middle income,True
4332,Lebanon,LBN,2001,19.829,Middle East & North Africa,Lower middle income,True
4333,Lebanon,LBN,2002,19.959,Middle East & North Africa,Lower middle income,True
4334,Lebanon,LBN,2003,20.091,Middle East & North Africa,Lower middle income,True
4335,Lebanon,LBN,2004,20.281,Middle East & North Africa,Lower middle income,True
4336,Lebanon,LBN,2005,20.51,Middle East & North Africa,Lower middle income,True
4337,Lebanon,LBN,2006,20.745,Middle East & North Africa,Lower middle income,True
4338,Lebanon,LBN,2007,20.984,Middle East & North Africa,Lower middle income,True
4339,Lebanon,LBN,2008,21.585,Middle East & North Africa,Lower middle income,True
4340,Lebanon,LBN,2009,22.195,Middle East & North Africa,Lower middle income,True
4341,Lebanon,LBN,2010,22.817,Middle East & North Africa,Lower middle income,True
4342,Lebanon,LBN,2011,23.448,Middle East & North Africa,Lower middle income,True
4343,Lebanon,LBN,2012,24.089,Middle East & North Africa,Lower middle income,True
4344,Lebanon,LBN,2013,24.74,Middle East & North Africa,Lower middle income,True
4345,Lebanon,LBN,2014,25.401,Middle East & North Africa,Lower middle income,True
4346,Lebanon,LBN,2015,26.114,Middle East & North Africa,Lower middle income,True
4347,Lebanon,LBN,2016,26.885,Middle East & North Africa,Lower middle income,True
4348,Lebanon,LBN,2017,27.67,Middle East & North Africa,Lower middle income,True
4349,Lebanon,LBN,2018,28.47,Middle East & North Africa,Lower middle income,True
4350,Lebanon,LBN,2019,29.286,Middle East & North Africa,Lower middle income,True
4351,Lebanon,LBN,2020,25.944,Middle East & North Africa,Lower middle income,True
4352,Lebanon,LBN,2021,23.882,Middle East & North Africa,Lower middle income,True
4353,Lebanon,LBN,2022,22.339,Middle East & North Africa,Lower middle income,True
4354,Lebanon,LBN,2023,22.234,Middle East & North Africa,Lower middle income,True
4355,Lesotho,LSO,1990,66.654,Sub-Saharan Africa,Lower middle income,True
4356,Lesotho,LSO,1991,66.662,Sub-Saharan Africa,Lower middle income,True
4357,Lesotho,LSO,1992,66.691,Sub-Saharan Africa,Lower middle income,True
4358,Lesotho,LSO,1993,66.741,Sub-Saharan Africa,Lower middle income,True
4359,Lesotho,LSO,1994,66.814,Sub-Saharan Africa,Lower middle income,True
4360,Lesotho,LSO,1995,66.901,Sub-Saharan Africa,Lower middle income,True
4361,Lesotho,LSO,1996,66.993,Sub-Saharan Africa,Lower middle income,True
4362,Lesotho,LSO,1997,67.104,Sub-Saharan Africa,Lower middle income,True
4363,Lesotho,LSO,1998,67.241,Sub-Saharan Africa,Lower middle income,True
4364,Lesotho,LSO,1999,67.389,Sub-Saharan Africa,Lower middle income,True
4365,Lesotho,LSO,2000,66.709,Sub-Saharan Africa,Lower middle income,True
4366,Lesotho,LSO,2001,66.021,Sub-Saharan Africa,Lower middle income,True
4367,Lesotho,LSO,2002,65.325,Sub-Saharan Africa,Lower middle income,True
4368,Lesotho,LSO,2003,64.622,Sub-Saharan Africa,Lower middle income,True
4369,Lesotho,LSO,2004,63.912,Sub-Saharan Africa,Lower middle income,True
4370,Lesotho,LSO,2005,63.198,Sub-Saharan Africa,Lower middle income,True
4371,Lesotho,LSO,2006,62.474,Sub-Saharan Africa,Lower middle income,True
4372,Lesotho,LSO,2007,61.747,Sub-Saharan Africa,Lower middle income,True
4373,Lesotho,LSO,2008,61.017,Sub-Saharan Africa,Lower middle income,True
4374,Lesotho,LSO,2009,60.28,Sub-Saharan Africa,Lower middle income,True
4375,Lesotho,LSO,2010,59.537,Sub-Saharan Africa,Lower middle income,True
4376,Lesotho,LSO,2011,58.789,Sub-Saharan Africa,Lower middle income,True
4377,Lesotho,LSO,2012,58.036,Sub-Saharan Africa,Lower middle income,True
4378,Lesotho,LSO,2013,57.277,Sub-Saharan Africa,Lower middle income,True
4379,Lesotho,LSO,2014,55.91,Sub-Saharan Africa,Lower middle income,True
4380,Lesotho,LSO,2015,54.532,Sub-Saharan Africa,Lower middle income,True
4381,Lesotho,LSO,2016,53.146,Sub-Saharan Africa,Lower middle income,True
4382,Lesotho,LSO,2017,51.753,Sub-Saharan Africa,Lower middle income,True
4383,Lesotho,LSO,2018,50.356,Sub-Saharan Africa,Lower middle income,True
4384,Lesotho,LSO,2019,48.958,Sub-Saharan Africa,Lower middle income,True
4385,Lesotho,LSO,2020,48.489,Sub-Saharan Africa,Lower middle income,True
4386,Lesotho,LSO,2021,48.252,Sub-Saharan Africa,Lower middle income,True
4387,Lesotho,LSO,2022,48.441,Sub-Saharan Africa,Lower middle income,True
4388,Lesotho,LSO,2023,48.426,Sub-Saharan Africa,Lower middle income,True
4389,Lesotho,LSO,2024,48.457,Sub-Saharan Africa,Lower middle income,True
4390,Lesotho,LSO,2025,48.091,Sub-Saharan Africa,Lower middle income,True
4391,Liberia,LBR,1990,71.45,Sub-Saharan Africa,Low income,True
4392,Liberia,LBR,1991,71.476,Sub-Saharan Africa,Low income,True
4393,Liberia,LBR,1992,71.507,Sub-Saharan Africa,Low income,True
4394,Liberia,LBR,1993,71.547,Sub-Saharan Africa,Low income,True
4395,Liberia,LBR,1994,71.594,Sub-Saharan Africa,Low income,True
4396,Liberia,LBR,1995,71.643,Sub-Saharan Africa,Low income,True
4397,Liberia,LBR,1996,71.683,Sub-Saharan Africa,Low income,True
4398,Liberia,LBR,1997,71.718,Sub-Saharan Africa,Low income,True
4399,Liberia,LBR,1998,71.744,Sub-Saharan Africa,Low income,True
4400,Liberia,LBR,1999,71.766,Sub-Saharan Africa,Low income,True
4401,Liberia,LBR,2000,71.785,Sub-Saharan Africa,Low income,True
4402,Liberia,LBR,2001,71.801,Sub-Saharan Africa,Low income,True
4403,Liberia,LBR,2002,71.811,Sub-Saharan Africa,Low income,True
4404,Liberia,LBR,2003,71.816,Sub-Saharan Africa,Low income,True
4405,Liberia,LBR,2004,71.814,Sub-Saharan Africa,Low income,True
4406,Liberia,LBR,2005,71.802,Sub-Saharan Africa,Low income,True
4407,Liberia,LBR,2006,71.782,Sub-Saharan Africa,Low income,True
4408,Liberia,LBR,2007,71.76,Sub-Saharan Africa,Low income,True
4409,Liberia,LBR,2008,71.759,Sub-Saharan Africa,Low income,True
4410,Liberia,LBR,2009,71.767,Sub-Saharan Africa,Low income,True
4411,Liberia,LBR,2010,71.772,Sub-Saharan Africa,Low income,True
4412,Liberia,LBR,2011,71.865,Sub-Saharan Africa,Low income,True
4413,Liberia,LBR,2012,71.931,Sub-Saharan Africa,Low income,True
4414,Liberia,LBR,2013,71.908,Sub-Saharan Africa,Low income,True
4415,Liberia,LBR,2014,71.905,Sub-Saharan Africa,Low income,True
4416,Liberia,LBR,2015,71.923,Sub-Saharan Africa,Low income,True
4417,Liberia,LBR,2016,71.953,Sub-Saharan Africa,Low income,True
4418,Liberia,LBR,2017,71.983,Sub-Saharan Africa,Low income,True
4419,Liberia,LBR,2018,72.024,Sub-Saharan Africa,Low income,True
4420,Liberia,LBR,2019,72.08,Sub-Saharan Africa,Low income,True
4421,Liberia,LBR,2020,71.393,Sub-Saharan Africa,Low income,True
4422,Liberia,LBR,2021,71.703,Sub-Saharan Africa,Low income,True
4423,Liberia,LBR,2022,71.919,Sub-Saharan Africa,Low income,True
4424,Liberia,LBR,2023,71.966,Sub-Saharan Africa,Low income,True
4425,Liberia,LBR,2024,72.021,Sub-Saharan Africa,Low income,True
4426,Liberia,LBR,2025,72.029,Sub-Saharan Africa,Low income,True
4427,Libya,LBY,1990,26.513,Middle East & North Africa,Upper middle income,True
4428,Libya,LBY,1991,26.814,Middle East & North Africa,Upper middle income,True
4429,Libya,LBY,1992,27.138,Middle East & North Africa,Upper middle income,True
4430,Libya,LBY,1993,27.489,Middle East & North Africa,Upper middle income,True
4431,Libya,LBY,1994,27.868,Middle East & North Africa,Upper middle income,True
4432,Libya,LBY,1995,28.275,Middle East & North Africa,Upper middle income,True
4433,Libya,LBY,1996,28.707,Middle East & North Africa,Upper middle income,True
4434,Libya,LBY,1997,29.153,Middle East & North Africa,Upper middle income,True
4435,Libya,LBY,1998,29.602,Middle East & North Africa,Upper middle income,True
4436,Libya,LBY,1999,30.049,Middle East & North Africa,Upper middle income,True
4437,Libya,LBY,2000,30.43,Middle East & North Africa,Upper middle income,True
4438,Libya,LBY,2001,30.757,Middle East & North Africa,Upper middle income,True
4439,Libya,LBY,2002,31.107,Middle East & North Africa,Upper middle income,True
4440,Libya,LBY,2003,31.471,Middle East & North Africa,Upper middle income,True
4441,Libya,LBY,2004,31.834,Middle East & North Africa,Upper middle income,True
4442,Libya,LBY,2005,32.175,Middle East & North Africa,Upper middle income,True
4443,Libya,LBY,2006,32.554,Middle East & North Africa,Upper middle income,True
4444,Libya,LBY,2007,32.971,Middle East & North Africa,Upper middle income,True
4445,Libya,LBY,2008,33.363,Middle East & North Africa,Upper middle income,True
4446,Libya,LBY,2009,33.737,Middle East & North Africa,Upper middle income,True
4447,Libya,LBY,2010,34.081,Middle East & North Africa,Upper middle income,True
4448,Libya,LBY,2011,34.062,Middle East & North Africa,Upper middle income,True
4449,Libya,LBY,2012,33.94,Middle East & North Africa,Upper middle income,True
4450,Libya,LBY,2013,34.07,Middle East & North Africa,Upper middle income,True
4451,Libya,LBY,2014,34.135,Middle East & North Africa,Upper middle income,True
4452,Libya,LBY,2015,34.132,Middle East & North Africa,Upper middle income,True
4453,Libya,LBY,2016,34.111,Middle East & North Africa,Upper middle income,True
4454,Libya,LBY,2017,34.08,Middle East & North Africa,Upper middle income,True
4455,Libya,LBY,2018,34.039,Middle East & North Africa,Upper middle income,True
4456,Libya,LBY,2019,33.993,Middle East & North Africa,Upper middle income,True
4457,Libya,LBY,2020,31.009,Middle East & North Africa,Upper middle income,True
4458,Libya,LBY,2021,31.353,Middle East & North Africa,Upper middle income,True
4459,Libya,LBY,2022,33.631,Middle East & North Africa,Upper middle income,True
4460,Libya,LBY,2023,33.465,Middle East & North Africa,Upper middle income,True
4461,Libya,LBY,2024,33.28,Middle East & North Africa,Upper middle income,True
4462,Libya,LBY,2025,32.995,Middle East & North Africa,Upper middle income,True
4463,Lithuania,LTU,1990,59.999,Europe & Central Asia,High income,True
4464,Lithuania,LTU,1991,59.11,Europe & Central Asia,High income,True
4465,Lithuania,LTU,1992,58.211,Europe & Central Asia,High income,True
4466,Lithuania,LTU,1993,57.335,Europe & Central Asia,High income,True
4467,Lithuania,LTU,1994,56.516,Europe & Central Asia,High income,True
4468,Lithuania,LTU,1995,55.764,Europe & Central Asia,High income,True
4469,Lithuania,LTU,1996,55.013,Europe & Central Asia,High income,True
4470,Lithuania,LTU,1997,54.208,Europe & Central Asia,High income,True
4471,Lithuania,LTU,1998,53.402,Europe & Central Asia,High income,True
4472,Lithuania,LTU,1999,55.158,Europe & Central Asia,High income,True
4473,Lithuania,LTU,2000,54.916,Europe & Central Asia,High income,True
4474,Lithuania,LTU,2001,53.333,Europe & Central Asia,High income,True
4475,Lithuania,LTU,2002,52.171,Europe & Central Asia,High income,True
4476,Lithuania,LTU,2003,54.789,Europe & Central Asia,High income,True
4477,Lithuania,LTU,2004,51.337,Europe & Central Asia,High income,True
4478,Lithuania,LTU,2005,50.639,Europe & Central Asia,High income,True
4479,Lithuania,LTU,2006,50.075,Europe & Central Asia,High income,True
4480,Lithuania,LTU,2007,50.067,Europe & Central Asia,High income,True
4481,Lithuania,LTU,2008,50.469,Europe & Central Asia,High income,True
4482,Lithuania,LTU,2009,52.019,Europe & Central Asia,High income,True
4483,Lithuania,LTU,2010,52.31,Europe & Central Asia,High income,True
4484,Lithuania,LTU,2011,52.699,Europe & Central Asia,High income,True
4485,Lithuania,LTU,2012,53.2,Europe & Central Asia,High income,True
4486,Lithuania,LTU,2013,52.927,Europe & Central Asia,High income,True
4487,Lithuania,LTU,2014,53.871,Europe & Central Asia,High income,True
4488,Lithuania,LTU,2015,54.428,Europe & Central Asia,High income,True
4489,Lithuania,LTU,2016,55.606,Europe & Central Asia,High income,True
4490,Lithuania,LTU,2017,55.821,Europe & Central Asia,High income,True
4491,Lithuania,LTU,2018,56.494,Europe & Central Asia,High income,True
4492,Lithuania,LTU,2019,57.226,Europe & Central Asia,High income,True
4493,Lithuania,LTU,2020,57.363,Europe & Central Asia,High income,True
4494,Lithuania,LTU,2021,57.369,Europe & Central Asia,High income,True
4495,Lithuania,LTU,2022,58.035,Europe & Central Asia,High income,True
4496,Lithuania,LTU,2023,57.914,Europe & Central Asia,High income,True
4497,Lithuania,LTU,2024,57.86,Europe & Central Asia,High income,True
4498,Lithuania,LTU,2025,57.668,Europe & Central Asia,High income,True
4499,Low & middle income,LMY,1990,51.5660066155274,,,False
4500,Low & middle income,LMY,1991,51.4321824156478,,,False
4501,Low & middle income,LMY,1992,51.3644361851235,,,False
4502,Low & middle income,LMY,1993,51.1558869352104,,,False
4503,Low & middle income,LMY,1994,51.242461501445,,,False
4504,Low & middle income,LMY,1995,51.1989347634801,,,False
4505,Low & middle income,LMY,1996,51.1066128864115,,,False
4506,Low & middle income,LMY,1997,51.0769445020995,,,False
4507,Low & middle income,LMY,1998,51.1032487484101,,,False
4508,Low & middle income,LMY,1999,51.0514891700655,,,False
4509,Low & middle income,LMY,2000,50.9521942680369,,,False
4510,Low & middle income,LMY,2001,50.7972906533001,,,False
4511,Low & middle income,LMY,2002,50.5877034324925,,,False
4512,Low & middle income,LMY,2003,50.488034895423,,,False
4513,Low & middle income,LMY,2004,50.3558583273297,,,False
4514,Low & middle income,LMY,2005,50.273636405876,,,False
4515,Low & middle income,LMY,2006,49.8538545431734,,,False
4516,Low & middle income,LMY,2007,49.6345072129257,,,False
4517,Low & middle income,LMY,2008,49.1785547961946,,,False
4518,Low & middle income,LMY,2009,48.9063375338995,,,False
4519,Low & middle income,LMY,2010,48.4867787472683,,,False
4520,Low & middle income,LMY,2011,48.2338140463242,,,False
4521,Low & middle income,LMY,2012,47.8752169305785,,,False
4522,Low & middle income,LMY,2013,47.6859375223832,,,False
4523,Low & middle income,LMY,2014,47.4698543856549,,,False
4524,Low & middle income,LMY,2015,47.419582071663,,,False
4525,Low & middle income,LMY,2016,47.2638962897965,,,False
4526,Low & middle income,LMY,2017,47.1063999283808,,,False
4527,Low & middle income,LMY,2018,46.9567532128527,,,False
4528,Low & middle income,LMY,2019,46.869218259356,,,False
4529,Low & middle income,LMY,2020,45.4210561497117,,,False
4530,Low & middle income,LMY,2021,46.4704511757797,,,False
4531,Low & middle income,LMY,2022,46.8725703854769,,,False
4532,Low & middle income,LMY,2023,47.6697378202199,,,False
4533,Low & middle income,LMY,2024,47.7265384442573,,,False
4534,Low & middle income,LMY,2025,47.615441803948,,,False
4535,Low income,LIC,1990,61.9369067327857,,,False
4536,Low income,LIC,1991,62.0653040663577,,,False
4537,Low income,LIC,1992,62.1014095472054,,,False
4538,Low income,LIC,1993,61.9064808633934,,,False
4539,Low income,LIC,1994,61.8985050001869,,,False
4540,Low income,LIC,1995,62.02855266498,,,False
4541,Low income,LIC,1996,61.8871918871823,,,False
4542,Low income,LIC,1997,61.6658245388242,,,False
4543,Low income,LIC,1998,61.5004695885198,,,False
4544,Low income,LIC,1999,61.5062935963604,,,False
4545,Low income,LIC,2000,61.4773630042124,,,False
4546,Low income,LIC,2001,61.3204338503281,,,False
4547,Low income,LIC,2002,61.0764281602827,,,False
4548,Low income,LIC,2003,60.8197241740449,,,False
4549,Low income,LIC,2004,60.5756411312809,,,False
4550,Low income,LIC,2005,60.2978867624454,,,False
4551,Low income,LIC,2006,59.7642205587178,,,False
4552,Low income,LIC,2007,59.2497369153926,,,False
4553,Low income,LIC,2008,58.8302205311191,,,False
4554,Low income,LIC,2009,58.5372941603216,,,False
4555,Low income,LIC,2010,58.2663429413141,,,False
4556,Low income,LIC,2011,58.5178173225777,,,False
4557,Low income,LIC,2012,57.3024277967791,,,False
4558,Low income,LIC,2013,58.093544254338,,,False
4559,Low income,LIC,2014,57.2073001524883,,,False
4560,Low income,LIC,2015,56.5711064960026,,,False
4561,Low income,LIC,2016,55.8447308727161,,,False
4562,Low income,LIC,2017,55.0629272178491,,,False
4563,Low income,LIC,2018,54.4473996131373,,,False
4564,Low income,LIC,2019,53.7920378908723,,,False
4565,Low income,LIC,2020,52.8201663011283,,,False
4566,Low income,LIC,2021,52.3764476011638,,,False
4567,Low income,LIC,2022,52.1755774508214,,,False
4568,Low income,LIC,2023,55.1080896144389,,,False
4569,Low income,LIC,2024,54.7688030744233,,,False
4570,Low income,LIC,2025,54.6779356080986,,,False
4571,Lower middle income,LMC,1990,35.5971168788347,,,False
4572,Lower middle income,LMC,1991,35.9341527174688,,,False
4573,Lower middle income,LMC,1992,36.1296819153642,,,False
4574,Lower middle income,LMC,1993,36.2866765676969,,,False
4575,Lower middle income,LMC,1994,36.5507541096434,,,False
4576,Lower middle income,LMC,1995,36.7715944916413,,,False
4577,Lower middle income,LMC,1996,37.2019890622394,,,False
4578,Lower middle income,LMC,1997,37.646274398757,,,False
4579,Lower middle income,LMC,1998,38.0249537793196,,,False
4580,Lower middle income,LMC,1999,38.4467375721098,,,False
4581,Lower middle income,LMC,2000,38.8125872837372,,,False
4582,Lower middle income,LMC,2001,38.866786279409,,,False
4583,Lower middle income,LMC,2002,38.830846157639,,,False
4584,Lower middle income,LMC,2003,38.9394978028934,,,False
4585,Lower middle income,LMC,2004,39.0830789397566,,,False
4586,Lower middle income,LMC,2005,39.226125112887,,,False
4587,Lower middle income,LMC,2006,38.5764297263551,,,False
4588,Lower middle income,LMC,2007,38.0517621027506,,,False
4589,Lower middle income,LMC,2008,37.4085043617085,,,False
4590,Lower middle income,LMC,2009,36.9863354351877,,,False
4591,Lower middle income,LMC,2010,36.5418564124526,,,False
4592,Lower middle income,LMC,2011,36.009753953072,,,False
4593,Lower middle income,LMC,2012,35.5245193878143,,,False
4594,Lower middle income,LMC,2013,35.4505797545028,,,False
4595,Lower middle income,LMC,2014,35.4375992768396,,,False
4596,Lower middle income,LMC,2015,35.5010431545478,,,False
4597,Lower middle income,LMC,2016,35.4611503654185,,,False
4598,Lower middle income,LMC,2017,35.4994573776657,,,False
4599,Lower middle income,LMC,2018,35.4164032947017,,,False
4600,Lower middle income,LMC,2019,35.4249315733096,,,False
4601,Lower middle income,LMC,2020,34.8733143521895,,,False
4602,Lower middle income,LMC,2021,36.1853503600102,,,False
4603,Lower middle income,LMC,2022,37.233462867551,,,False
4604,Lower middle income,LMC,2023,38.4701446587904,,,False
4605,Lower middle income,LMC,2024,39.1510278765774,,,False
4606,Lower middle income,LMC,2025,39.2099502548643,,,False
4607,Luxembourg,LUX,1990,34.261,Europe & Central Asia,High income,True
4608,Luxembourg,LUX,1991,35.977,Europe & Central Asia,High income,True
4609,Luxembourg,LUX,1992,38.356,Europe & Central Asia,High income,True
4610,Luxembourg,LUX,1993,37.047,Europe & Central Asia,High income,True
4611,Luxembourg,LUX,1994,37.826,Europe & Central Asia,High income,True
4612,Luxembourg,LUX,1995,35.361,Europe & Central Asia,High income,True
4613,Luxembourg,LUX,1996,36.489,Europe & Central Asia,High income,True
4614,Luxembourg,LUX,1997,37.566,Europe & Central Asia,High income,True
4615,Luxembourg,LUX,1998,37.854,Europe & Central Asia,High income,True
4616,Luxembourg,LUX,1999,39.873,Europe & Central Asia,High income,True
4617,Luxembourg,LUX,2000,41.485,Europe & Central Asia,High income,True
4618,Luxembourg,LUX,2001,41.579,Europe & Central Asia,High income,True
4619,Luxembourg,LUX,2002,42.78,Europe & Central Asia,High income,True
4620,Luxembourg,LUX,2003,42.877,Europe & Central Asia,High income,True
4621,Luxembourg,LUX,2004,44.598,Europe & Central Asia,High income,True
4622,Luxembourg,LUX,2005,45.66,Europe & Central Asia,High income,True
4623,Luxembourg,LUX,2006,46.144,Europe & Central Asia,High income,True
4624,Luxembourg,LUX,2007,46.658,Europe & Central Asia,High income,True
4625,Luxembourg,LUX,2008,47.181,Europe & Central Asia,High income,True
4626,Luxembourg,LUX,2009,49.05,Europe & Central Asia,High income,True
4627,Luxembourg,LUX,2010,48.847,Europe & Central Asia,High income,True
4628,Luxembourg,LUX,2011,49.499,Europe & Central Asia,High income,True
4629,Luxembourg,LUX,2012,51.173,Europe & Central Asia,High income,True
4630,Luxembourg,LUX,2013,51.459,Europe & Central Asia,High income,True
4631,Luxembourg,LUX,2014,52.214,Europe & Central Asia,High income,True
4632,Luxembourg,LUX,2015,54.247,Europe & Central Asia,High income,True
4633,Luxembourg,LUX,2016,53.625,Europe & Central Asia,High income,True
4634,Luxembourg,LUX,2017,54.011,Europe & Central Asia,High income,True
4635,Luxembourg,LUX,2018,54.798,Europe & Central Asia,High income,True
4636,Luxembourg,LUX,2019,54.933,Europe & Central Asia,High income,True
4637,Luxembourg,LUX,2020,55.927,Europe & Central Asia,High income,True
4638,Luxembourg,LUX,2021,56.929,Europe & Central Asia,High income,True
4639,Luxembourg,LUX,2022,56.998,Europe & Central Asia,High income,True
4640,Luxembourg,LUX,2023,57.196,Europe & Central Asia,High income,True
4641,Luxembourg,LUX,2024,57.645,Europe & Central Asia,High income,True
4642,Luxembourg,LUX,2025,57.474,Europe & Central Asia,High income,True
4643,"Macao SAR, China",MAC,1990,45.643,East Asia & Pacific,High income,True
4644,"Macao SAR, China",MAC,1991,46.142,East Asia & Pacific,High income,True
4645,"Macao SAR, China",MAC,1992,46.597,East Asia & Pacific,High income,True
4646,"Macao SAR, China",MAC,1993,48.162,East Asia & Pacific,High income,True
4647,"Macao SAR, China",MAC,1994,49.77,East Asia & Pacific,High income,True
4648,"Macao SAR, China",MAC,1995,51.392,East Asia & Pacific,High income,True
4649,"Macao SAR, China",MAC,1996,52.984,East Asia & Pacific,High income,True
4650,"Macao SAR, China",MAC,1997,54.518,East Asia & Pacific,High income,True
4651,"Macao SAR, China",MAC,1998,54.317,East Asia & Pacific,High income,True
4652,"Macao SAR, China",MAC,1999,55.47,East Asia & Pacific,High income,True
4653,"Macao SAR, China",MAC,2000,56.452,East Asia & Pacific,High income,True
4654,"Macao SAR, China",MAC,2001,56.389,East Asia & Pacific,High income,True
4655,"Macao SAR, China",MAC,2002,56.3,East Asia & Pacific,High income,True
4656,"Macao SAR, China",MAC,2003,53.53,East Asia & Pacific,High income,True
4657,"Macao SAR, China",MAC,2004,54.973,East Asia & Pacific,High income,True
4658,"Macao SAR, China",MAC,2005,57.006,East Asia & Pacific,High income,True
4659,"Macao SAR, China",MAC,2006,58.923,East Asia & Pacific,High income,True
4660,"Macao SAR, China",MAC,2007,62.641,East Asia & Pacific,High income,True
4661,"Macao SAR, China",MAC,2008,63.874,East Asia & Pacific,High income,True
4662,"Macao SAR, China",MAC,2009,64.736,East Asia & Pacific,High income,True
4663,"Macao SAR, China",MAC,2010,64.435,East Asia & Pacific,High income,True
4664,"Macao SAR, China",MAC,2011,65.77,East Asia & Pacific,High income,True
4665,"Macao SAR, China",MAC,2012,65.318,East Asia & Pacific,High income,True
4666,"Macao SAR, China",MAC,2013,65.994,East Asia & Pacific,High income,True
4667,"Macao SAR, China",MAC,2014,66.331,East Asia & Pacific,High income,True
4668,"Macao SAR, China",MAC,2015,66.133,East Asia & Pacific,High income,True
4669,"Macao SAR, China",MAC,2016,65.602,East Asia & Pacific,High income,True
4670,"Macao SAR, China",MAC,2017,64.912,East Asia & Pacific,High income,True
4671,"Macao SAR, China",MAC,2018,64.995,East Asia & Pacific,High income,True
4672,"Macao SAR, China",MAC,2019,64.713,East Asia & Pacific,High income,True
4673,"Macao SAR, China",MAC,2020,63.655,East Asia & Pacific,High income,True
4674,"Macao SAR, China",MAC,2021,64.072,East Asia & Pacific,High income,True
4675,"Macao SAR, China",MAC,2022,60.026,East Asia & Pacific,High income,True
4676,"Macao SAR, China",MAC,2023,62.631,East Asia & Pacific,High income,True
4677,"Macao SAR, China",MAC,2024,63.512,East Asia & Pacific,High income,True
4678,"Macao SAR, China",MAC,2025,63.098,East Asia & Pacific,High income,True
4679,Madagascar,MDG,1990,83.871,Sub-Saharan Africa,Low income,True
4680,Madagascar,MDG,1991,83.848,Sub-Saharan Africa,Low income,True
4681,Madagascar,MDG,1992,83.824,Sub-Saharan Africa,Low income,True
4682,Madagascar,MDG,1993,83.804,Sub-Saharan Africa,Low income,True
4683,Madagascar,MDG,1994,83.79,Sub-Saharan Africa,Low income,True
4684,Madagascar,MDG,1995,83.788,Sub-Saharan Africa,Low income,True
4685,Madagascar,MDG,1996,83.803,Sub-Saharan Africa,Low income,True
4686,Madagascar,MDG,1997,83.828,Sub-Saharan Africa,Low income,True
4687,Madagascar,MDG,1998,83.861,Sub-Saharan Africa,Low income,True
4688,Madagascar,MDG,1999,83.898,Sub-Saharan Africa,Low income,True
4689,Madagascar,MDG,2000,83.936,Sub-Saharan Africa,Low income,True
4690,Madagascar,MDG,2001,83.976,Sub-Saharan Africa,Low income,True
4691,Madagascar,MDG,2002,84.029,Sub-Saharan Africa,Low income,True
4692,Madagascar,MDG,2003,84.064,Sub-Saharan Africa,Low income,True
4693,Madagascar,MDG,2004,84.094,Sub-Saharan Africa,Low income,True
4694,Madagascar,MDG,2005,84.114,Sub-Saharan Africa,Low income,True
4695,Madagascar,MDG,2006,84.104,Sub-Saharan Africa,Low income,True
4696,Madagascar,MDG,2007,84.08,Sub-Saharan Africa,Low income,True
4697,Madagascar,MDG,2008,84.04,Sub-Saharan Africa,Low income,True
4698,Madagascar,MDG,2009,83.983,Sub-Saharan Africa,Low income,True
4699,Madagascar,MDG,2010,83.908,Sub-Saharan Africa,Low income,True
4700,Madagascar,MDG,2011,83.812,Sub-Saharan Africa,Low income,True
4701,Madagascar,MDG,2012,83.696,Sub-Saharan Africa,Low income,True
4702,Madagascar,MDG,2013,83.566,Sub-Saharan Africa,Low income,True
4703,Madagascar,MDG,2014,83.414,Sub-Saharan Africa,Low income,True
4704,Madagascar,MDG,2015,83.249,Sub-Saharan Africa,Low income,True
4705,Madagascar,MDG,2016,83.137,Sub-Saharan Africa,Low income,True
4706,Madagascar,MDG,2017,83.044,Sub-Saharan Africa,Low income,True
4707,Madagascar,MDG,2018,82.971,Sub-Saharan Africa,Low income,True
4708,Madagascar,MDG,2019,82.916,Sub-Saharan Africa,Low income,True
4709,Madagascar,MDG,2020,82.152,Sub-Saharan Africa,Low income,True
4710,Madagascar,MDG,2021,82.807,Sub-Saharan Africa,Low income,True
4711,Madagascar,MDG,2022,82.83,Sub-Saharan Africa,Low income,True
4712,Madagascar,MDG,2023,82.866,Sub-Saharan Africa,Low income,True
4713,Madagascar,MDG,2024,82.915,Sub-Saharan Africa,Low income,True
4714,Madagascar,MDG,2025,82.913,Sub-Saharan Africa,Low income,True
4715,Malawi,MWI,1990,78.352,Sub-Saharan Africa,Low income,True
4716,Malawi,MWI,1991,78.29,Sub-Saharan Africa,Low income,True
4717,Malawi,MWI,1992,78.232,Sub-Saharan Africa,Low income,True
4718,Malawi,MWI,1993,78.181,Sub-Saharan Africa,Low income,True
4719,Malawi,MWI,1994,78.143,Sub-Saharan Africa,Low income,True
4720,Malawi,MWI,1995,78.119,Sub-Saharan Africa,Low income,True
4721,Malawi,MWI,1996,78.109,Sub-Saharan Africa,Low income,True
4722,Malawi,MWI,1997,78.102,Sub-Saharan Africa,Low income,True
4723,Malawi,MWI,1998,78.086,Sub-Saharan Africa,Low income,True
4724,Malawi,MWI,1999,78.086,Sub-Saharan Africa,Low income,True
4725,Malawi,MWI,2000,78.106,Sub-Saharan Africa,Low income,True
4726,Malawi,MWI,2001,78.122,Sub-Saharan Africa,Low income,True
4727,Malawi,MWI,2002,78.133,Sub-Saharan Africa,Low income,True
4728,Malawi,MWI,2003,78.146,Sub-Saharan Africa,Low income,True
4729,Malawi,MWI,2004,78.157,Sub-Saharan Africa,Low income,True
4730,Malawi,MWI,2005,78.159,Sub-Saharan Africa,Low income,True
4731,Malawi,MWI,2006,76.752,Sub-Saharan Africa,Low income,True
4732,Malawi,MWI,2007,75.281,Sub-Saharan Africa,Low income,True
4733,Malawi,MWI,2008,73.747,Sub-Saharan Africa,Low income,True
4734,Malawi,MWI,2009,72.149,Sub-Saharan Africa,Low income,True
4735,Malawi,MWI,2010,70.49,Sub-Saharan Africa,Low income,True
4736,Malawi,MWI,2011,68.774,Sub-Saharan Africa,Low income,True
4737,Malawi,MWI,2012,67.192,Sub-Saharan Africa,Low income,True
4738,Malawi,MWI,2013,65.572,Sub-Saharan Africa,Low income,True
4739,Malawi,MWI,2014,63.917,Sub-Saharan Africa,Low income,True
4740,Malawi,MWI,2015,62.23,Sub-Saharan Africa,Low income,True
4741,Malawi,MWI,2016,60.514,Sub-Saharan Africa,Low income,True
4742,Malawi,MWI,2017,58.774,Sub-Saharan Africa,Low income,True
4743,Malawi,MWI,2018,58.895,Sub-Saharan Africa,Low income,True
4744,Malawi,MWI,2019,59.03,Sub-Saharan Africa,Low income,True
4745,Malawi,MWI,2020,63.125,Sub-Saharan Africa,Low income,True
4746,Malawi,MWI,2021,58.786,Sub-Saharan Africa,Low income,True
4747,Malawi,MWI,2022,58.75,Sub-Saharan Africa,Low income,True
4748,Malawi,MWI,2023,58.644,Sub-Saharan Africa,Low income,True
4749,Malawi,MWI,2024,58.534,Sub-Saharan Africa,Low income,True
4750,Malawi,MWI,2025,58.18,Sub-Saharan Africa,Low income,True
4751,Malaysia,MYS,1990,35.83,East Asia & Pacific,Upper middle income,True
4752,Malaysia,MYS,1991,35.941,East Asia & Pacific,Upper middle income,True
4753,Malaysia,MYS,1992,36.422,East Asia & Pacific,Upper middle income,True
4754,Malaysia,MYS,1993,36.91,East Asia & Pacific,Upper middle income,True
4755,Malaysia,MYS,1994,37.403,East Asia & Pacific,Upper middle income,True
4756,Malaysia,MYS,1995,37.913,East Asia & Pacific,Upper middle income,True
4757,Malaysia,MYS,1996,38.438,East Asia & Pacific,Upper middle income,True
4758,Malaysia,MYS,1997,38.973,East Asia & Pacific,Upper middle income,True
4759,Malaysia,MYS,1998,39.505,East Asia & Pacific,Upper middle income,True
4760,Malaysia,MYS,1999,40.062,East Asia & Pacific,Upper middle income,True
4761,Malaysia,MYS,2000,40.593,East Asia & Pacific,Upper middle income,True
4762,Malaysia,MYS,2001,41.052,East Asia & Pacific,Upper middle income,True
4763,Malaysia,MYS,2002,41.471,East Asia & Pacific,Upper middle income,True
4764,Malaysia,MYS,2003,41.868,East Asia & Pacific,Upper middle income,True
4765,Malaysia,MYS,2004,42.255,East Asia & Pacific,Upper middle income,True
4766,Malaysia,MYS,2005,42.637,East Asia & Pacific,Upper middle income,True
4767,Malaysia,MYS,2006,43.027,East Asia & Pacific,Upper middle income,True
4768,Malaysia,MYS,2007,43.436,East Asia & Pacific,Upper middle income,True
4769,Malaysia,MYS,2008,43.866,East Asia & Pacific,Upper middle income,True
4770,Malaysia,MYS,2009,44.31,East Asia & Pacific,Upper middle income,True
4771,Malaysia,MYS,2010,44.792,East Asia & Pacific,Upper middle income,True
4772,Malaysia,MYS,2011,45.295,East Asia & Pacific,Upper middle income,True
4773,Malaysia,MYS,2012,47.029,East Asia & Pacific,Upper middle income,True
4774,Malaysia,MYS,2013,48.76,East Asia & Pacific,Upper middle income,True
4775,Malaysia,MYS,2014,50.475,East Asia & Pacific,Upper middle income,True
4776,Malaysia,MYS,2015,50.83,East Asia & Pacific,Upper middle income,True
4777,Malaysia,MYS,2016,50.986,East Asia & Pacific,Upper middle income,True
4778,Malaysia,MYS,2017,51.285,East Asia & Pacific,Upper middle income,True
4779,Malaysia,MYS,2018,51.625,East Asia & Pacific,Upper middle income,True
4780,Malaysia,MYS,2019,51.783,East Asia & Pacific,Upper middle income,True
4781,Malaysia,MYS,2020,51.371,East Asia & Pacific,Upper middle income,True
4782,Malaysia,MYS,2021,51.371,East Asia & Pacific,Upper middle income,True
4783,Malaysia,MYS,2022,51.597,East Asia & Pacific,Upper middle income,True
4784,Malaysia,MYS,2023,51.592,East Asia & Pacific,Upper middle income,True
4785,Malaysia,MYS,2024,51.617,East Asia & Pacific,Upper middle income,True
4786,Malaysia,MYS,2025,51.643,East Asia & Pacific,Upper middle income,True
4787,Maldives,MDV,1990,19.882,South Asia,Upper middle income,True
4788,Maldives,MDV,1991,21.338,South Asia,Upper middle income,True
4789,Maldives,MDV,1992,22.852,South Asia,Upper middle income,True
4790,Maldives,MDV,1993,24.427,South Asia,Upper middle income,True
4791,Maldives,MDV,1994,26.06,South Asia,Upper middle income,True
4792,Maldives,MDV,1995,27.726,South Asia,Upper middle income,True
4793,Maldives,MDV,1996,29.501,South Asia,Upper middle income,True
4794,Maldives,MDV,1997,31.318,South Asia,Upper middle income,True
4795,Maldives,MDV,1998,33.18,South Asia,Upper middle income,True
4796,Maldives,MDV,1999,35.085,South Asia,Upper middle income,True
4797,Maldives,MDV,2000,37.037,South Asia,Upper middle income,True
4798,Maldives,MDV,2001,37.045,South Asia,Upper middle income,True
4799,Maldives,MDV,2002,37.054,South Asia,Upper middle income,True
4800,Maldives,MDV,2003,37.061,South Asia,Upper middle income,True
4801,Maldives,MDV,2004,37.065,South Asia,Upper middle income,True
4802,Maldives,MDV,2005,37.066,South Asia,Upper middle income,True
4803,Maldives,MDV,2006,36.958,South Asia,Upper middle income,True
4804,Maldives,MDV,2007,36.73,South Asia,Upper middle income,True
4805,Maldives,MDV,2008,36.495,South Asia,Upper middle income,True
4806,Maldives,MDV,2009,36.285,South Asia,Upper middle income,True
4807,Maldives,MDV,2010,36.624,South Asia,Upper middle income,True
4808,Maldives,MDV,2011,36.983,South Asia,Upper middle income,True
4809,Maldives,MDV,2012,37.361,South Asia,Upper middle income,True
4810,Maldives,MDV,2013,37.756,South Asia,Upper middle income,True
4811,Maldives,MDV,2014,38.163,South Asia,Upper middle income,True
4812,Maldives,MDV,2015,38.573,South Asia,Upper middle income,True
4813,Maldives,MDV,2016,38.986,South Asia,Upper middle income,True
4814,Maldives,MDV,2017,39.781,South Asia,Upper middle income,True
4815,Maldives,MDV,2018,40.382,South Asia,Upper middle income,True
4816,Maldives,MDV,2019,40.76,South Asia,Upper middle income,True
4817,Maldives,MDV,2020,37.104,South Asia,Upper middle income,True
4818,Maldives,MDV,2021,37.995,South Asia,Upper middle income,True
4819,Maldives,MDV,2022,40.171,South Asia,Upper middle income,True
4820,Maldives,MDV,2023,40.311,South Asia,Upper middle income,True
4821,Maldives,MDV,2024,40.455,South Asia,Upper middle income,True
4822,Maldives,MDV,2025,40.732,South Asia,Upper middle income,True
4823,Mali,MLI,1990,60.519,Sub-Saharan Africa,Low income,True
4824,Mali,MLI,1991,60.477,Sub-Saharan Africa,Low income,True
4825,Mali,MLI,1992,60.441,Sub-Saharan Africa,Low income,True
4826,Mali,MLI,1993,60.419,Sub-Saharan Africa,Low income,True
4827,Mali,MLI,1994,60.409,Sub-Saharan Africa,Low income,True
4828,Mali,MLI,1995,60.413,Sub-Saharan Africa,Low income,True
4829,Mali,MLI,1996,60.422,Sub-Saharan Africa,Low income,True
4830,Mali,MLI,1997,60.437,Sub-Saharan Africa,Low income,True
4831,Mali,MLI,1998,60.461,Sub-Saharan Africa,Low income,True
4832,Mali,MLI,1999,60.489,Sub-Saharan Africa,Low income,True
4833,Mali,MLI,2000,60.512,Sub-Saharan Africa,Low income,True
4834,Mali,MLI,2001,60.534,Sub-Saharan Africa,Low income,True
4835,Mali,MLI,2002,60.552,Sub-Saharan Africa,Low income,True
4836,Mali,MLI,2003,60.559,Sub-Saharan Africa,Low income,True
4837,Mali,MLI,2004,60.555,Sub-Saharan Africa,Low income,True
4838,Mali,MLI,2005,60.536,Sub-Saharan Africa,Low income,True
4839,Mali,MLI,2006,60.508,Sub-Saharan Africa,Low income,True
4840,Mali,MLI,2007,60.478,Sub-Saharan Africa,Low income,True
4841,Mali,MLI,2008,60.442,Sub-Saharan Africa,Low income,True
4842,Mali,MLI,2009,60.4,Sub-Saharan Africa,Low income,True
4843,Mali,MLI,2010,60.35,Sub-Saharan Africa,Low income,True
4844,Mali,MLI,2011,60.296,Sub-Saharan Africa,Low income,True
4845,Mali,MLI,2012,60.22,Sub-Saharan Africa,Low income,True
4846,Mali,MLI,2013,60.158,Sub-Saharan Africa,Low income,True
4847,Mali,MLI,2014,60.137,Sub-Saharan Africa,Low income,True
4848,Mali,MLI,2015,61.216,Sub-Saharan Africa,Low income,True
4849,Mali,MLI,2016,59.554,Sub-Saharan Africa,Low income,True
4850,Mali,MLI,2017,57.877,Sub-Saharan Africa,Low income,True
4851,Mali,MLI,2018,55.62,Sub-Saharan Africa,Low income,True
4852,Mali,MLI,2019,53.387,Sub-Saharan Africa,Low income,True
4853,Mali,MLI,2020,50.63,Sub-Saharan Africa,Low income,True
4854,Mali,MLI,2021,52.981,Sub-Saharan Africa,Low income,True
4855,Mali,MLI,2022,53.009,Sub-Saharan Africa,Low income,True
4856,Mali,MLI,2023,53.06,Sub-Saharan Africa,Low income,True
4857,Mali,MLI,2024,53.093,Sub-Saharan Africa,Low income,True
4858,Mali,MLI,2025,52.842,Sub-Saharan Africa,Low income,True
4859,Malta,MLT,1990,26.827,Middle East & North Africa,High income,True
4860,Malta,MLT,1991,27.014,Middle East & North Africa,High income,True
4861,Malta,MLT,1992,27.458,Middle East & North Africa,High income,True
4862,Malta,MLT,1993,27.944,Middle East & North Africa,High income,True
4863,Malta,MLT,1994,28.177,Middle East & North Africa,High income,True
4864,Malta,MLT,1995,28.386,Middle East & North Africa,High income,True
4865,Malta,MLT,1996,28.933,Middle East & North Africa,High income,True
4866,Malta,MLT,1997,29.544,Middle East & North Africa,High income,True
4867,Malta,MLT,1998,29.742,Middle East & North Africa,High income,True
4868,Malta,MLT,1999,30.073,Middle East & North Africa,High income,True
4869,Malta,MLT,2000,29.754,Middle East & North Africa,High income,True
4870,Malta,MLT,2001,29.365,Middle East & North Africa,High income,True
4871,Malta,MLT,2002,30.571,Middle East & North Africa,High income,True
4872,Malta,MLT,2003,30.112,Middle East & North Africa,High income,True
4873,Malta,MLT,2004,27.775,Middle East & North Africa,High income,True
4874,Malta,MLT,2005,29.883,Middle East & North Africa,High income,True
4875,Malta,MLT,2006,30.178,Middle East & North Africa,High income,True
4876,Malta,MLT,2007,32.084,Middle East & North Africa,High income,True
4877,Malta,MLT,2008,33.129,Middle East & North Africa,High income,True
4878,Malta,MLT,2009,33.577,Middle East & North Africa,High income,True
4879,Malta,MLT,2010,34.347,Middle East & North Africa,High income,True
4880,Malta,MLT,2011,35.559,Middle East & North Africa,High income,True
4881,Malta,MLT,2012,38.681,Middle East & North Africa,High income,True
4882,Malta,MLT,2013,40.724,Middle East & North Africa,High income,True
4883,Malta,MLT,2014,42.259,Middle East & North Africa,High income,True
4884,Malta,MLT,2015,43.02,Middle East & North Africa,High income,True
4885,Malta,MLT,2016,44.653,Middle East & North Africa,High income,True
4886,Malta,MLT,2017,46.159,Middle East & North Africa,High income,True
4887,Malta,MLT,2018,48.214,Middle East & North Africa,High income,True
4888,Malta,MLT,2019,49.326,Middle East & North Africa,High income,True
4889,Malta,MLT,2020,51.25,Middle East & North Africa,High income,True
4890,Malta,MLT,2021,52.216,Middle East & North Africa,High income,True
4891,Malta,MLT,2022,55.307,Middle East & North Africa,High income,True
4892,Malta,MLT,2023,55.525,Middle East & North Africa,High income,True
4893,Malta,MLT,2024,55.894,Middle East & North Africa,High income,True
4894,Malta,MLT,2025,55.799,Middle East & North Africa,High income,True
4895,Mauritania,MRT,1990,25.23,Sub-Saharan Africa,Lower middle income,True
4896,Mauritania,MRT,1991,25.526,Sub-Saharan Africa,Lower middle income,True
4897,Mauritania,MRT,1992,25.822,Sub-Saharan Africa,Lower middle income,True
4898,Mauritania,MRT,1993,26.121,Sub-Saharan Africa,Lower middle income,True
4899,Mauritania,MRT,1994,26.425,Sub-Saharan Africa,Lower middle income,True
4900,Mauritania,MRT,1995,26.733,Sub-Saharan Africa,Lower middle income,True
4901,Mauritania,MRT,1996,27.045,Sub-Saharan Africa,Lower middle income,True
4902,Mauritania,MRT,1997,27.36,Sub-Saharan Africa,Lower middle income,True
4903,Mauritania,MRT,1998,27.676,Sub-Saharan Africa,Lower middle income,True
4904,Mauritania,MRT,1999,27.996,Sub-Saharan Africa,Lower middle income,True
4905,Mauritania,MRT,2000,28.317,Sub-Saharan Africa,Lower middle income,True
4906,Mauritania,MRT,2001,28.228,Sub-Saharan Africa,Lower middle income,True
4907,Mauritania,MRT,2002,28.159,Sub-Saharan Africa,Lower middle income,True
4908,Mauritania,MRT,2003,28.086,Sub-Saharan Africa,Lower middle income,True
4909,Mauritania,MRT,2004,28.011,Sub-Saharan Africa,Lower middle income,True
4910,Mauritania,MRT,2005,27.934,Sub-Saharan Africa,Lower middle income,True
4911,Mauritania,MRT,2006,27.854,Sub-Saharan Africa,Lower middle income,True
4912,Mauritania,MRT,2007,27.77,Sub-Saharan Africa,Lower middle income,True
4913,Mauritania,MRT,2008,27.68,Sub-Saharan Africa,Lower middle income,True
4914,Mauritania,MRT,2009,27.589,Sub-Saharan Africa,Lower middle income,True
4915,Mauritania,MRT,2010,27.505,Sub-Saharan Africa,Lower middle income,True
4916,Mauritania,MRT,2011,27.427,Sub-Saharan Africa,Lower middle income,True
4917,Mauritania,MRT,2012,27.353,Sub-Saharan Africa,Lower middle income,True
4918,Mauritania,MRT,2013,27.139,Sub-Saharan Africa,Lower middle income,True
4919,Mauritania,MRT,2014,26.909,Sub-Saharan Africa,Lower middle income,True
4920,Mauritania,MRT,2015,26.679,Sub-Saharan Africa,Lower middle income,True
4921,Mauritania,MRT,2016,26.447,Sub-Saharan Africa,Lower middle income,True
4922,Mauritania,MRT,2017,26.215,Sub-Saharan Africa,Lower middle income,True
4923,Mauritania,MRT,2018,26.234,Sub-Saharan Africa,Lower middle income,True
4924,Mauritania,MRT,2019,26.263,Sub-Saharan Africa,Lower middle income,True
4925,Mauritania,MRT,2020,25.873,Sub-Saharan Africa,Lower middle income,True
4926,Mauritania,MRT,2021,26.069,Sub-Saharan Africa,Lower middle income,True
4927,Mauritania,MRT,2022,26.05,Sub-Saharan Africa,Lower middle income,True
4928,Mauritania,MRT,2023,26.198,Sub-Saharan Africa,Lower middle income,True
4929,Mauritania,MRT,2024,26.239,Sub-Saharan Africa,Lower middle income,True
4930,Mauritania,MRT,2025,26.18,Sub-Saharan Africa,Lower middle income,True
4931,Mauritius,MUS,1990,37.994,Sub-Saharan Africa,Upper middle income,True
4932,Mauritius,MUS,1991,38.12,Sub-Saharan Africa,Upper middle income,True
4933,Mauritius,MUS,1992,38.262,Sub-Saharan Africa,Upper middle income,True
4934,Mauritius,MUS,1993,38.41,Sub-Saharan Africa,Upper middle income,True
4935,Mauritius,MUS,1994,38.567,Sub-Saharan Africa,Upper middle income,True
4936,Mauritius,MUS,1995,38.735,Sub-Saharan Africa,Upper middle income,True
4937,Mauritius,MUS,1996,38.739,Sub-Saharan Africa,Upper middle income,True
4938,Mauritius,MUS,1997,38.746,Sub-Saharan Africa,Upper middle income,True
4939,Mauritius,MUS,1998,38.739,Sub-Saharan Africa,Upper middle income,True
4940,Mauritius,MUS,1999,38.706,Sub-Saharan Africa,Upper middle income,True
4941,Mauritius,MUS,2000,38.661,Sub-Saharan Africa,Upper middle income,True
4942,Mauritius,MUS,2001,36.231,Sub-Saharan Africa,Upper middle income,True
4943,Mauritius,MUS,2002,37.844,Sub-Saharan Africa,Upper middle income,True
4944,Mauritius,MUS,2003,41.132,Sub-Saharan Africa,Upper middle income,True
4945,Mauritius,MUS,2004,39.769,Sub-Saharan Africa,Upper middle income,True
4946,Mauritius,MUS,2005,41.199,Sub-Saharan Africa,Upper middle income,True
4947,Mauritius,MUS,2006,41.482,Sub-Saharan Africa,Upper middle income,True
4948,Mauritius,MUS,2007,40.492,Sub-Saharan Africa,Upper middle income,True
4949,Mauritius,MUS,2008,41.439,Sub-Saharan Africa,Upper middle income,True
4950,Mauritius,MUS,2009,41.912,Sub-Saharan Africa,Upper middle income,True
4951,Mauritius,MUS,2010,43.465,Sub-Saharan Africa,Upper middle income,True
4952,Mauritius,MUS,2011,42.612,Sub-Saharan Africa,Upper middle income,True
4953,Mauritius,MUS,2012,43.028,Sub-Saharan Africa,Upper middle income,True
4954,Mauritius,MUS,2013,44.956,Sub-Saharan Africa,Upper middle income,True
4955,Mauritius,MUS,2014,45.217,Sub-Saharan Africa,Upper middle income,True
4956,Mauritius,MUS,2015,46.371,Sub-Saharan Africa,Upper middle income,True
4957,Mauritius,MUS,2016,45.414,Sub-Saharan Africa,Upper middle income,True
4958,Mauritius,MUS,2017,45.716,Sub-Saharan Africa,Upper middle income,True
4959,Mauritius,MUS,2018,45.604,Sub-Saharan Africa,Upper middle income,True
4960,Mauritius,MUS,2019,46.423,Sub-Saharan Africa,Upper middle income,True
4961,Mauritius,MUS,2020,43.111,Sub-Saharan Africa,Upper middle income,True
4962,Mauritius,MUS,2021,40.56,Sub-Saharan Africa,Upper middle income,True
4963,Mauritius,MUS,2022,42.521,Sub-Saharan Africa,Upper middle income,True
4964,Mauritius,MUS,2023,47.644,Sub-Saharan Africa,Upper middle income,True
4965,Mauritius,MUS,2024,47.45,Sub-Saharan Africa,Upper middle income,True
4966,Mauritius,MUS,2025,47.462,Sub-Saharan Africa,Upper middle income,True
4967,Mexico,MEX,1990,33.981,Latin America & Caribbean,Upper middle income,True
4968,Mexico,MEX,1991,34.216,Latin America & Caribbean,Upper middle income,True
4969,Mexico,MEX,1992,34.988,Latin America & Caribbean,Upper middle income,True
4970,Mexico,MEX,1993,35.836,Latin America & Caribbean,Upper middle income,True
4971,Mexico,MEX,1994,36.366,Latin America & Caribbean,Upper middle income,True
4972,Mexico,MEX,1995,37.613,Latin America & Caribbean,Upper middle income,True
4973,Mexico,MEX,1996,37.684,Latin America & Caribbean,Upper middle income,True
4974,Mexico,MEX,1997,39.641,Latin America & Caribbean,Upper middle income,True
4975,Mexico,MEX,1998,39.316,Latin America & Caribbean,Upper middle income,True
4976,Mexico,MEX,1999,38.527,Latin America & Caribbean,Upper middle income,True
4977,Mexico,MEX,2000,38.866,Latin America & Caribbean,Upper middle income,True
4978,Mexico,MEX,2001,38.229,Latin America & Caribbean,Upper middle income,True
4979,Mexico,MEX,2002,38.314,Latin America & Caribbean,Upper middle income,True
4980,Mexico,MEX,2003,38.975,Latin America & Caribbean,Upper middle income,True
4981,Mexico,MEX,2004,40.098,Latin America & Caribbean,Upper middle income,True
4982,Mexico,MEX,2005,41.15,Latin America & Caribbean,Upper middle income,True
4983,Mexico,MEX,2006,42.334,Latin America & Caribbean,Upper middle income,True
4984,Mexico,MEX,2007,42.718,Latin America & Caribbean,Upper middle income,True
4985,Mexico,MEX,2008,42.568,Latin America & Caribbean,Upper middle income,True
4986,Mexico,MEX,2009,43.08,Latin America & Caribbean,Upper middle income,True
4987,Mexico,MEX,2010,42.946,Latin America & Caribbean,Upper middle income,True
4988,Mexico,MEX,2011,43.413,Latin America & Caribbean,Upper middle income,True
4989,Mexico,MEX,2012,44.48,Latin America & Caribbean,Upper middle income,True
4990,Mexico,MEX,2013,44.48,Latin America & Caribbean,Upper middle income,True
4991,Mexico,MEX,2014,43.55,Latin America & Caribbean,Upper middle income,True
4992,Mexico,MEX,2015,43.928,Latin America & Caribbean,Upper middle income,True
4993,Mexico,MEX,2016,43.988,Latin America & Caribbean,Upper middle income,True
4994,Mexico,MEX,2017,43.627,Latin America & Caribbean,Upper middle income,True
4995,Mexico,MEX,2018,44.134,Latin America & Caribbean,Upper middle income,True
4996,Mexico,MEX,2019,45.573,Latin America & Caribbean,Upper middle income,True
4997,Mexico,MEX,2020,41.704,Latin America & Caribbean,Upper middle income,True
4998,Mexico,MEX,2021,44.615,Latin America & Caribbean,Upper middle income,True
4999,Mexico,MEX,2022,46.004,Latin America & Caribbean,Upper middle income,True
5000,Mexico,MEX,2023,47.317,Latin America & Caribbean,Upper middle income,True
5001,Mexico,MEX,2024,47.414,Latin America & Caribbean,Upper middle income,True
5002,Mexico,MEX,2025,47.45,Latin America & Caribbean,Upper middle income,True
5003,"Middle East, North Africa, Afghanistan & Pakistan",MEA,1990,15.4493773856632,,,False
5004,"Middle East, North Africa, Afghanistan & Pakistan",MEA,1991,16.2768636143761,,,False
5005,"Middle East, North Africa, Afghanistan & Pakistan",MEA,1992,16.5232430541113,,,False
5006,"Middle East, North Africa, Afghanistan & Pakistan",MEA,1993,16.5983232679281,,,False
5007,"Middle East, North Africa, Afghanistan & Pakistan",MEA,1994,16.9474691683356,,,False
5008,"Middle East, North Africa, Afghanistan & Pakistan",MEA,1995,16.2542397243506,,,False
5009,"Middle East, North Africa, Afghanistan & Pakistan",MEA,1996,16.5497669430617,,,False
5010,"Middle East, North Africa, Afghanistan & Pakistan",MEA,1997,16.8957161189127,,,False
5011,"Middle East, North Africa, Afghanistan & Pakistan",MEA,1998,17.0255806389883,,,False
5012,"Middle East, North Africa, Afghanistan & Pakistan",MEA,1999,17.5518300167543,,,False
5013,"Middle East, North Africa, Afghanistan & Pakistan",MEA,2000,17.845779614534,,,False
5014,"Middle East, North Africa, Afghanistan & Pakistan",MEA,2001,17.9360351009801,,,False
5015,"Middle East, North Africa, Afghanistan & Pakistan",MEA,2002,17.681395096538,,,False
5016,"Middle East, North Africa, Afghanistan & Pakistan",MEA,2003,18.1803311220953,,,False
5017,"Middle East, North Africa, Afghanistan & Pakistan",MEA,2004,18.6754814294737,,,False
5018,"Middle East, North Africa, Afghanistan & Pakistan",MEA,2005,19.1377315938037,,,False
5019,"Middle East, North Africa, Afghanistan & Pakistan",MEA,2006,19.3763891253489,,,False
5020,"Middle East, North Africa, Afghanistan & Pakistan",MEA,2007,19.6894553730983,,,False
5021,"Middle East, North Africa, Afghanistan & Pakistan",MEA,2008,19.3164932927168,,,False
5022,"Middle East, North Africa, Afghanistan & Pakistan",MEA,2009,19.9446783362503,,,False
5023,"Middle East, North Africa, Afghanistan & Pakistan",MEA,2010,20.2490366235469,,,False
5024,"Middle East, North Africa, Afghanistan & Pakistan",MEA,2011,20.064185586662,,,False
5025,"Middle East, North Africa, Afghanistan & Pakistan",MEA,2012,20.3108734459906,,,False
5026,"Middle East, North Africa, Afghanistan & Pakistan",MEA,2013,20.3406954892715,,,False
5027,"Middle East, North Africa, Afghanistan & Pakistan",MEA,2014,20.5223107693239,,,False
5028,"Middle East, North Africa, Afghanistan & Pakistan",MEA,2015,21.0850188228097,,,False
5029,"Middle East, North Africa, Afghanistan & Pakistan",MEA,2016,21.2291491100509,,,False
5030,"Middle East, North Africa, Afghanistan & Pakistan",MEA,2017,20.784490192352,,,False
5031,"Middle East, North Africa, Afghanistan & Pakistan",MEA,2018,19.9759665959993,,,False
5032,"Middle East, North Africa, Afghanistan & Pakistan",MEA,2019,20.0458350911069,,,False
5033,"Middle East, North Africa, Afghanistan & Pakistan",MEA,2020,19.2557433194363,,,False
5034,"Middle East, North Africa, Afghanistan & Pakistan",MEA,2021,19.5883594650344,,,False
5035,"Middle East, North Africa, Afghanistan & Pakistan",MEA,2022,19.2038883925233,,,False
5036,"Middle East, North Africa, Afghanistan & Pakistan",MEA,2023,19.7801593904483,,,False
5037,"Middle East, North Africa, Afghanistan & Pakistan",MEA,2024,19.7405604786147,,,False
5038,"Middle East, North Africa, Afghanistan & Pakistan",MEA,2025,19.7320875969931,,,False
5039,"Middle East, North Africa, Afghanistan & Pakistan (IDA & IBRD)",TMN,1990,14.723562765685,,,False
5040,"Middle East, North Africa, Afghanistan & Pakistan (IDA & IBRD)",TMN,1991,15.5989314736703,,,False
5041,"Middle East, North Africa, Afghanistan & Pakistan (IDA & IBRD)",TMN,1992,15.8124651762828,,,False
5042,"Middle East, North Africa, Afghanistan & Pakistan (IDA & IBRD)",TMN,1993,15.8572914929724,,,False
5043,"Middle East, North Africa, Afghanistan & Pakistan (IDA & IBRD)",TMN,1994,16.1913859378575,,,False
5044,"Middle East, North Africa, Afghanistan & Pakistan (IDA & IBRD)",TMN,1995,15.4247356229678,,,False
5045,"Middle East, North Africa, Afghanistan & Pakistan (IDA & IBRD)",TMN,1996,15.7284187509526,,,False
5046,"Middle East, North Africa, Afghanistan & Pakistan (IDA & IBRD)",TMN,1997,16.0842558116064,,,False
5047,"Middle East, North Africa, Afghanistan & Pakistan (IDA & IBRD)",TMN,1998,16.2079954839735,,,False
5048,"Middle East, North Africa, Afghanistan & Pakistan (IDA & IBRD)",TMN,1999,16.7329852631926,,,False
5049,"Middle East, North Africa, Afghanistan & Pakistan (IDA & IBRD)",TMN,2000,17.0399410007306,,,False
5050,"Middle East, North Africa, Afghanistan & Pakistan (IDA & IBRD)",TMN,2001,17.1523878837007,,,False
5051,"Middle East, North Africa, Afghanistan & Pakistan (IDA & IBRD)",TMN,2002,16.8826883214469,,,False
5052,"Middle East, North Africa, Afghanistan & Pakistan (IDA & IBRD)",TMN,2003,17.3710496106741,,,False
5053,"Middle East, North Africa, Afghanistan & Pakistan (IDA & IBRD)",TMN,2004,17.8798531853104,,,False
5054,"Middle East, North Africa, Afghanistan & Pakistan (IDA & IBRD)",TMN,2005,18.3444081080548,,,False
5055,"Middle East, North Africa, Afghanistan & Pakistan (IDA & IBRD)",TMN,2006,18.5584941084924,,,False
5056,"Middle East, North Africa, Afghanistan & Pakistan (IDA & IBRD)",TMN,2007,18.8598958402592,,,False
5057,"Middle East, North Africa, Afghanistan & Pakistan (IDA & IBRD)",TMN,2008,18.4328302650604,,,False
5058,"Middle East, North Africa, Afghanistan & Pakistan (IDA & IBRD)",TMN,2009,19.0711497787007,,,False
5059,"Middle East, North Africa, Afghanistan & Pakistan (IDA & IBRD)",TMN,2010,19.3245012311235,,,False
5060,"Middle East, North Africa, Afghanistan & Pakistan (IDA & IBRD)",TMN,2011,19.0479346657826,,,False
5061,"Middle East, North Africa, Afghanistan & Pakistan (IDA & IBRD)",TMN,2012,19.2117275237815,,,False
5062,"Middle East, North Africa, Afghanistan & Pakistan (IDA & IBRD)",TMN,2013,19.2095255494993,,,False
5063,"Middle East, North Africa, Afghanistan & Pakistan (IDA & IBRD)",TMN,2014,19.3315044477734,,,False
5064,"Middle East, North Africa, Afghanistan & Pakistan (IDA & IBRD)",TMN,2015,19.8439233193227,,,False
5065,"Middle East, North Africa, Afghanistan & Pakistan (IDA & IBRD)",TMN,2016,19.9175331429971,,,False
5066,"Middle East, North Africa, Afghanistan & Pakistan (IDA & IBRD)",TMN,2017,19.5131426340615,,,False
5067,"Middle East, North Africa, Afghanistan & Pakistan (IDA & IBRD)",TMN,2018,18.5478328076139,,,False
5068,"Middle East, North Africa, Afghanistan & Pakistan (IDA & IBRD)",TMN,2019,18.4960609602807,,,False
5069,"Middle East, North Africa, Afghanistan & Pakistan (IDA & IBRD)",TMN,2020,17.4593515315983,,,False
5070,"Middle East, North Africa, Afghanistan & Pakistan (IDA & IBRD)",TMN,2021,17.7377104892209,,,False
5071,"Middle East, North Africa, Afghanistan & Pakistan (IDA & IBRD)",TMN,2022,17.1951837122223,,,False
5072,"Middle East, North Africa, Afghanistan & Pakistan (IDA & IBRD)",TMN,2023,17.7826678754986,,,False
5073,"Middle East, North Africa, Afghanistan & Pakistan (IDA & IBRD)",TMN,2024,17.7216987287405,,,False
5074,"Middle East, North Africa, Afghanistan & Pakistan (IDA & IBRD)",TMN,2025,17.6716097323632,,,False
5075,"Middle East, North Africa, Afghanistan & Pakistan (excluding high income)",MNA,1990,14.7064085341409,,,False
5076,"Middle East, North Africa, Afghanistan & Pakistan (excluding high income)",MNA,1991,15.5773132803932,,,False
5077,"Middle East, North Africa, Afghanistan & Pakistan (excluding high income)",MNA,1992,15.7905599148448,,,False
5078,"Middle East, North Africa, Afghanistan & Pakistan (excluding high income)",MNA,1993,15.8350741496157,,,False
5079,"Middle East, North Africa, Afghanistan & Pakistan (excluding high income)",MNA,1994,16.1672720459389,,,False
5080,"Middle East, North Africa, Afghanistan & Pakistan (excluding high income)",MNA,1995,15.4051011092545,,,False
5081,"Middle East, North Africa, Afghanistan & Pakistan (excluding high income)",MNA,1996,15.7061962844688,,,False
5082,"Middle East, North Africa, Afghanistan & Pakistan (excluding high income)",MNA,1997,16.061867633774,,,False
5083,"Middle East, North Africa, Afghanistan & Pakistan (excluding high income)",MNA,1998,16.1875032438276,,,False
5084,"Middle East, North Africa, Afghanistan & Pakistan (excluding high income)",MNA,1999,16.710991910292,,,False
5085,"Middle East, North Africa, Afghanistan & Pakistan (excluding high income)",MNA,2000,17.0141287909588,,,False
5086,"Middle East, North Africa, Afghanistan & Pakistan (excluding high income)",MNA,2001,17.1127562630029,,,False
5087,"Middle East, North Africa, Afghanistan & Pakistan (excluding high income)",MNA,2002,16.8445309043941,,,False
5088,"Middle East, North Africa, Afghanistan & Pakistan (excluding high income)",MNA,2003,17.3436480240947,,,False
5089,"Middle East, North Africa, Afghanistan & Pakistan (excluding high income)",MNA,2004,17.851430196945,,,False
5090,"Middle East, North Africa, Afghanistan & Pakistan (excluding high income)",MNA,2005,18.3126427545505,,,False
5091,"Middle East, North Africa, Afghanistan & Pakistan (excluding high income)",MNA,2006,18.5293508879687,,,False
5092,"Middle East, North Africa, Afghanistan & Pakistan (excluding high income)",MNA,2007,18.8375957171312,,,False
5093,"Middle East, North Africa, Afghanistan & Pakistan (excluding high income)",MNA,2008,18.4109132907897,,,False
5094,"Middle East, North Africa, Afghanistan & Pakistan (excluding high income)",MNA,2009,19.0444395751903,,,False
5095,"Middle East, North Africa, Afghanistan & Pakistan (excluding high income)",MNA,2010,19.2926786115311,,,False
5096,"Middle East, North Africa, Afghanistan & Pakistan (excluding high income)",MNA,2011,19.0271325783323,,,False
5097,"Middle East, North Africa, Afghanistan & Pakistan (excluding high income)",MNA,2012,19.1930276875326,,,False
5098,"Middle East, North Africa, Afghanistan & Pakistan (excluding high income)",MNA,2013,19.188501970048,,,False
5099,"Middle East, North Africa, Afghanistan & Pakistan (excluding high income)",MNA,2014,19.3140787898556,,,False
5100,"Middle East, North Africa, Afghanistan & Pakistan (excluding high income)",MNA,2015,19.832171788223,,,False
5101,"Middle East, North Africa, Afghanistan & Pakistan (excluding high income)",MNA,2016,19.9015710635288,,,False
5102,"Middle East, North Africa, Afghanistan & Pakistan (excluding high income)",MNA,2017,19.5012053950759,,,False
5103,"Middle East, North Africa, Afghanistan & Pakistan (excluding high income)",MNA,2018,18.5420905376257,,,False
5104,"Middle East, North Africa, Afghanistan & Pakistan (excluding high income)",MNA,2019,18.4953207554151,,,False
5105,"Middle East, North Africa, Afghanistan & Pakistan (excluding high income)",MNA,2020,17.4525668795672,,,False
5106,"Middle East, North Africa, Afghanistan & Pakistan (excluding high income)",MNA,2021,17.7364285995514,,,False
5107,"Middle East, North Africa, Afghanistan & Pakistan (excluding high income)",MNA,2022,17.2068372743102,,,False
5108,"Middle East, North Africa, Afghanistan & Pakistan (excluding high income)",MNA,2023,17.7826678754986,,,False
5109,"Middle East, North Africa, Afghanistan & Pakistan (excluding high income)",MNA,2024,17.7216987287405,,,False
5110,"Middle East, North Africa, Afghanistan & Pakistan (excluding high income)",MNA,2025,17.6716097323632,,,False
5111,Middle income,MIC,1990,50.8734690092811,,,False
5112,Middle income,MIC,1991,50.7201037991139,,,False
5113,Middle income,MIC,1992,50.6405690388864,,,False
5114,Middle income,MIC,1993,50.4248988671236,,,False
5115,Middle income,MIC,1994,50.5125974094851,,,False
5116,Middle income,MIC,1995,50.4529391698394,,,False
5117,Middle income,MIC,1996,50.3613927318823,,,False
5118,Middle income,MIC,1997,50.3435108792516,,,False
5119,Middle income,MIC,1998,50.3801061224916,,,False
5120,Middle income,MIC,1999,50.3198381215957,,,False
5121,Middle income,MIC,2000,50.211900228757,,,False
5122,Middle income,MIC,2001,50.053043945323,,,False
5123,Middle income,MIC,2002,49.8396595246803,,,False
5124,Middle income,MIC,2003,49.7441382172527,,,False
5125,Middle income,MIC,2004,49.6132230643297,,,False
5126,Middle income,MIC,2005,49.5379150422418,,,False
5127,Middle income,MIC,2006,49.1173511850563,,,False
5128,Middle income,MIC,2007,48.9096208579167,,,False
5129,Middle income,MIC,2008,48.4407286043387,,,False
5130,Middle income,MIC,2009,48.1595840777996,,,False
5131,Middle income,MIC,2010,47.7171336019342,,,False
5132,Middle income,MIC,2011,47.4122335005539,,,False
5133,Middle income,MIC,2012,47.1116486576927,,,False
5134,Middle income,MIC,2013,46.8330518498669,,,False
5135,Middle income,MIC,2014,46.6627077139039,,,False
5136,Middle income,MIC,2015,46.650946129959,,,False
5137,Middle income,MIC,2016,46.5316509645902,,,False
5138,Middle income,MIC,2017,46.4152658905403,,,False
5139,Middle income,MIC,2018,46.2934452342604,,,False
5140,Middle income,MIC,2019,46.2436631206402,,,False
5141,Middle income,MIC,2020,44.7391317707977,,,False
5142,Middle income,MIC,2021,45.9156789577271,,,False
5143,Middle income,MIC,2022,46.3603657788674,,,False
5144,Middle income,MIC,2023,46.9885808585078,,,False
5145,Middle income,MIC,2024,47.0799681602452,,,False
5146,Middle income,MIC,2025,46.9551649860589,,,False
5147,Moldova,MDA,1990,54.757,Europe & Central Asia,Upper middle income,True
5148,Moldova,MDA,1991,55.218,Europe & Central Asia,Upper middle income,True
5149,Moldova,MDA,1992,55.555,Europe & Central Asia,Upper middle income,True
5150,Moldova,MDA,1993,55.705,Europe & Central Asia,Upper middle income,True
5151,Moldova,MDA,1994,55.848,Europe & Central Asia,Upper middle income,True
5152,Moldova,MDA,1995,55.815,Europe & Central Asia,Upper middle income,True
5153,Moldova,MDA,1996,56.111,Europe & Central Asia,Upper middle income,True
5154,Moldova,MDA,1997,56.0,Europe & Central Asia,Upper middle income,True
5155,Moldova,MDA,1998,56.374,Europe & Central Asia,Upper middle income,True
5156,Moldova,MDA,1999,56.559,Europe & Central Asia,Upper middle income,True
5157,Moldova,MDA,2000,56.428,Europe & Central Asia,Upper middle income,True
5158,Moldova,MDA,2001,54.803,Europe & Central Asia,Upper middle income,True
5159,Moldova,MDA,2002,54.827,Europe & Central Asia,Upper middle income,True
5160,Moldova,MDA,2003,56.09,Europe & Central Asia,Upper middle income,True
5161,Moldova,MDA,2004,54.583,Europe & Central Asia,Upper middle income,True
5162,Moldova,MDA,2005,55.022,Europe & Central Asia,Upper middle income,True
5163,Moldova,MDA,2006,57.263,Europe & Central Asia,Upper middle income,True
5164,Moldova,MDA,2007,58.868,Europe & Central Asia,Upper middle income,True
5165,Moldova,MDA,2008,59.244,Europe & Central Asia,Upper middle income,True
5166,Moldova,MDA,2009,59.929,Europe & Central Asia,Upper middle income,True
5167,Moldova,MDA,2010,62.695,Europe & Central Asia,Upper middle income,True
5168,Moldova,MDA,2011,64.365,Europe & Central Asia,Upper middle income,True
5169,Moldova,MDA,2012,65.277,Europe & Central Asia,Upper middle income,True
5170,Moldova,MDA,2013,65.586,Europe & Central Asia,Upper middle income,True
5171,Moldova,MDA,2014,69.207,Europe & Central Asia,Upper middle income,True
5172,Moldova,MDA,2015,69.413,Europe & Central Asia,Upper middle income,True
5173,Moldova,MDA,2016,68.93,Europe & Central Asia,Upper middle income,True
5174,Moldova,MDA,2017,67.43,Europe & Central Asia,Upper middle income,True
5175,Moldova,MDA,2018,66.419,Europe & Central Asia,Upper middle income,True
5176,Moldova,MDA,2019,68.337,Europe & Central Asia,Upper middle income,True
5177,Moldova,MDA,2020,68.085,Europe & Central Asia,Upper middle income,True
5178,Moldova,MDA,2021,70.665,Europe & Central Asia,Upper middle income,True
5179,Moldova,MDA,2022,71.543,Europe & Central Asia,Upper middle income,True
5180,Moldova,MDA,2023,70.064,Europe & Central Asia,Upper middle income,True
5181,Moldova,MDA,2024,72.177,Europe & Central Asia,Upper middle income,True
5182,Moldova,MDA,2025,72.33,Europe & Central Asia,Upper middle income,True
5183,Mongolia,MNG,1990,51.433,East Asia & Pacific,Upper middle income,True
5184,Mongolia,MNG,1991,51.968,East Asia & Pacific,Upper middle income,True
5185,Mongolia,MNG,1992,52.489,East Asia & Pacific,Upper middle income,True
5186,Mongolia,MNG,1993,52.803,East Asia & Pacific,Upper middle income,True
5187,Mongolia,MNG,1994,52.968,East Asia & Pacific,Upper middle income,True
5188,Mongolia,MNG,1995,53.016,East Asia & Pacific,Upper middle income,True
5189,Mongolia,MNG,1996,53.198,East Asia & Pacific,Upper middle income,True
5190,Mongolia,MNG,1997,53.335,East Asia & Pacific,Upper middle income,True
5191,Mongolia,MNG,1998,53.492,East Asia & Pacific,Upper middle income,True
5192,Mongolia,MNG,1999,53.654,East Asia & Pacific,Upper middle income,True
5193,Mongolia,MNG,2000,53.834,East Asia & Pacific,Upper middle income,True
5194,Mongolia,MNG,2001,53.93,East Asia & Pacific,Upper middle income,True
5195,Mongolia,MNG,2002,53.967,East Asia & Pacific,Upper middle income,True
5196,Mongolia,MNG,2003,53.946,East Asia & Pacific,Upper middle income,True
5197,Mongolia,MNG,2004,53.878,East Asia & Pacific,Upper middle income,True
5198,Mongolia,MNG,2005,53.887,East Asia & Pacific,Upper middle income,True
5199,Mongolia,MNG,2006,53.928,East Asia & Pacific,Upper middle income,True
5200,Mongolia,MNG,2007,54.032,East Asia & Pacific,Upper middle income,True
5201,Mongolia,MNG,2008,53.369,East Asia & Pacific,Upper middle income,True
5202,Mongolia,MNG,2009,53.541,East Asia & Pacific,Upper middle income,True
5203,Mongolia,MNG,2010,53.202,East Asia & Pacific,Upper middle income,True
5204,Mongolia,MNG,2011,53.903,East Asia & Pacific,Upper middle income,True
5205,Mongolia,MNG,2012,53.787,East Asia & Pacific,Upper middle income,True
5206,Mongolia,MNG,2013,53.647,East Asia & Pacific,Upper middle income,True
5207,Mongolia,MNG,2014,53.531,East Asia & Pacific,Upper middle income,True
5208,Mongolia,MNG,2015,53.429,East Asia & Pacific,Upper middle income,True
5209,Mongolia,MNG,2016,52.092,East Asia & Pacific,Upper middle income,True
5210,Mongolia,MNG,2017,52.687,East Asia & Pacific,Upper middle income,True
5211,Mongolia,MNG,2018,51.717,East Asia & Pacific,Upper middle income,True
5212,Mongolia,MNG,2019,57.902,East Asia & Pacific,Upper middle income,True
5213,Mongolia,MNG,2020,56.048,East Asia & Pacific,Upper middle income,True
5214,Mongolia,MNG,2021,53.158,East Asia & Pacific,Upper middle income,True
5215,Mongolia,MNG,2022,54.629,East Asia & Pacific,Upper middle income,True
5216,Mongolia,MNG,2023,52.467,East Asia & Pacific,Upper middle income,True
5217,Mongolia,MNG,2024,52.1,East Asia & Pacific,Upper middle income,True
5218,Mongolia,MNG,2025,51.458,East Asia & Pacific,Upper middle income,True
5219,Montenegro,MNE,1990,43.832,Europe & Central Asia,Upper middle income,True
5220,Montenegro,MNE,1991,43.81,Europe & Central Asia,Upper middle income,True
5221,Montenegro,MNE,1992,43.724,Europe & Central Asia,Upper middle income,True
5222,Montenegro,MNE,1993,43.554,Europe & Central Asia,Upper middle income,True
5223,Montenegro,MNE,1994,43.232,Europe & Central Asia,Upper middle income,True
5224,Montenegro,MNE,1995,42.905,Europe & Central Asia,Upper middle income,True
5225,Montenegro,MNE,1996,42.66,Europe & Central Asia,Upper middle income,True
5226,Montenegro,MNE,1997,42.493,Europe & Central Asia,Upper middle income,True
5227,Montenegro,MNE,1998,42.342,Europe & Central Asia,Upper middle income,True
5228,Montenegro,MNE,1999,42.493,Europe & Central Asia,Upper middle income,True
5229,Montenegro,MNE,2000,42.421,Europe & Central Asia,Upper middle income,True
5230,Montenegro,MNE,2001,42.402,Europe & Central Asia,Upper middle income,True
5231,Montenegro,MNE,2002,42.276,Europe & Central Asia,Upper middle income,True
5232,Montenegro,MNE,2003,42.081,Europe & Central Asia,Upper middle income,True
5233,Montenegro,MNE,2004,41.87,Europe & Central Asia,Upper middle income,True
5234,Montenegro,MNE,2005,41.711,Europe & Central Asia,Upper middle income,True
5235,Montenegro,MNE,2006,41.638,Europe & Central Asia,Upper middle income,True
5236,Montenegro,MNE,2007,41.693,Europe & Central Asia,Upper middle income,True
5237,Montenegro,MNE,2008,41.828,Europe & Central Asia,Upper middle income,True
5238,Montenegro,MNE,2009,41.62,Europe & Central Asia,Upper middle income,True
5239,Montenegro,MNE,2010,41.589,Europe & Central Asia,Upper middle income,True
5240,Montenegro,MNE,2011,41.589,Europe & Central Asia,Upper middle income,True
5241,Montenegro,MNE,2012,42.801,Europe & Central Asia,Upper middle income,True
5242,Montenegro,MNE,2013,42.866,Europe & Central Asia,Upper middle income,True
5243,Montenegro,MNE,2014,45.008,Europe & Central Asia,Upper middle income,True
5244,Montenegro,MNE,2015,46.123,Europe & Central Asia,Upper middle income,True
5245,Montenegro,MNE,2016,45.699,Europe & Central Asia,Upper middle income,True
5246,Montenegro,MNE,2017,45.296,Europe & Central Asia,Upper middle income,True
5247,Montenegro,MNE,2018,45.52,Europe & Central Asia,Upper middle income,True
5248,Montenegro,MNE,2019,46.888,Europe & Central Asia,Upper middle income,True
5249,Montenegro,MNE,2020,43.343,Europe & Central Asia,Upper middle income,True
5250,Montenegro,MNE,2021,41.433,Europe & Central Asia,Upper middle income,True
5251,Montenegro,MNE,2022,48.489,Europe & Central Asia,Upper middle income,True
5252,Montenegro,MNE,2023,51.777,Europe & Central Asia,Upper middle income,True
5253,Montenegro,MNE,2024,51.429,Europe & Central Asia,Upper middle income,True
5254,Montenegro,MNE,2025,51.246,Europe & Central Asia,Upper middle income,True
5255,Morocco,MAR,1990,22.819,Middle East & North Africa,Lower middle income,True
5256,Morocco,MAR,1991,23.234,Middle East & North Africa,Lower middle income,True
5257,Morocco,MAR,1992,23.163,Middle East & North Africa,Lower middle income,True
5258,Morocco,MAR,1993,23.177,Middle East & North Africa,Lower middle income,True
5259,Morocco,MAR,1994,23.8,Middle East & North Africa,Lower middle income,True
5260,Morocco,MAR,1995,23.557,Middle East & North Africa,Lower middle income,True
5261,Morocco,MAR,1996,24.236,Middle East & North Africa,Lower middle income,True
5262,Morocco,MAR,1997,24.2,Middle East & North Africa,Lower middle income,True
5263,Morocco,MAR,1998,24.618,Middle East & North Africa,Lower middle income,True
5264,Morocco,MAR,1999,24.753,Middle East & North Africa,Lower middle income,True
5265,Morocco,MAR,2000,24.934,Middle East & North Africa,Lower middle income,True
5266,Morocco,MAR,2001,25.365,Middle East & North Africa,Lower middle income,True
5267,Morocco,MAR,2002,24.788,Middle East & North Africa,Lower middle income,True
5268,Morocco,MAR,2003,25.041,Middle East & North Africa,Lower middle income,True
5269,Morocco,MAR,2004,25.293,Middle East & North Africa,Lower middle income,True
5270,Morocco,MAR,2005,25.54,Middle East & North Africa,Lower middle income,True
5271,Morocco,MAR,2006,25.784,Middle East & North Africa,Lower middle income,True
5272,Morocco,MAR,2007,26.029,Middle East & North Africa,Lower middle income,True
5273,Morocco,MAR,2008,26.278,Middle East & North Africa,Lower middle income,True
5274,Morocco,MAR,2009,25.909,Middle East & North Africa,Lower middle income,True
5275,Morocco,MAR,2010,25.546,Middle East & North Africa,Lower middle income,True
5276,Morocco,MAR,2011,25.118,Middle East & North Africa,Lower middle income,True
5277,Morocco,MAR,2012,24.358,Middle East & North Africa,Lower middle income,True
5278,Morocco,MAR,2013,24.718,Middle East & North Africa,Lower middle income,True
5279,Morocco,MAR,2014,24.779,Middle East & North Africa,Lower middle income,True
5280,Morocco,MAR,2015,24.362,Middle East & North Africa,Lower middle income,True
5281,Morocco,MAR,2016,23.275,Middle East & North Africa,Lower middle income,True
5282,Morocco,MAR,2017,22.45,Middle East & North Africa,Lower middle income,True
5283,Morocco,MAR,2018,22.23,Middle East & North Africa,Lower middle income,True
5284,Morocco,MAR,2019,21.999,Middle East & North Africa,Lower middle income,True
5285,Morocco,MAR,2020,20.688,Middle East & North Africa,Lower middle income,True
5286,Morocco,MAR,2021,20.697,Middle East & North Africa,Lower middle income,True
5287,Morocco,MAR,2022,19.584,Middle East & North Africa,Lower middle income,True
5288,Morocco,MAR,2023,19.671,Middle East & North Africa,Lower middle income,True
5289,Morocco,MAR,2024,19.827,Middle East & North Africa,Lower middle income,True
5290,Morocco,MAR,2025,19.696,Middle East & North Africa,Lower middle income,True
5291,Mozambique,MOZ,1990,86.794,Sub-Saharan Africa,Low income,True
5292,Mozambique,MOZ,1991,86.813,Sub-Saharan Africa,Low income,True
5293,Mozambique,MOZ,1992,86.831,Sub-Saharan Africa,Low income,True
5294,Mozambique,MOZ,1993,86.864,Sub-Saharan Africa,Low income,True
5295,Mozambique,MOZ,1994,86.914,Sub-Saharan Africa,Low income,True
5296,Mozambique,MOZ,1995,86.972,Sub-Saharan Africa,Low income,True
5297,Mozambique,MOZ,1996,87.024,Sub-Saharan Africa,Low income,True
5298,Mozambique,MOZ,1997,87.035,Sub-Saharan Africa,Low income,True
5299,Mozambique,MOZ,1998,87.165,Sub-Saharan Africa,Low income,True
5300,Mozambique,MOZ,1999,87.296,Sub-Saharan Africa,Low income,True
5301,Mozambique,MOZ,2000,87.427,Sub-Saharan Africa,Low income,True
5302,Mozambique,MOZ,2001,87.558,Sub-Saharan Africa,Low income,True
5303,Mozambique,MOZ,2002,87.691,Sub-Saharan Africa,Low income,True
5304,Mozambique,MOZ,2003,87.825,Sub-Saharan Africa,Low income,True
5305,Mozambique,MOZ,2004,87.166,Sub-Saharan Africa,Low income,True
5306,Mozambique,MOZ,2005,86.481,Sub-Saharan Africa,Low income,True
5307,Mozambique,MOZ,2006,85.772,Sub-Saharan Africa,Low income,True
5308,Mozambique,MOZ,2007,85.036,Sub-Saharan Africa,Low income,True
5309,Mozambique,MOZ,2008,84.273,Sub-Saharan Africa,Low income,True
5310,Mozambique,MOZ,2009,83.482,Sub-Saharan Africa,Low income,True
5311,Mozambique,MOZ,2010,82.665,Sub-Saharan Africa,Low income,True
5312,Mozambique,MOZ,2011,81.819,Sub-Saharan Africa,Low income,True
5313,Mozambique,MOZ,2012,80.944,Sub-Saharan Africa,Low income,True
5314,Mozambique,MOZ,2013,80.04,Sub-Saharan Africa,Low income,True
5315,Mozambique,MOZ,2014,79.107,Sub-Saharan Africa,Low income,True
5316,Mozambique,MOZ,2015,78.143,Sub-Saharan Africa,Low income,True
5317,Mozambique,MOZ,2016,78.041,Sub-Saharan Africa,Low income,True
5318,Mozambique,MOZ,2017,77.942,Sub-Saharan Africa,Low income,True
5319,Mozambique,MOZ,2018,77.84,Sub-Saharan Africa,Low income,True
5320,Mozambique,MOZ,2019,77.735,Sub-Saharan Africa,Low income,True
5321,Mozambique,MOZ,2020,76.87,Sub-Saharan Africa,Low income,True
5322,Mozambique,MOZ,2021,76.785,Sub-Saharan Africa,Low income,True
5323,Mozambique,MOZ,2022,77.198,Sub-Saharan Africa,Low income,True
5324,Mozambique,MOZ,2023,77.269,Sub-Saharan Africa,Low income,True
5325,Mozambique,MOZ,2024,77.206,Sub-Saharan Africa,Low income,True
5326,Mozambique,MOZ,2025,77.09,Sub-Saharan Africa,Low income,True
5327,Myanmar,MMR,1990,59.627,East Asia & Pacific,Lower middle income,True
5328,Myanmar,MMR,1991,59.769,East Asia & Pacific,Lower middle income,True
5329,Myanmar,MMR,1992,59.24,East Asia & Pacific,Lower middle income,True
5330,Myanmar,MMR,1993,58.943,East Asia & Pacific,Lower middle income,True
5331,Myanmar,MMR,1994,58.562,East Asia & Pacific,Lower middle income,True
5332,Myanmar,MMR,1995,58.22,East Asia & Pacific,Lower middle income,True
5333,Myanmar,MMR,1996,57.914,East Asia & Pacific,Lower middle income,True
5334,Myanmar,MMR,1997,57.658,East Asia & Pacific,Lower middle income,True
5335,Myanmar,MMR,1998,57.393,East Asia & Pacific,Lower middle income,True
5336,Myanmar,MMR,1999,56.857,East Asia & Pacific,Lower middle income,True
5337,Myanmar,MMR,2000,56.2,East Asia & Pacific,Lower middle income,True
5338,Myanmar,MMR,2001,55.683,East Asia & Pacific,Lower middle income,True
5339,Myanmar,MMR,2002,55.154,East Asia & Pacific,Lower middle income,True
5340,Myanmar,MMR,2003,54.568,East Asia & Pacific,Lower middle income,True
5341,Myanmar,MMR,2004,54.022,East Asia & Pacific,Lower middle income,True
5342,Myanmar,MMR,2005,53.504,East Asia & Pacific,Lower middle income,True
5343,Myanmar,MMR,2006,53.031,East Asia & Pacific,Lower middle income,True
5344,Myanmar,MMR,2007,52.622,East Asia & Pacific,Lower middle income,True
5345,Myanmar,MMR,2008,52.281,East Asia & Pacific,Lower middle income,True
5346,Myanmar,MMR,2009,51.95,East Asia & Pacific,Lower middle income,True
5347,Myanmar,MMR,2010,51.675,East Asia & Pacific,Lower middle income,True
5348,Myanmar,MMR,2011,51.532,East Asia & Pacific,Lower middle income,True
5349,Myanmar,MMR,2012,51.346,East Asia & Pacific,Lower middle income,True
5350,Myanmar,MMR,2013,51.14,East Asia & Pacific,Lower middle income,True
5351,Myanmar,MMR,2014,50.951,East Asia & Pacific,Lower middle income,True
5352,Myanmar,MMR,2015,50.799,East Asia & Pacific,Lower middle income,True
5353,Myanmar,MMR,2016,49.229,East Asia & Pacific,Lower middle income,True
5354,Myanmar,MMR,2017,47.659,East Asia & Pacific,Lower middle income,True
5355,Myanmar,MMR,2018,48.438,East Asia & Pacific,Lower middle income,True
5356,Myanmar,MMR,2019,46.289,East Asia & Pacific,Lower middle income,True
5357,Myanmar,MMR,2020,44.726,East Asia & Pacific,Lower middle income,True
5358,Myanmar,MMR,2021,41.042,East Asia & Pacific,Lower middle income,True
5359,Myanmar,MMR,2022,41.071,East Asia & Pacific,Lower middle income,True
5360,Myanmar,MMR,2023,41.051,East Asia & Pacific,Lower middle income,True
5361,Myanmar,MMR,2024,40.959,East Asia & Pacific,Lower middle income,True
5362,Myanmar,MMR,2025,40.941,East Asia & Pacific,Lower middle income,True
5363,Namibia,NAM,1990,48.217,Sub-Saharan Africa,Lower middle income,True
5364,Namibia,NAM,1991,48.232,Sub-Saharan Africa,Lower middle income,True
5365,Namibia,NAM,1992,48.232,Sub-Saharan Africa,Lower middle income,True
5366,Namibia,NAM,1993,48.237,Sub-Saharan Africa,Lower middle income,True
5367,Namibia,NAM,1994,48.245,Sub-Saharan Africa,Lower middle income,True
5368,Namibia,NAM,1995,47.789,Sub-Saharan Africa,Lower middle income,True
5369,Namibia,NAM,1996,47.333,Sub-Saharan Africa,Lower middle income,True
5370,Namibia,NAM,1997,46.878,Sub-Saharan Africa,Lower middle income,True
5371,Namibia,NAM,1998,47.005,Sub-Saharan Africa,Lower middle income,True
5372,Namibia,NAM,1999,47.134,Sub-Saharan Africa,Lower middle income,True
5373,Namibia,NAM,2000,47.264,Sub-Saharan Africa,Lower middle income,True
5374,Namibia,NAM,2001,47.749,Sub-Saharan Africa,Lower middle income,True
5375,Namibia,NAM,2002,48.233,Sub-Saharan Africa,Lower middle income,True
5376,Namibia,NAM,2003,48.717,Sub-Saharan Africa,Lower middle income,True
5377,Namibia,NAM,2004,49.202,Sub-Saharan Africa,Lower middle income,True
5378,Namibia,NAM,2005,49.688,Sub-Saharan Africa,Lower middle income,True
5379,Namibia,NAM,2006,50.174,Sub-Saharan Africa,Lower middle income,True
5380,Namibia,NAM,2007,50.661,Sub-Saharan Africa,Lower middle income,True
5381,Namibia,NAM,2008,51.149,Sub-Saharan Africa,Lower middle income,True
5382,Namibia,NAM,2009,51.637,Sub-Saharan Africa,Lower middle income,True
5383,Namibia,NAM,2010,52.125,Sub-Saharan Africa,Lower middle income,True
5384,Namibia,NAM,2011,52.612,Sub-Saharan Africa,Lower middle income,True
5385,Namibia,NAM,2012,53.096,Sub-Saharan Africa,Lower middle income,True
5386,Namibia,NAM,2013,58.57,Sub-Saharan Africa,Lower middle income,True
5387,Namibia,NAM,2014,57.204,Sub-Saharan Africa,Lower middle income,True
5388,Namibia,NAM,2015,56.351,Sub-Saharan Africa,Lower middle income,True
5389,Namibia,NAM,2016,55.497,Sub-Saharan Africa,Lower middle income,True
5390,Namibia,NAM,2017,55.436,Sub-Saharan Africa,Lower middle income,True
5391,Namibia,NAM,2018,55.388,Sub-Saharan Africa,Lower middle income,True
5392,Namibia,NAM,2019,55.322,Sub-Saharan Africa,Lower middle income,True
5393,Namibia,NAM,2020,52.45,Sub-Saharan Africa,Lower middle income,True
5394,Namibia,NAM,2021,53.111,Sub-Saharan Africa,Lower middle income,True
5395,Namibia,NAM,2022,54.735,Sub-Saharan Africa,Lower middle income,True
5396,Namibia,NAM,2023,54.828,Sub-Saharan Africa,Lower middle income,True
5397,Namibia,NAM,2024,54.911,Sub-Saharan Africa,Lower middle income,True
5398,Namibia,NAM,2025,54.918,Sub-Saharan Africa,Lower middle income,True
5399,Nepal,NPL,1990,20.63,South Asia,Lower middle income,True
5400,Nepal,NPL,1991,20.689,South Asia,Lower middle income,True
5401,Nepal,NPL,1992,20.791,South Asia,Lower middle income,True
5402,Nepal,NPL,1993,20.847,South Asia,Lower middle income,True
5403,Nepal,NPL,1994,20.839,South Asia,Lower middle income,True
5404,Nepal,NPL,1995,20.814,South Asia,Lower middle income,True
5405,Nepal,NPL,1996,20.794,South Asia,Lower middle income,True
5406,Nepal,NPL,1997,20.84,South Asia,Lower middle income,True
5407,Nepal,NPL,1998,20.951,South Asia,Lower middle income,True
5408,Nepal,NPL,1999,21.106,South Asia,Lower middle income,True
5409,Nepal,NPL,2000,21.283,South Asia,Lower middle income,True
5410,Nepal,NPL,2001,21.497,South Asia,Lower middle income,True
5411,Nepal,NPL,2002,21.723,South Asia,Lower middle income,True
5412,Nepal,NPL,2003,21.954,South Asia,Lower middle income,True
5413,Nepal,NPL,2004,22.211,South Asia,Lower middle income,True
5414,Nepal,NPL,2005,22.502,South Asia,Lower middle income,True
5415,Nepal,NPL,2006,22.826,South Asia,Lower middle income,True
5416,Nepal,NPL,2007,23.184,South Asia,Lower middle income,True
5417,Nepal,NPL,2008,23.611,South Asia,Lower middle income,True
5418,Nepal,NPL,2009,24.107,South Asia,Lower middle income,True
5419,Nepal,NPL,2010,24.652,South Asia,Lower middle income,True
5420,Nepal,NPL,2011,25.22,South Asia,Lower middle income,True
5421,Nepal,NPL,2012,25.73,South Asia,Lower middle income,True
5422,Nepal,NPL,2013,26.161,South Asia,Lower middle income,True
5423,Nepal,NPL,2014,26.575,South Asia,Lower middle income,True
5424,Nepal,NPL,2015,27.006,South Asia,Lower middle income,True
5425,Nepal,NPL,2016,27.346,South Asia,Lower middle income,True
5426,Nepal,NPL,2017,27.53,South Asia,Lower middle income,True
5427,Nepal,NPL,2018,27.628,South Asia,Lower middle income,True
5428,Nepal,NPL,2019,27.537,South Asia,Lower middle income,True
5429,Nepal,NPL,2020,27.209,South Asia,Lower middle income,True
5430,Nepal,NPL,2021,27.256,South Asia,Lower middle income,True
5431,Nepal,NPL,2022,27.24,South Asia,Lower middle income,True
5432,Nepal,NPL,2023,27.302,South Asia,Lower middle income,True
5433,Nepal,NPL,2024,27.378,South Asia,Lower middle income,True
5434,Nepal,NPL,2025,27.473,South Asia,Lower middle income,True
5435,Netherlands,NLD,1990,55.163,Europe & Central Asia,High income,True
5436,Netherlands,NLD,1991,55.609,Europe & Central Asia,High income,True
5437,Netherlands,NLD,1992,56.13,Europe & Central Asia,High income,True
5438,Netherlands,NLD,1993,56.342,Europe & Central Asia,High income,True
5439,Netherlands,NLD,1994,56.465,Europe & Central Asia,High income,True
5440,Netherlands,NLD,1995,56.429,Europe & Central Asia,High income,True
5441,Netherlands,NLD,1996,56.787,Europe & Central Asia,High income,True
5442,Netherlands,NLD,1997,57.214,Europe & Central Asia,High income,True
5443,Netherlands,NLD,1998,57.667,Europe & Central Asia,High income,True
5444,Netherlands,NLD,1999,58.288,Europe & Central Asia,High income,True
5445,Netherlands,NLD,2000,58.952,Europe & Central Asia,High income,True
5446,Netherlands,NLD,2001,59.537,Europe & Central Asia,High income,True
5447,Netherlands,NLD,2002,59.843,Europe & Central Asia,High income,True
5448,Netherlands,NLD,2003,59.915,Europe & Central Asia,High income,True
5449,Netherlands,NLD,2004,59.759,Europe & Central Asia,High income,True
5450,Netherlands,NLD,2005,59.523,Europe & Central Asia,High income,True
5451,Netherlands,NLD,2006,59.755,Europe & Central Asia,High income,True
5452,Netherlands,NLD,2007,59.953,Europe & Central Asia,High income,True
5453,Netherlands,NLD,2008,60.233,Europe & Central Asia,High income,True
5454,Netherlands,NLD,2009,60.136,Europe & Central Asia,High income,True
5455,Netherlands,NLD,2010,60.276,Europe & Central Asia,High income,True
5456,Netherlands,NLD,2011,60.534,Europe & Central Asia,High income,True
5457,Netherlands,NLD,2012,61.08,Europe & Central Asia,High income,True
5458,Netherlands,NLD,2013,61.038,Europe & Central Asia,High income,True
5459,Netherlands,NLD,2014,60.271,Europe & Central Asia,High income,True
5460,Netherlands,NLD,2015,60.755,Europe & Central Asia,High income,True
5461,Netherlands,NLD,2016,60.816,Europe & Central Asia,High income,True
5462,Netherlands,NLD,2017,60.887,Europe & Central Asia,High income,True
5463,Netherlands,NLD,2018,61.139,Europe & Central Asia,High income,True
5464,Netherlands,NLD,2019,61.656,Europe & Central Asia,High income,True
5465,Netherlands,NLD,2020,61.776,Europe & Central Asia,High income,True
5466,Netherlands,NLD,2021,61.894,Europe & Central Asia,High income,True
5467,Netherlands,NLD,2022,62.565,Europe & Central Asia,High income,True
5468,Netherlands,NLD,2023,63.079,Europe & Central Asia,High income,True
5469,Netherlands,NLD,2024,62.882,Europe & Central Asia,High income,True
5470,Netherlands,NLD,2025,62.71,Europe & Central Asia,High income,True
5471,New Caledonia,NCL,1990,59.016,East Asia & Pacific,High income,True
5472,New Caledonia,NCL,1991,59.279,East Asia & Pacific,High income,True
5473,New Caledonia,NCL,1992,59.264,East Asia & Pacific,High income,True
5474,New Caledonia,NCL,1993,59.253,East Asia & Pacific,High income,True
5475,New Caledonia,NCL,1994,59.389,East Asia & Pacific,High income,True
5476,New Caledonia,NCL,1995,59.78,East Asia & Pacific,High income,True
5477,New Caledonia,NCL,1996,59.758,East Asia & Pacific,High income,True
5478,New Caledonia,NCL,1997,59.821,East Asia & Pacific,High income,True
5479,New Caledonia,NCL,1998,59.402,East Asia & Pacific,High income,True
5480,New Caledonia,NCL,1999,59.308,East Asia & Pacific,High income,True
5481,New Caledonia,NCL,2000,59.295,East Asia & Pacific,High income,True
5482,New Caledonia,NCL,2001,59.158,East Asia & Pacific,High income,True
5483,New Caledonia,NCL,2002,59.079,East Asia & Pacific,High income,True
5484,New Caledonia,NCL,2003,59.06,East Asia & Pacific,High income,True
5485,New Caledonia,NCL,2004,59.031,East Asia & Pacific,High income,True
5486,New Caledonia,NCL,2005,59.013,East Asia & Pacific,High income,True
5487,New Caledonia,NCL,2006,59.12,East Asia & Pacific,High income,True
5488,New Caledonia,NCL,2007,59.166,East Asia & Pacific,High income,True
5489,New Caledonia,NCL,2008,59.019,East Asia & Pacific,High income,True
5490,New Caledonia,NCL,2009,58.928,East Asia & Pacific,High income,True
5491,New Caledonia,NCL,2010,59.168,East Asia & Pacific,High income,True
5492,New Caledonia,NCL,2011,59.239,East Asia & Pacific,High income,True
5493,New Caledonia,NCL,2012,59.156,East Asia & Pacific,High income,True
5494,New Caledonia,NCL,2013,59.065,East Asia & Pacific,High income,True
5495,New Caledonia,NCL,2014,58.874,East Asia & Pacific,High income,True
5496,New Caledonia,NCL,2015,57.768,East Asia & Pacific,High income,True
5497,New Caledonia,NCL,2016,56.622,East Asia & Pacific,High income,True
5498,New Caledonia,NCL,2017,55.488,East Asia & Pacific,High income,True
5499,New Caledonia,NCL,2018,54.368,East Asia & Pacific,High income,True
5500,New Caledonia,NCL,2019,53.254,East Asia & Pacific,High income,True
5501,New Caledonia,NCL,2020,53.377,East Asia & Pacific,High income,True
5502,New Caledonia,NCL,2021,52.953,East Asia & Pacific,High income,True
5503,New Caledonia,NCL,2022,52.586,East Asia & Pacific,High income,True
5504,New Caledonia,NCL,2023,52.221,East Asia & Pacific,High income,True
5505,New Caledonia,NCL,2024,51.608,East Asia & Pacific,High income,True
5506,New Caledonia,NCL,2025,51.067,East Asia & Pacific,High income,True
5507,New Zealand,NZL,1990,53.354,East Asia & Pacific,High income,True
5508,New Zealand,NZL,1991,53.666,East Asia & Pacific,High income,True
5509,New Zealand,NZL,1992,53.383,East Asia & Pacific,High income,True
5510,New Zealand,NZL,1993,53.291,East Asia & Pacific,High income,True
5511,New Zealand,NZL,1994,54.42,East Asia & Pacific,High income,True
5512,New Zealand,NZL,1995,55.188,East Asia & Pacific,High income,True
5513,New Zealand,NZL,1996,56.512,East Asia & Pacific,High income,True
5514,New Zealand,NZL,1997,56.404,East Asia & Pacific,High income,True
5515,New Zealand,NZL,1998,56.304,East Asia & Pacific,High income,True
5516,New Zealand,NZL,1999,56.624,East Asia & Pacific,High income,True
5517,New Zealand,NZL,2000,56.721,East Asia & Pacific,High income,True
5518,New Zealand,NZL,2001,57.605,East Asia & Pacific,High income,True
5519,New Zealand,NZL,2002,58.305,East Asia & Pacific,High income,True
5520,New Zealand,NZL,2003,58.614,East Asia & Pacific,High income,True
5521,New Zealand,NZL,2004,59.107,East Asia & Pacific,High income,True
5522,New Zealand,NZL,2005,60.095,East Asia & Pacific,High income,True
5523,New Zealand,NZL,2006,60.655,East Asia & Pacific,High income,True
5524,New Zealand,NZL,2007,61.148,East Asia & Pacific,High income,True
5525,New Zealand,NZL,2008,61.45,East Asia & Pacific,High income,True
5526,New Zealand,NZL,2009,61.519,East Asia & Pacific,High income,True
5527,New Zealand,NZL,2010,61.387,East Asia & Pacific,High income,True
5528,New Zealand,NZL,2011,61.873,East Asia & Pacific,High income,True
5529,New Zealand,NZL,2012,62.023,East Asia & Pacific,High income,True
5530,New Zealand,NZL,2013,61.923,East Asia & Pacific,High income,True
5531,New Zealand,NZL,2014,62.829,East Asia & Pacific,High income,True
5532,New Zealand,NZL,2015,62.855,East Asia & Pacific,High income,True
5533,New Zealand,NZL,2016,64.048,East Asia & Pacific,High income,True
5534,New Zealand,NZL,2017,64.928,East Asia & Pacific,High income,True
5535,New Zealand,NZL,2018,65.221,East Asia & Pacific,High income,True
5536,New Zealand,NZL,2019,65.314,East Asia & Pacific,High income,True
5537,New Zealand,NZL,2020,64.693,East Asia & Pacific,High income,True
5538,New Zealand,NZL,2021,65.596,East Asia & Pacific,High income,True
5539,New Zealand,NZL,2022,66.366,East Asia & Pacific,High income,True
5540,New Zealand,NZL,2023,66.922,East Asia & Pacific,High income,True
5541,New Zealand,NZL,2024,66.255,East Asia & Pacific,High income,True
5542,New Zealand,NZL,2025,66.077,East Asia & Pacific,High income,True
5543,Nicaragua,NIC,1990,33.026,Latin America & Caribbean,Lower middle income,True
5544,Nicaragua,NIC,1991,32.942,Latin America & Caribbean,Lower middle income,True
5545,Nicaragua,NIC,1992,32.909,Latin America & Caribbean,Lower middle income,True
5546,Nicaragua,NIC,1993,32.839,Latin America & Caribbean,Lower middle income,True
5547,Nicaragua,NIC,1994,33.025,Latin America & Caribbean,Lower middle income,True
5548,Nicaragua,NIC,1995,33.388,Latin America & Caribbean,Lower middle income,True
5549,Nicaragua,NIC,1996,33.694,Latin America & Caribbean,Lower middle income,True
5550,Nicaragua,NIC,1997,33.963,Latin America & Caribbean,Lower middle income,True
5551,Nicaragua,NIC,1998,34.241,Latin America & Caribbean,Lower middle income,True
5552,Nicaragua,NIC,1999,35.058,Latin America & Caribbean,Lower middle income,True
5553,Nicaragua,NIC,2000,35.885,Latin America & Caribbean,Lower middle income,True
5554,Nicaragua,NIC,2001,36.72,Latin America & Caribbean,Lower middle income,True
5555,Nicaragua,NIC,2002,37.562,Latin America & Caribbean,Lower middle income,True
5556,Nicaragua,NIC,2003,38.409,Latin America & Caribbean,Lower middle income,True
5557,Nicaragua,NIC,2004,39.261,Latin America & Caribbean,Lower middle income,True
5558,Nicaragua,NIC,2005,40.118,Latin America & Caribbean,Lower middle income,True
5559,Nicaragua,NIC,2006,40.979,Latin America & Caribbean,Lower middle income,True
5560,Nicaragua,NIC,2007,41.843,Latin America & Caribbean,Lower middle income,True
5561,Nicaragua,NIC,2008,42.708,Latin America & Caribbean,Lower middle income,True
5562,Nicaragua,NIC,2009,43.576,Latin America & Caribbean,Lower middle income,True
5563,Nicaragua,NIC,2010,44.445,Latin America & Caribbean,Lower middle income,True
5564,Nicaragua,NIC,2011,45.316,Latin America & Caribbean,Lower middle income,True
5565,Nicaragua,NIC,2012,46.189,Latin America & Caribbean,Lower middle income,True
5566,Nicaragua,NIC,2013,47.063,Latin America & Caribbean,Lower middle income,True
5567,Nicaragua,NIC,2014,47.937,Latin America & Caribbean,Lower middle income,True
5568,Nicaragua,NIC,2015,48.342,Latin America & Caribbean,Lower middle income,True
5569,Nicaragua,NIC,2016,48.728,Latin America & Caribbean,Lower middle income,True
5570,Nicaragua,NIC,2017,49.116,Latin America & Caribbean,Lower middle income,True
5571,Nicaragua,NIC,2018,48.852,Latin America & Caribbean,Lower middle income,True
5572,Nicaragua,NIC,2019,48.634,Latin America & Caribbean,Lower middle income,True
5573,Nicaragua,NIC,2020,48.119,Latin America & Caribbean,Lower middle income,True
5574,Nicaragua,NIC,2021,49.078,Latin America & Caribbean,Lower middle income,True
5575,Nicaragua,NIC,2022,50.144,Latin America & Caribbean,Lower middle income,True
5576,Nicaragua,NIC,2023,50.728,Latin America & Caribbean,Lower middle income,True
5577,Nicaragua,NIC,2024,51.082,Latin America & Caribbean,Lower middle income,True
5578,Nicaragua,NIC,2025,51.253,Latin America & Caribbean,Lower middle income,True
5579,Niger,NER,1990,69.238,Sub-Saharan Africa,Low income,True
5580,Niger,NER,1991,69.231,Sub-Saharan Africa,Low income,True
5581,Niger,NER,1992,69.223,Sub-Saharan Africa,Low income,True
5582,Niger,NER,1993,69.215,Sub-Saharan Africa,Low income,True
5583,Niger,NER,1994,69.206,Sub-Saharan Africa,Low income,True
5584,Niger,NER,1995,69.194,Sub-Saharan Africa,Low income,True
5585,Niger,NER,1996,69.174,Sub-Saharan Africa,Low income,True
5586,Niger,NER,1997,69.141,Sub-Saharan Africa,Low income,True
5587,Niger,NER,1998,69.102,Sub-Saharan Africa,Low income,True
5588,Niger,NER,1999,69.057,Sub-Saharan Africa,Low income,True
5589,Niger,NER,2000,69.009,Sub-Saharan Africa,Low income,True
5590,Niger,NER,2001,68.958,Sub-Saharan Africa,Low income,True
5591,Niger,NER,2002,68.906,Sub-Saharan Africa,Low income,True
5592,Niger,NER,2003,68.852,Sub-Saharan Africa,Low income,True
5593,Niger,NER,2004,68.798,Sub-Saharan Africa,Low income,True
5594,Niger,NER,2005,68.746,Sub-Saharan Africa,Low income,True
5595,Niger,NER,2006,68.697,Sub-Saharan Africa,Low income,True
5596,Niger,NER,2007,68.652,Sub-Saharan Africa,Low income,True
5597,Niger,NER,2008,68.612,Sub-Saharan Africa,Low income,True
5598,Niger,NER,2009,68.578,Sub-Saharan Africa,Low income,True
5599,Niger,NER,2010,68.551,Sub-Saharan Africa,Low income,True
5600,Niger,NER,2011,68.533,Sub-Saharan Africa,Low income,True
5601,Niger,NER,2012,66.419,Sub-Saharan Africa,Low income,True
5602,Niger,NER,2013,64.262,Sub-Saharan Africa,Low income,True
5603,Niger,NER,2014,62.074,Sub-Saharan Africa,Low income,True
5604,Niger,NER,2015,61.705,Sub-Saharan Africa,Low income,True
5605,Niger,NER,2016,61.334,Sub-Saharan Africa,Low income,True
5606,Niger,NER,2017,60.962,Sub-Saharan Africa,Low income,True
5607,Niger,NER,2018,60.589,Sub-Saharan Africa,Low income,True
5608,Niger,NER,2019,60.214,Sub-Saharan Africa,Low income,True
5609,Niger,NER,2020,63.669,Sub-Saharan Africa,Low income,True
5610,Niger,NER,2021,67.799,Sub-Saharan Africa,Low income,True
5611,Niger,NER,2022,72.608,Sub-Saharan Africa,Low income,True
5612,Niger,NER,2023,72.501,Sub-Saharan Africa,Low income,True
5613,Niger,NER,2024,72.787,Sub-Saharan Africa,Low income,True
5614,Niger,NER,2025,72.776,Sub-Saharan Africa,Low income,True
5615,Nigeria,NGA,1990,74.633,Sub-Saharan Africa,Lower middle income,True
5616,Nigeria,NGA,1991,75.406,Sub-Saharan Africa,Lower middle income,True
5617,Nigeria,NGA,1992,76.264,Sub-Saharan Africa,Lower middle income,True
5618,Nigeria,NGA,1993,76.759,Sub-Saharan Africa,Lower middle income,True
5619,Nigeria,NGA,1994,77.541,Sub-Saharan Africa,Lower middle income,True
5620,Nigeria,NGA,1995,77.721,Sub-Saharan Africa,Lower middle income,True
5621,Nigeria,NGA,1996,77.554,Sub-Saharan Africa,Lower middle income,True
5622,Nigeria,NGA,1997,77.624,Sub-Saharan Africa,Lower middle income,True
5623,Nigeria,NGA,1998,77.553,Sub-Saharan Africa,Lower middle income,True
5624,Nigeria,NGA,1999,77.628,Sub-Saharan Africa,Lower middle income,True
5625,Nigeria,NGA,2000,77.553,Sub-Saharan Africa,Lower middle income,True
5626,Nigeria,NGA,2001,77.4,Sub-Saharan Africa,Lower middle income,True
5627,Nigeria,NGA,2002,77.38,Sub-Saharan Africa,Lower middle income,True
5628,Nigeria,NGA,2003,77.134,Sub-Saharan Africa,Lower middle income,True
5629,Nigeria,NGA,2004,76.993,Sub-Saharan Africa,Lower middle income,True
5630,Nigeria,NGA,2005,76.755,Sub-Saharan Africa,Lower middle income,True
5631,Nigeria,NGA,2006,76.729,Sub-Saharan Africa,Lower middle income,True
5632,Nigeria,NGA,2007,76.71,Sub-Saharan Africa,Lower middle income,True
5633,Nigeria,NGA,2008,76.59,Sub-Saharan Africa,Lower middle income,True
5634,Nigeria,NGA,2009,76.452,Sub-Saharan Africa,Lower middle income,True
5635,Nigeria,NGA,2010,76.357,Sub-Saharan Africa,Lower middle income,True
5636,Nigeria,NGA,2011,75.937,Sub-Saharan Africa,Lower middle income,True
5637,Nigeria,NGA,2012,75.916,Sub-Saharan Africa,Lower middle income,True
5638,Nigeria,NGA,2013,75.766,Sub-Saharan Africa,Lower middle income,True
5639,Nigeria,NGA,2014,75.662,Sub-Saharan Africa,Lower middle income,True
5640,Nigeria,NGA,2015,75.759,Sub-Saharan Africa,Lower middle income,True
5641,Nigeria,NGA,2016,75.887,Sub-Saharan Africa,Lower middle income,True
5642,Nigeria,NGA,2017,76.156,Sub-Saharan Africa,Lower middle income,True
5643,Nigeria,NGA,2018,76.355,Sub-Saharan Africa,Lower middle income,True
5644,Nigeria,NGA,2019,76.597,Sub-Saharan Africa,Lower middle income,True
5645,Nigeria,NGA,2020,74.894,Sub-Saharan Africa,Lower middle income,True
5646,Nigeria,NGA,2021,75.893,Sub-Saharan Africa,Lower middle income,True
5647,Nigeria,NGA,2022,76.927,Sub-Saharan Africa,Lower middle income,True
5648,Nigeria,NGA,2023,80.693,Sub-Saharan Africa,Lower middle income,True
5649,Nigeria,NGA,2024,80.714,Sub-Saharan Africa,Lower middle income,True
5650,Nigeria,NGA,2025,80.7,Sub-Saharan Africa,Lower middle income,True
5651,North America,NAC,1990,56.1862867537897,,,False
5652,North America,NAC,1991,56.0719919235663,,,False
5653,North America,NAC,1992,56.3894312200052,,,False
5654,North America,NAC,1993,56.4637301648831,,,False
5655,North America,NAC,1994,57.2959329764565,,,False
5656,North America,NAC,1995,57.4988749637096,,,False
5657,North America,NAC,1996,57.7468426494078,,,False
5658,North America,NAC,1997,58.2679386362632,,,False
5659,North America,NAC,1998,58.3144978799426,,,False
5660,North America,NAC,1999,58.5158631699452,,,False
5661,North America,NAC,2000,58.6806935932721,,,False
5662,North America,NAC,2001,58.5670668477628,,,False
5663,North America,NAC,2002,58.533833492237,,,False
5664,North America,NAC,2003,58.5229421096571,,,False
5665,North America,NAC,2004,58.2838759830355,,,False
5666,North America,NAC,2005,58.3402302099645,,,False
5667,North America,NAC,2006,58.4776774086978,,,False
5668,North America,NAC,2007,58.4621187972776,,,False
5669,North America,NAC,2008,58.6623801959501,,,False
5670,North America,NAC,2009,58.4481635061753,,,False
5671,North America,NAC,2010,57.9646789522129,,,False
5672,North America,NAC,2011,57.4782081290617,,,False
5673,North America,NAC,2012,57.2915889539626,,,False
5674,North America,NAC,2013,56.9292022571024,,,False
5675,North America,NAC,2014,56.7186003662731,,,False
5676,North America,NAC,2015,56.461722458007,,,False
5677,North America,NAC,2016,56.5943264847355,,,False
5678,North America,NAC,2017,56.8852455392197,,,False
5679,North America,NAC,2018,56.945456268338,,,False
5680,North America,NAC,2019,57.3346190905226,,,False
5681,North America,NAC,2020,56.0969850719424,,,False
5682,North America,NAC,2021,56.1680348764287,,,False
5683,North America,NAC,2022,56.5727040709734,,,False
5684,North America,NAC,2023,57.1012024397245,,,False
5685,North America,NAC,2024,56.9928558511121,,,False
5686,North America,NAC,2025,56.7768856230594,,,False
5687,North Macedonia,MKD,1990,45.469,Europe & Central Asia,Upper middle income,True
5688,North Macedonia,MKD,1991,45.666,Europe & Central Asia,Upper middle income,True
5689,North Macedonia,MKD,1992,44.866,Europe & Central Asia,Upper middle income,True
5690,North Macedonia,MKD,1993,44.089,Europe & Central Asia,Upper middle income,True
5691,North Macedonia,MKD,1994,43.369,Europe & Central Asia,Upper middle income,True
5692,North Macedonia,MKD,1995,42.736,Europe & Central Asia,Upper middle income,True
5693,North Macedonia,MKD,1996,42.15,Europe & Central Asia,Upper middle income,True
5694,North Macedonia,MKD,1997,41.528,Europe & Central Asia,Upper middle income,True
5695,North Macedonia,MKD,1998,40.89,Europe & Central Asia,Upper middle income,True
5696,North Macedonia,MKD,1999,40.275,Europe & Central Asia,Upper middle income,True
5697,North Macedonia,MKD,2000,40.873,Europe & Central Asia,Upper middle income,True
5698,North Macedonia,MKD,2001,41.163,Europe & Central Asia,Upper middle income,True
5699,North Macedonia,MKD,2002,41.436,Europe & Central Asia,Upper middle income,True
5700,North Macedonia,MKD,2003,42.44,Europe & Central Asia,Upper middle income,True
5701,North Macedonia,MKD,2004,42.49,Europe & Central Asia,Upper middle income,True
5702,North Macedonia,MKD,2005,42.567,Europe & Central Asia,Upper middle income,True
5703,North Macedonia,MKD,2006,41.555,Europe & Central Asia,Upper middle income,True
5704,North Macedonia,MKD,2007,42.73,Europe & Central Asia,Upper middle income,True
5705,North Macedonia,MKD,2008,42.32,Europe & Central Asia,Upper middle income,True
5706,North Macedonia,MKD,2009,42.205,Europe & Central Asia,Upper middle income,True
5707,North Macedonia,MKD,2010,40.714,Europe & Central Asia,Upper middle income,True
5708,North Macedonia,MKD,2011,42.815,Europe & Central Asia,Upper middle income,True
5709,North Macedonia,MKD,2012,42.408,Europe & Central Asia,Upper middle income,True
5710,North Macedonia,MKD,2013,43.551,Europe & Central Asia,Upper middle income,True
5711,North Macedonia,MKD,2014,42.995,Europe & Central Asia,Upper middle income,True
5712,North Macedonia,MKD,2015,42.307,Europe & Central Asia,Upper middle income,True
5713,North Macedonia,MKD,2016,41.114,Europe & Central Asia,Upper middle income,True
5714,North Macedonia,MKD,2017,41.241,Europe & Central Asia,Upper middle income,True
5715,North Macedonia,MKD,2018,41.277,Europe & Central Asia,Upper middle income,True
5716,North Macedonia,MKD,2019,42.856,Europe & Central Asia,Upper middle income,True
5717,North Macedonia,MKD,2020,41.861,Europe & Central Asia,Upper middle income,True
5718,North Macedonia,MKD,2021,40.931,Europe & Central Asia,Upper middle income,True
5719,North Macedonia,MKD,2022,42.206,Europe & Central Asia,Upper middle income,True
5720,North Macedonia,MKD,2023,42.158,Europe & Central Asia,Upper middle income,True
5721,North Macedonia,MKD,2024,42.884,Europe & Central Asia,Upper middle income,True
5722,North Macedonia,MKD,2025,42.742,Europe & Central Asia,Upper middle income,True
5723,Norway,NOR,1990,52.775,Europe & Central Asia,High income,True
5724,Norway,NOR,1991,53.287,Europe & Central Asia,High income,True
5725,Norway,NOR,1992,53.797,Europe & Central Asia,High income,True
5726,Norway,NOR,1993,54.486,Europe & Central Asia,High income,True
5727,Norway,NOR,1994,55.448,Europe & Central Asia,High income,True
5728,Norway,NOR,1995,56.185,Europe & Central Asia,High income,True
5729,Norway,NOR,1996,57.433,Europe & Central Asia,High income,True
5730,Norway,NOR,1997,58.543,Europe & Central Asia,High income,True
5731,Norway,NOR,1998,59.561,Europe & Central Asia,High income,True
5732,Norway,NOR,1999,60.578,Europe & Central Asia,High income,True
5733,Norway,NOR,2000,61.266,Europe & Central Asia,High income,True
5734,Norway,NOR,2001,61.699,Europe & Central Asia,High income,True
5735,Norway,NOR,2002,62.262,Europe & Central Asia,High income,True
5736,Norway,NOR,2003,62.565,Europe & Central Asia,High income,True
5737,Norway,NOR,2004,63.079,Europe & Central Asia,High income,True
5738,Norway,NOR,2005,63.318,Europe & Central Asia,High income,True
5739,Norway,NOR,2006,64.012,Europe & Central Asia,High income,True
5740,Norway,NOR,2007,64.497,Europe & Central Asia,High income,True
5741,Norway,NOR,2008,64.55,Europe & Central Asia,High income,True
5742,Norway,NOR,2009,64.319,Europe & Central Asia,High income,True
5743,Norway,NOR,2010,63.773,Europe & Central Asia,High income,True
5744,Norway,NOR,2011,63.764,Europe & Central Asia,High income,True
5745,Norway,NOR,2012,63.542,Europe & Central Asia,High income,True
5746,Norway,NOR,2013,63.593,Europe & Central Asia,High income,True
5747,Norway,NOR,2014,63.176,Europe & Central Asia,High income,True
5748,Norway,NOR,2015,63.205,Europe & Central Asia,High income,True
5749,Norway,NOR,2016,62.972,Europe & Central Asia,High income,True
5750,Norway,NOR,2017,62.638,Europe & Central Asia,High income,True
5751,Norway,NOR,2018,62.625,Europe & Central Asia,High income,True
5752,Norway,NOR,2019,62.64,Europe & Central Asia,High income,True
5753,Norway,NOR,2020,62.481,Europe & Central Asia,High income,True
5754,Norway,NOR,2021,62.182,Europe & Central Asia,High income,True
5755,Norway,NOR,2022,62.358,Europe & Central Asia,High income,True
5756,Norway,NOR,2023,62.371,Europe & Central Asia,High income,True
5757,Norway,NOR,2024,62.292,Europe & Central Asia,High income,True
5758,Norway,NOR,2025,62.086,Europe & Central Asia,High income,True
5759,OECD members,OED,1990,47.9595183196997,,,False
5760,OECD members,OED,1991,48.2399671570548,,,False
5761,OECD members,OED,1992,48.2523847957765,,,False
5762,OECD members,OED,1993,47.9888129939627,,,False
5763,OECD members,OED,1994,48.5210013422311,,,False
5764,OECD members,OED,1995,48.6653416504076,,,False
5765,OECD members,OED,1996,48.8747034421276,,,False
5766,OECD members,OED,1997,49.1992969916701,,,False
5767,OECD members,OED,1998,49.1899318140606,,,False
5768,OECD members,OED,1999,49.3569748735848,,,False
5769,OECD members,OED,2000,49.381655817563,,,False
5770,OECD members,OED,2001,49.363948780277,,,False
5771,OECD members,OED,2002,49.4857743775918,,,False
5772,OECD members,OED,2003,49.6357078545297,,,False
5773,OECD members,OED,2004,49.6147230679924,,,False
5774,OECD members,OED,2005,49.8874424082201,,,False
5775,OECD members,OED,2006,50.2146764243636,,,False
5776,OECD members,OED,2007,50.3177641498912,,,False
5777,OECD members,OED,2008,50.5463963904041,,,False
5778,OECD members,OED,2009,50.8028014912121,,,False
5779,OECD members,OED,2010,50.8159043947169,,,False
5780,OECD members,OED,2011,50.9160417127815,,,False
5781,OECD members,OED,2012,51.1988080389388,,,False
5782,OECD members,OED,2013,51.2967451813912,,,False
5783,OECD members,OED,2014,51.2710104917525,,,False
5784,OECD members,OED,2015,51.3684447229093,,,False
5785,OECD members,OED,2016,51.6219045432148,,,False
5786,OECD members,OED,2017,51.897155721065,,,False
5787,OECD members,OED,2018,52.1711421611228,,,False
5788,OECD members,OED,2019,52.5649984561221,,,False
5789,OECD members,OED,2020,51.272101730968,,,False
5790,OECD members,OED,2021,51.9818987132535,,,False
5791,OECD members,OED,2022,52.6616946928747,,,False
5792,OECD members,OED,2023,53.245552945382,,,False
5793,OECD members,OED,2024,53.3916911473839,,,False
5794,OECD members,OED,2025,53.2803059924301,,,False
5795,Oman,OMN,1990,22.864,Middle East & North Africa,High income,True
5796,Oman,OMN,1991,23.01,Middle East & North Africa,High income,True
5797,Oman,OMN,1992,23.09,Middle East & North Africa,High income,True
5798,Oman,OMN,1993,23.228,Middle East & North Africa,High income,True
5799,Oman,OMN,1994,23.337,Middle East & North Africa,High income,True
5800,Oman,OMN,1995,23.34,Middle East & North Africa,High income,True
5801,Oman,OMN,1996,23.431,Middle East & North Africa,High income,True
5802,Oman,OMN,1997,23.445,Middle East & North Africa,High income,True
5803,Oman,OMN,1998,23.675,Middle East & North Africa,High income,True
5804,Oman,OMN,1999,23.896,Middle East & North Africa,High income,True
5805,Oman,OMN,2000,23.917,Middle East & North Africa,High income,True
5806,Oman,OMN,2001,23.987,Middle East & North Africa,High income,True
5807,Oman,OMN,2002,24.261,Middle East & North Africa,High income,True
5808,Oman,OMN,2003,24.597,Middle East & North Africa,High income,True
5809,Oman,OMN,2004,24.75,Middle East & North Africa,High income,True
5810,Oman,OMN,2005,24.907,Middle East & North Africa,High income,True
5811,Oman,OMN,2006,25.111,Middle East & North Africa,High income,True
5812,Oman,OMN,2007,25.373,Middle East & North Africa,High income,True
5813,Oman,OMN,2008,25.695,Middle East & North Africa,High income,True
5814,Oman,OMN,2009,26.081,Middle East & North Africa,High income,True
5815,Oman,OMN,2010,26.53,Middle East & North Africa,High income,True
5816,Oman,OMN,2011,27.045,Middle East & North Africa,High income,True
5817,Oman,OMN,2012,27.61,Middle East & North Africa,High income,True
5818,Oman,OMN,2013,28.245,Middle East & North Africa,High income,True
5819,Oman,OMN,2014,28.935,Middle East & North Africa,High income,True
5820,Oman,OMN,2015,29.621,Middle East & North Africa,High income,True
5821,Oman,OMN,2016,30.269,Middle East & North Africa,High income,True
5822,Oman,OMN,2017,30.484,Middle East & North Africa,High income,True
5823,Oman,OMN,2018,30.37,Middle East & North Africa,High income,True
5824,Oman,OMN,2019,30.19,Middle East & North Africa,High income,True
5825,Oman,OMN,2020,29.074,Middle East & North Africa,High income,True
5826,Oman,OMN,2021,29.564,Middle East & North Africa,High income,True
5827,Oman,OMN,2022,30.795,Middle East & North Africa,High income,True
5828,Oman,OMN,2023,30.321,Middle East & North Africa,High income,True
5829,Oman,OMN,2024,30.061,Middle East & North Africa,High income,True
5830,Oman,OMN,2025,29.958,Middle East & North Africa,High income,True
5831,Other small states,OSS,1990,45.8514878914631,,,False
5832,Other small states,OSS,1991,45.4298029359378,,,False
5833,Other small states,OSS,1992,45.0085099655351,,,False
5834,Other small states,OSS,1993,44.9255726905305,,,False
5835,Other small states,OSS,1994,45.0068456448026,,,False
5836,Other small states,OSS,1995,45.0005016583116,,,False
5837,Other small states,OSS,1996,45.0394524482429,,,False
5838,Other small states,OSS,1997,45.2924531574601,,,False
5839,Other small states,OSS,1998,45.2103319496711,,,False
5840,Other small states,OSS,1999,45.2324194751663,,,False
5841,Other small states,OSS,2000,45.2003492433775,,,False
5842,Other small states,OSS,2001,45.1287557190011,,,False
5843,Other small states,OSS,2002,45.3961089539321,,,False
5844,Other small states,OSS,2003,46.2737759897232,,,False
5845,Other small states,OSS,2004,46.1618818069205,,,False
5846,Other small states,OSS,2005,46.5423349529559,,,False
5847,Other small states,OSS,2006,46.9686727479546,,,False
5848,Other small states,OSS,2007,46.9925225894421,,,False
5849,Other small states,OSS,2008,47.3280221878897,,,False
5850,Other small states,OSS,2009,47.4397892740433,,,False
5851,Other small states,OSS,2010,47.8373223211462,,,False
5852,Other small states,OSS,2011,47.7638324238647,,,False
5853,Other small states,OSS,2012,48.0201264708804,,,False
5854,Other small states,OSS,2013,48.1044108713912,,,False
5855,Other small states,OSS,2014,48.195512529116,,,False
5856,Other small states,OSS,2015,48.8277737174907,,,False
5857,Other small states,OSS,2016,48.8576442890041,,,False
5858,Other small states,OSS,2017,49.2448093744498,,,False
5859,Other small states,OSS,2018,49.4388064038304,,,False
5860,Other small states,OSS,2019,50.1267476289484,,,False
5861,Other small states,OSS,2020,49.1818850081748,,,False
5862,Other small states,OSS,2021,49.3857960198844,,,False
5863,Other small states,OSS,2022,50.1309929885938,,,False
5864,Other small states,OSS,2023,51.5329567666623,,,False
5865,Other small states,OSS,2024,51.4910398601972,,,False
5866,Other small states,OSS,2025,51.455740118567,,,False
5867,Pacific island small states,PSS,1990,51.0794425281327,,,False
5868,Pacific island small states,PSS,1991,51.4353211757422,,,False
5869,Pacific island small states,PSS,1992,51.6398498552144,,,False
5870,Pacific island small states,PSS,1993,51.9138332125955,,,False
5871,Pacific island small states,PSS,1994,52.1454984734908,,,False
5872,Pacific island small states,PSS,1995,52.2225750835448,,,False
5873,Pacific island small states,PSS,1996,52.3535988229565,,,False
5874,Pacific island small states,PSS,1997,52.3160345116101,,,False
5875,Pacific island small states,PSS,1998,52.2498776139937,,,False
5876,Pacific island small states,PSS,1999,52.2054335484392,,,False
5877,Pacific island small states,PSS,2000,52.2747273351442,,,False
5878,Pacific island small states,PSS,2001,52.3094874101084,,,False
5879,Pacific island small states,PSS,2002,52.3088771868623,,,False
5880,Pacific island small states,PSS,2003,52.1769282592158,,,False
5881,Pacific island small states,PSS,2004,52.0426254531083,,,False
5882,Pacific island small states,PSS,2005,51.4861468507068,,,False
5883,Pacific island small states,PSS,2006,52.4575568673532,,,False
5884,Pacific island small states,PSS,2007,53.0729424418451,,,False
5885,Pacific island small states,PSS,2008,53.6294446948372,,,False
5886,Pacific island small states,PSS,2009,54.197088224969,,,False
5887,Pacific island small states,PSS,2010,54.7130043398999,,,False
5888,Pacific island small states,PSS,2011,55.7291814946895,,,False
5889,Pacific island small states,PSS,2012,55.2139280525601,,,False
5890,Pacific island small states,PSS,2013,54.7026860643139,,,False
5891,Pacific island small states,PSS,2014,54.2577274025102,,,False
5892,Pacific island small states,PSS,2015,53.7542561061035,,,False
5893,Pacific island small states,PSS,2016,53.2376363399564,,,False
5894,Pacific island small states,PSS,2017,53.4464745127394,,,False
5895,Pacific island small states,PSS,2018,53.4872020772252,,,False
5896,Pacific island small states,PSS,2019,53.4991348089838,,,False
5897,Pacific island small states,PSS,2020,52.1253967670527,,,False
5898,Pacific island small states,PSS,2021,52.6959029087015,,,False
5899,Pacific island small states,PSS,2022,53.3098636591013,,,False
5900,Pacific island small states,PSS,2023,53.5905746382427,,,False
5901,Pacific island small states,PSS,2024,53.792523589903,,,False
5902,Pacific island small states,PSS,2025,53.8901749314895,,,False
5903,Pakistan,PAK,1990,11.195,Middle East & North Africa,Lower middle income,True
5904,Pakistan,PAK,1991,13.768,Middle East & North Africa,Lower middle income,True
5905,Pakistan,PAK,1992,13.795,Middle East & North Africa,Lower middle income,True
5906,Pakistan,PAK,1993,14.175,Middle East & North Africa,Lower middle income,True
5907,Pakistan,PAK,1994,14.476,Middle East & North Africa,Lower middle income,True
5908,Pakistan,PAK,1995,12.553,Middle East & North Africa,Lower middle income,True
5909,Pakistan,PAK,1996,13.706,Middle East & North Africa,Lower middle income,True
5910,Pakistan,PAK,1997,14.936,Middle East & North Africa,Lower middle income,True
5911,Pakistan,PAK,1998,15.245,Middle East & North Africa,Lower middle income,True
5912,Pakistan,PAK,1999,15.686,Middle East & North Africa,Lower middle income,True
5913,Pakistan,PAK,2000,16.13,Middle East & North Africa,Lower middle income,True
5914,Pakistan,PAK,2001,16.17,Middle East & North Africa,Lower middle income,True
5915,Pakistan,PAK,2002,16.224,Middle East & North Africa,Lower middle income,True
5916,Pakistan,PAK,2003,16.995,Middle East & North Africa,Lower middle income,True
5917,Pakistan,PAK,2004,17.777,Middle East & North Africa,Lower middle income,True
5918,Pakistan,PAK,2005,18.348,Middle East & North Africa,Lower middle income,True
5919,Pakistan,PAK,2006,18.947,Middle East & North Africa,Lower middle income,True
5920,Pakistan,PAK,2007,19.308,Middle East & North Africa,Lower middle income,True
5921,Pakistan,PAK,2008,19.851,Middle East & North Africa,Lower middle income,True
5922,Pakistan,PAK,2009,20.98,Middle East & North Africa,Lower middle income,True
5923,Pakistan,PAK,2010,22.036,Middle East & North Africa,Lower middle income,True
5924,Pakistan,PAK,2011,22.228,Middle East & North Africa,Lower middle income,True
5925,Pakistan,PAK,2012,22.508,Middle East & North Africa,Lower middle income,True
5926,Pakistan,PAK,2013,22.79,Middle East & North Africa,Lower middle income,True
5927,Pakistan,PAK,2014,22.987,Middle East & North Africa,Lower middle income,True
5928,Pakistan,PAK,2015,23.983,Middle East & North Africa,Lower middle income,True
5929,Pakistan,PAK,2016,23.162,Middle East & North Africa,Lower middle income,True
5930,Pakistan,PAK,2017,22.358,Middle East & North Africa,Lower middle income,True
5931,Pakistan,PAK,2018,21.571,Middle East & North Africa,Lower middle income,True
5932,Pakistan,PAK,2019,23.241,Middle East & North Africa,Lower middle income,True
5933,Pakistan,PAK,2020,23.406,Middle East & North Africa,Lower middle income,True
5934,Pakistan,PAK,2021,24.365,Middle East & North Africa,Lower middle income,True
5935,Pakistan,PAK,2022,24.027,Middle East & North Africa,Lower middle income,True
5936,Pakistan,PAK,2023,23.997,Middle East & North Africa,Lower middle income,True
5937,Pakistan,PAK,2024,23.989,Middle East & North Africa,Lower middle income,True
5938,Pakistan,PAK,2025,24.046,Middle East & North Africa,Lower middle income,True
5939,Panama,PAN,1990,32.404,Latin America & Caribbean,High income,True
5940,Panama,PAN,1991,37.691,Latin America & Caribbean,High income,True
5941,Panama,PAN,1992,38.659,Latin America & Caribbean,High income,True
5942,Panama,PAN,1993,39.627,Latin America & Caribbean,High income,True
5943,Panama,PAN,1994,40.446,Latin America & Caribbean,High income,True
5944,Panama,PAN,1995,41.434,Latin America & Caribbean,High income,True
5945,Panama,PAN,1996,41.898,Latin America & Caribbean,High income,True
5946,Panama,PAN,1997,42.378,Latin America & Caribbean,High income,True
5947,Panama,PAN,1998,44.198,Latin America & Caribbean,High income,True
5948,Panama,PAN,1999,44.074,Latin America & Caribbean,High income,True
5949,Panama,PAN,2000,44.853,Latin America & Caribbean,High income,True
5950,Panama,PAN,2001,45.634,Latin America & Caribbean,High income,True
5951,Panama,PAN,2002,46.414,Latin America & Caribbean,High income,True
5952,Panama,PAN,2003,46.927,Latin America & Caribbean,High income,True
5953,Panama,PAN,2004,47.255,Latin America & Caribbean,High income,True
5954,Panama,PAN,2005,47.954,Latin America & Caribbean,High income,True
5955,Panama,PAN,2006,46.8,Latin America & Caribbean,High income,True
5956,Panama,PAN,2007,47.576,Latin America & Caribbean,High income,True
5957,Panama,PAN,2008,48.586,Latin America & Caribbean,High income,True
5958,Panama,PAN,2009,47.013,Latin America & Caribbean,High income,True
5959,Panama,PAN,2010,48.359,Latin America & Caribbean,High income,True
5960,Panama,PAN,2011,46.159,Latin America & Caribbean,High income,True
5961,Panama,PAN,2012,48.671,Latin America & Caribbean,High income,True
5962,Panama,PAN,2013,50.208,Latin America & Caribbean,High income,True
5963,Panama,PAN,2014,50.661,Latin America & Caribbean,High income,True
5964,Panama,PAN,2015,51.485,Latin America & Caribbean,High income,True
5965,Panama,PAN,2016,52.16,Latin America & Caribbean,High income,True
5966,Panama,PAN,2017,52.246,Latin America & Caribbean,High income,True
5967,Panama,PAN,2018,54.501,Latin America & Caribbean,High income,True
5968,Panama,PAN,2019,56.345,Latin America & Caribbean,High income,True
5969,Panama,PAN,2020,55.932,Latin America & Caribbean,High income,True
5970,Panama,PAN,2021,48.894,Latin America & Caribbean,High income,True
5971,Panama,PAN,2022,52.137,Latin America & Caribbean,High income,True
5972,Panama,PAN,2023,52.694,Latin America & Caribbean,High income,True
5973,Panama,PAN,2024,54.832,Latin America & Caribbean,High income,True
5974,Panama,PAN,2025,54.936,Latin America & Caribbean,High income,True
5975,Papua New Guinea,PNG,1990,48.134,East Asia & Pacific,Lower middle income,True
5976,Papua New Guinea,PNG,1991,47.899,East Asia & Pacific,Lower middle income,True
5977,Papua New Guinea,PNG,1992,47.548,East Asia & Pacific,Lower middle income,True
5978,Papua New Guinea,PNG,1993,47.103,East Asia & Pacific,Lower middle income,True
5979,Papua New Guinea,PNG,1994,47.036,East Asia & Pacific,Lower middle income,True
5980,Papua New Guinea,PNG,1995,47.264,East Asia & Pacific,Lower middle income,True
5981,Papua New Guinea,PNG,1996,47.138,East Asia & Pacific,Lower middle income,True
5982,Papua New Guinea,PNG,1997,47.392,East Asia & Pacific,Lower middle income,True
5983,Papua New Guinea,PNG,1998,47.655,East Asia & Pacific,Lower middle income,True
5984,Papua New Guinea,PNG,1999,47.717,East Asia & Pacific,Lower middle income,True
5985,Papua New Guinea,PNG,2000,47.944,East Asia & Pacific,Lower middle income,True
5986,Papua New Guinea,PNG,2001,48.083,East Asia & Pacific,Lower middle income,True
5987,Papua New Guinea,PNG,2002,48.224,East Asia & Pacific,Lower middle income,True
5988,Papua New Guinea,PNG,2003,48.272,East Asia & Pacific,Lower middle income,True
5989,Papua New Guinea,PNG,2004,48.297,East Asia & Pacific,Lower middle income,True
5990,Papua New Guinea,PNG,2005,48.178,East Asia & Pacific,Lower middle income,True
5991,Papua New Guinea,PNG,2006,48.095,East Asia & Pacific,Lower middle income,True
5992,Papua New Guinea,PNG,2007,47.923,East Asia & Pacific,Lower middle income,True
5993,Papua New Guinea,PNG,2008,48.056,East Asia & Pacific,Lower middle income,True
5994,Papua New Guinea,PNG,2009,47.919,East Asia & Pacific,Lower middle income,True
5995,Papua New Guinea,PNG,2010,47.67,East Asia & Pacific,Lower middle income,True
5996,Papua New Guinea,PNG,2011,48.065,East Asia & Pacific,Lower middle income,True
5997,Papua New Guinea,PNG,2012,48.328,East Asia & Pacific,Lower middle income,True
5998,Papua New Guinea,PNG,2013,48.617,East Asia & Pacific,Lower middle income,True
5999,Papua New Guinea,PNG,2014,48.584,East Asia & Pacific,Lower middle income,True
6000,Papua New Guinea,PNG,2015,48.779,East Asia & Pacific,Lower middle income,True
6001,Papua New Guinea,PNG,2016,49.008,East Asia & Pacific,Lower middle income,True
6002,Papua New Guinea,PNG,2017,49.297,East Asia & Pacific,Lower middle income,True
6003,Papua New Guinea,PNG,2018,49.709,East Asia & Pacific,Lower middle income,True
6004,Papua New Guinea,PNG,2019,49.962,East Asia & Pacific,Lower middle income,True
6005,Papua New Guinea,PNG,2020,49.809,East Asia & Pacific,Lower middle income,True
6006,Papua New Guinea,PNG,2021,50.567,East Asia & Pacific,Lower middle income,True
6007,Papua New Guinea,PNG,2022,50.645,East Asia & Pacific,Lower middle income,True
6008,Papua New Guinea,PNG,2023,50.644,East Asia & Pacific,Lower middle income,True
6009,Papua New Guinea,PNG,2024,50.697,East Asia & Pacific,Lower middle income,True
6010,Papua New Guinea,PNG,2025,50.822,East Asia & Pacific,Lower middle income,True
6011,Paraguay,PRY,1990,51.305,Latin America & Caribbean,Upper middle income,True
6012,Paraguay,PRY,1991,51.201,Latin America & Caribbean,Upper middle income,True
6013,Paraguay,PRY,1992,50.964,Latin America & Caribbean,Upper middle income,True
6014,Paraguay,PRY,1993,51.198,Latin America & Caribbean,Upper middle income,True
6015,Paraguay,PRY,1994,51.534,Latin America & Caribbean,Upper middle income,True
6016,Paraguay,PRY,1995,52.094,Latin America & Caribbean,Upper middle income,True
6017,Paraguay,PRY,1996,52.069,Latin America & Caribbean,Upper middle income,True
6018,Paraguay,PRY,1997,52.407,Latin America & Caribbean,Upper middle income,True
6019,Paraguay,PRY,1998,52.264,Latin America & Caribbean,Upper middle income,True
6020,Paraguay,PRY,1999,51.985,Latin America & Caribbean,Upper middle income,True
6021,Paraguay,PRY,2000,51.653,Latin America & Caribbean,Upper middle income,True
6022,Paraguay,PRY,2001,51.598,Latin America & Caribbean,Upper middle income,True
6023,Paraguay,PRY,2002,51.724,Latin America & Caribbean,Upper middle income,True
6024,Paraguay,PRY,2003,51.514,Latin America & Caribbean,Upper middle income,True
6025,Paraguay,PRY,2004,56.882,Latin America & Caribbean,Upper middle income,True
6026,Paraguay,PRY,2005,55.653,Latin America & Caribbean,Upper middle income,True
6027,Paraguay,PRY,2006,50.993,Latin America & Caribbean,Upper middle income,True
6028,Paraguay,PRY,2007,54.017,Latin America & Caribbean,Upper middle income,True
6029,Paraguay,PRY,2008,53.755,Latin America & Caribbean,Upper middle income,True
6030,Paraguay,PRY,2009,55.126,Latin America & Caribbean,Upper middle income,True
6031,Paraguay,PRY,2010,53.036,Latin America & Caribbean,Upper middle income,True
6032,Paraguay,PRY,2011,54.453,Latin America & Caribbean,Upper middle income,True
6033,Paraguay,PRY,2012,59.861,Latin America & Caribbean,Upper middle income,True
6034,Paraguay,PRY,2013,57.676,Latin America & Caribbean,Upper middle income,True
6035,Paraguay,PRY,2014,54.388,Latin America & Caribbean,Upper middle income,True
6036,Paraguay,PRY,2015,54.827,Latin America & Caribbean,Upper middle income,True
6037,Paraguay,PRY,2016,56.466,Latin America & Caribbean,Upper middle income,True
6038,Paraguay,PRY,2017,57.843,Latin America & Caribbean,Upper middle income,True
6039,Paraguay,PRY,2018,59.414,Latin America & Caribbean,Upper middle income,True
6040,Paraguay,PRY,2019,60.256,Latin America & Caribbean,Upper middle income,True
6041,Paraguay,PRY,2020,57.105,Latin America & Caribbean,Upper middle income,True
6042,Paraguay,PRY,2021,59.85,Latin America & Caribbean,Upper middle income,True
6043,Paraguay,PRY,2022,58.986,Latin America & Caribbean,Upper middle income,True
6044,Paraguay,PRY,2023,58.994,Latin America & Caribbean,Upper middle income,True
6045,Paraguay,PRY,2024,58.944,Latin America & Caribbean,Upper middle income,True
6046,Paraguay,PRY,2025,59.011,Latin America & Caribbean,Upper middle income,True
6047,Peru,PER,1990,43.739,Latin America & Caribbean,Upper middle income,True
6048,Peru,PER,1991,43.703,Latin America & Caribbean,Upper middle income,True
6049,Peru,PER,1992,43.393,Latin America & Caribbean,Upper middle income,True
6050,Peru,PER,1993,44.734,Latin America & Caribbean,Upper middle income,True
6051,Peru,PER,1994,46.074,Latin America & Caribbean,Upper middle income,True
6052,Peru,PER,1995,49.1,Latin America & Caribbean,Upper middle income,True
6053,Peru,PER,1996,51.655,Latin America & Caribbean,Upper middle income,True
6054,Peru,PER,1997,54.186,Latin America & Caribbean,Upper middle income,True
6055,Peru,PER,1998,54.985,Latin America & Caribbean,Upper middle income,True
6056,Peru,PER,1999,57.65,Latin America & Caribbean,Upper middle income,True
6057,Peru,PER,2000,53.528,Latin America & Caribbean,Upper middle income,True
6058,Peru,PER,2001,58.578,Latin America & Caribbean,Upper middle income,True
6059,Peru,PER,2002,60.045,Latin America & Caribbean,Upper middle income,True
6060,Peru,PER,2003,61.491,Latin America & Caribbean,Upper middle income,True
6061,Peru,PER,2004,62.915,Latin America & Caribbean,Upper middle income,True
6062,Peru,PER,2005,64.315,Latin America & Caribbean,Upper middle income,True
6063,Peru,PER,2006,67.54,Latin America & Caribbean,Upper middle income,True
6064,Peru,PER,2007,70.087,Latin America & Caribbean,Upper middle income,True
6065,Peru,PER,2008,70.266,Latin America & Caribbean,Upper middle income,True
6066,Peru,PER,2009,70.561,Latin America & Caribbean,Upper middle income,True
6067,Peru,PER,2010,72.014,Latin America & Caribbean,Upper middle income,True
6068,Peru,PER,2011,71.205,Latin America & Caribbean,Upper middle income,True
6069,Peru,PER,2012,70.91,Latin America & Caribbean,Upper middle income,True
6070,Peru,PER,2013,70.2,Latin America & Caribbean,Upper middle income,True
6071,Peru,PER,2014,69.302,Latin America & Caribbean,Upper middle income,True
6072,Peru,PER,2015,67.657,Latin America & Caribbean,Upper middle income,True
6073,Peru,PER,2016,67.721,Latin America & Caribbean,Upper middle income,True
6074,Peru,PER,2017,69.388,Latin America & Caribbean,Upper middle income,True
6075,Peru,PER,2018,69.85,Latin America & Caribbean,Upper middle income,True
6076,Peru,PER,2019,70.044,Latin America & Caribbean,Upper middle income,True
6077,Peru,PER,2020,59.864,Latin America & Caribbean,Upper middle income,True
6078,Peru,PER,2021,64.845,Latin America & Caribbean,Upper middle income,True
6079,Peru,PER,2022,66.725,Latin America & Caribbean,Upper middle income,True
6080,Peru,PER,2023,65.083,Latin America & Caribbean,Upper middle income,True
6081,Peru,PER,2024,64.939,Latin America & Caribbean,Upper middle income,True
6082,Peru,PER,2025,65.044,Latin America & Caribbean,Upper middle income,True
6083,Philippines,PHL,1990,47.352,East Asia & Pacific,Upper middle income,True
6084,Philippines,PHL,1991,47.429,East Asia & Pacific,Upper middle income,True
6085,Philippines,PHL,1992,47.48,East Asia & Pacific,Upper middle income,True
6086,Philippines,PHL,1993,47.483,East Asia & Pacific,Upper middle income,True
6087,Philippines,PHL,1994,47.432,East Asia & Pacific,Upper middle income,True
6088,Philippines,PHL,1995,47.374,East Asia & Pacific,Upper middle income,True
6089,Philippines,PHL,1996,47.279,East Asia & Pacific,Upper middle income,True
6090,Philippines,PHL,1997,47.204,East Asia & Pacific,Upper middle income,True
6091,Philippines,PHL,1998,47.269,East Asia & Pacific,Upper middle income,True
6092,Philippines,PHL,1999,47.234,East Asia & Pacific,Upper middle income,True
6093,Philippines,PHL,2000,47.176,East Asia & Pacific,Upper middle income,True
6094,Philippines,PHL,2001,47.148,East Asia & Pacific,Upper middle income,True
6095,Philippines,PHL,2002,47.108,East Asia & Pacific,Upper middle income,True
6096,Philippines,PHL,2003,47.034,East Asia & Pacific,Upper middle income,True
6097,Philippines,PHL,2004,46.711,East Asia & Pacific,Upper middle income,True
6098,Philippines,PHL,2005,47.449,East Asia & Pacific,Upper middle income,True
6099,Philippines,PHL,2006,47.6,East Asia & Pacific,Upper middle income,True
6100,Philippines,PHL,2007,47.605,East Asia & Pacific,Upper middle income,True
6101,Philippines,PHL,2008,47.063,East Asia & Pacific,Upper middle income,True
6102,Philippines,PHL,2009,47.866,East Asia & Pacific,Upper middle income,True
6103,Philippines,PHL,2010,48.119,East Asia & Pacific,Upper middle income,True
6104,Philippines,PHL,2011,48.935,East Asia & Pacific,Upper middle income,True
6105,Philippines,PHL,2012,48.459,East Asia & Pacific,Upper middle income,True
6106,Philippines,PHL,2013,48.338,East Asia & Pacific,Upper middle income,True
6107,Philippines,PHL,2014,49.121,East Asia & Pacific,Upper middle income,True
6108,Philippines,PHL,2015,48.67,East Asia & Pacific,Upper middle income,True
6109,Philippines,PHL,2016,48.19,East Asia & Pacific,Upper middle income,True
6110,Philippines,PHL,2017,45.045,East Asia & Pacific,Upper middle income,True
6111,Philippines,PHL,2018,45.532,East Asia & Pacific,Upper middle income,True
6112,Philippines,PHL,2019,46.566,East Asia & Pacific,Upper middle income,True
6113,Philippines,PHL,2020,42.675,East Asia & Pacific,Upper middle income,True
6114,Philippines,PHL,2021,44.203,East Asia & Pacific,Upper middle income,True
6115,Philippines,PHL,2022,50.38,East Asia & Pacific,Upper middle income,True
6116,Philippines,PHL,2023,50.445,East Asia & Pacific,Upper middle income,True
6117,Philippines,PHL,2024,50.511,East Asia & Pacific,Upper middle income,True
6118,Philippines,PHL,2025,50.489,East Asia & Pacific,Upper middle income,True
6119,Poland,POL,1990,53.509,Europe & Central Asia,High income,True
6120,Poland,POL,1991,53.616,Europe & Central Asia,High income,True
6121,Poland,POL,1992,53.346,Europe & Central Asia,High income,True
6122,Poland,POL,1993,52.826,Europe & Central Asia,High income,True
6123,Poland,POL,1994,52.502,Europe & Central Asia,High income,True
6124,Poland,POL,1995,51.458,Europe & Central Asia,High income,True
6125,Poland,POL,1996,50.86,Europe & Central Asia,High income,True
6126,Poland,POL,1997,49.805,Europe & Central Asia,High income,True
6127,Poland,POL,1998,49.533,Europe & Central Asia,High income,True
6128,Poland,POL,1999,49.181,Europe & Central Asia,High income,True
6129,Poland,POL,2000,48.629,Europe & Central Asia,High income,True
6130,Poland,POL,2001,49.542,Europe & Central Asia,High income,True
6131,Poland,POL,2002,48.686,Europe & Central Asia,High income,True
6132,Poland,POL,2003,48.245,Europe & Central Asia,High income,True
6133,Poland,POL,2004,47.719,Europe & Central Asia,High income,True
6134,Poland,POL,2005,47.653,Europe & Central Asia,High income,True
6135,Poland,POL,2006,46.917,Europe & Central Asia,High income,True
6136,Poland,POL,2007,46.706,Europe & Central Asia,High income,True
6137,Poland,POL,2008,47.117,Europe & Central Asia,High income,True
6138,Poland,POL,2009,47.813,Europe & Central Asia,High income,True
6139,Poland,POL,2010,48.879,Europe & Central Asia,High income,True
6140,Poland,POL,2011,48.967,Europe & Central Asia,High income,True
6141,Poland,POL,2012,49.354,Europe & Central Asia,High income,True
6142,Poland,POL,2013,49.227,Europe & Central Asia,High income,True
6143,Poland,POL,2014,49.534,Europe & Central Asia,High income,True
6144,Poland,POL,2015,49.527,Europe & Central Asia,High income,True
6145,Poland,POL,2016,49.64,Europe & Central Asia,High income,True
6146,Poland,POL,2017,49.757,Europe & Central Asia,High income,True
6147,Poland,POL,2018,49.857,Europe & Central Asia,High income,True
6148,Poland,POL,2019,49.596,Europe & Central Asia,High income,True
6149,Poland,POL,2020,49.333,Europe & Central Asia,High income,True
6150,Poland,POL,2021,50.969,Europe & Central Asia,High income,True
6151,Poland,POL,2022,51.594,Europe & Central Asia,High income,True
6152,Poland,POL,2023,52.209,Europe & Central Asia,High income,True
6153,Poland,POL,2024,51.913,Europe & Central Asia,High income,True
6154,Poland,POL,2025,51.612,Europe & Central Asia,High income,True
6155,Portugal,PRT,1990,48.05,Europe & Central Asia,High income,True
6156,Portugal,PRT,1991,50.134,Europe & Central Asia,High income,True
6157,Portugal,PRT,1992,48.598,Europe & Central Asia,High income,True
6158,Portugal,PRT,1993,48.803,Europe & Central Asia,High income,True
6159,Portugal,PRT,1994,49.148,Europe & Central Asia,High income,True
6160,Portugal,PRT,1995,49.08,Europe & Central Asia,High income,True
6161,Portugal,PRT,1996,49.536,Europe & Central Asia,High income,True
6162,Portugal,PRT,1997,50.474,Europe & Central Asia,High income,True
6163,Portugal,PRT,1998,51.886,Europe & Central Asia,High income,True
6164,Portugal,PRT,1999,52.28,Europe & Central Asia,High income,True
6165,Portugal,PRT,2000,52.728,Europe & Central Asia,High income,True
6166,Portugal,PRT,2001,53.478,Europe & Central Asia,High income,True
6167,Portugal,PRT,2002,54.08,Europe & Central Asia,High income,True
6168,Portugal,PRT,2003,54.783,Europe & Central Asia,High income,True
6169,Portugal,PRT,2004,54.28,Europe & Central Asia,High income,True
6170,Portugal,PRT,2005,55.269,Europe & Central Asia,High income,True
6171,Portugal,PRT,2006,55.517,Europe & Central Asia,High income,True
6172,Portugal,PRT,2007,55.919,Europe & Central Asia,High income,True
6173,Portugal,PRT,2008,55.787,Europe & Central Asia,High income,True
6174,Portugal,PRT,2009,55.59,Europe & Central Asia,High income,True
6175,Portugal,PRT,2010,55.835,Europe & Central Asia,High income,True
6176,Portugal,PRT,2011,54.621,Europe & Central Asia,High income,True
6177,Portugal,PRT,2012,54.674,Europe & Central Asia,High income,True
6178,Portugal,PRT,2013,54.157,Europe & Central Asia,High income,True
6179,Portugal,PRT,2014,53.777,Europe & Central Asia,High income,True
6180,Portugal,PRT,2015,53.7,Europe & Central Asia,High income,True
6181,Portugal,PRT,2016,53.484,Europe & Central Asia,High income,True
6182,Portugal,PRT,2017,54.028,Europe & Central Asia,High income,True
6183,Portugal,PRT,2018,54.337,Europe & Central Asia,High income,True
6184,Portugal,PRT,2019,54.511,Europe & Central Asia,High income,True
6185,Portugal,PRT,2020,53.157,Europe & Central Asia,High income,True
6186,Portugal,PRT,2021,52.886,Europe & Central Asia,High income,True
6187,Portugal,PRT,2022,53.799,Europe & Central Asia,High income,True
6188,Portugal,PRT,2023,54.719,Europe & Central Asia,High income,True
6189,Portugal,PRT,2024,54.888,Europe & Central Asia,High income,True
6190,Portugal,PRT,2025,54.628,Europe & Central Asia,High income,True
6191,Post-demographic dividend,PST,1990,49.4981575567945,,,False
6192,Post-demographic dividend,PST,1991,49.7976866379342,,,False
6193,Post-demographic dividend,PST,1992,49.8387500453727,,,False
6194,Post-demographic dividend,PST,1993,49.7850389342354,,,False
6195,Post-demographic dividend,PST,1994,50.1602315825495,,,False
6196,Post-demographic dividend,PST,1995,50.2894009983273,,,False
6197,Post-demographic dividend,PST,1996,50.5742490124126,,,False
6198,Post-demographic dividend,PST,1997,50.9299827823332,,,False
6199,Post-demographic dividend,PST,1998,50.9508971555777,,,False
6200,Post-demographic dividend,PST,1999,51.2287616840711,,,False
6201,Post-demographic dividend,PST,2000,51.4632065487362,,,False
6202,Post-demographic dividend,PST,2001,51.4916011758442,,,False
6203,Post-demographic dividend,PST,2002,51.6843386139395,,,False
6204,Post-demographic dividend,PST,2003,51.8367513282567,,,False
6205,Post-demographic dividend,PST,2004,51.9822518002808,,,False
6206,Post-demographic dividend,PST,2005,52.2750591412389,,,False
6207,Post-demographic dividend,PST,2006,52.6174325145235,,,False
6208,Post-demographic dividend,PST,2007,52.7386328892374,,,False
6209,Post-demographic dividend,PST,2008,52.9430624614817,,,False
6210,Post-demographic dividend,PST,2009,52.9783192348047,,,False
6211,Post-demographic dividend,PST,2010,52.8330939236033,,,False
6212,Post-demographic dividend,PST,2011,52.8074605837274,,,False
6213,Post-demographic dividend,PST,2012,52.9358806516141,,,False
6214,Post-demographic dividend,PST,2013,53.0267385650957,,,False
6215,Post-demographic dividend,PST,2014,53.1273749719365,,,False
6216,Post-demographic dividend,PST,2015,53.1520428184724,,,False
6217,Post-demographic dividend,PST,2016,53.4011289046917,,,False
6218,Post-demographic dividend,PST,2017,53.7080558547606,,,False
6219,Post-demographic dividend,PST,2018,53.9646156819669,,,False
6220,Post-demographic dividend,PST,2019,54.3248454880719,,,False
6221,Post-demographic dividend,PST,2020,53.5465500748996,,,False
6222,Post-demographic dividend,PST,2021,53.8639566022122,,,False
6223,Post-demographic dividend,PST,2022,54.6161208681798,,,False
6224,Post-demographic dividend,PST,2023,55.0748442664375,,,False
6225,Post-demographic dividend,PST,2024,55.1548579416885,,,False
6226,Post-demographic dividend,PST,2025,55.0007077227059,,,False
6227,Pre-demographic dividend,PRE,1990,63.9721059639394,,,False
6228,Pre-demographic dividend,PRE,1991,64.2814166544369,,,False
6229,Pre-demographic dividend,PRE,1992,64.4893167441763,,,False
6230,Pre-demographic dividend,PRE,1993,64.4656748022726,,,False
6231,Pre-demographic dividend,PRE,1994,64.6169760518308,,,False
6232,Pre-demographic dividend,PRE,1995,64.7236655976897,,,False
6233,Pre-demographic dividend,PRE,1996,64.6572918290477,,,False
6234,Pre-demographic dividend,PRE,1997,64.5868584324109,,,False
6235,Pre-demographic dividend,PRE,1998,64.5325252800244,,,False
6236,Pre-demographic dividend,PRE,1999,64.5636447626731,,,False
6237,Pre-demographic dividend,PRE,2000,64.5886947661168,,,False
6238,Pre-demographic dividend,PRE,2001,64.6036876960495,,,False
6239,Pre-demographic dividend,PRE,2002,64.6071349901173,,,False
6240,Pre-demographic dividend,PRE,2003,64.52426108213,,,False
6241,Pre-demographic dividend,PRE,2004,64.4969074214925,,,False
6242,Pre-demographic dividend,PRE,2005,64.4221398529243,,,False
6243,Pre-demographic dividend,PRE,2006,64.3019422464631,,,False
6244,Pre-demographic dividend,PRE,2007,64.1902437869238,,,False
6245,Pre-demographic dividend,PRE,2008,63.8861586161297,,,False
6246,Pre-demographic dividend,PRE,2009,63.5609342186186,,,False
6247,Pre-demographic dividend,PRE,2010,63.2764820139803,,,False
6248,Pre-demographic dividend,PRE,2011,63.2363577994507,,,False
6249,Pre-demographic dividend,PRE,2012,62.3268754326027,,,False
6250,Pre-demographic dividend,PRE,2013,62.6362189536587,,,False
6251,Pre-demographic dividend,PRE,2014,62.0414335218367,,,False
6252,Pre-demographic dividend,PRE,2015,61.7675750826901,,,False
6253,Pre-demographic dividend,PRE,2016,61.5634499568527,,,False
6254,Pre-demographic dividend,PRE,2017,60.9022698248124,,,False
6255,Pre-demographic dividend,PRE,2018,60.5905315206705,,,False
6256,Pre-demographic dividend,PRE,2019,60.3093547502644,,,False
6257,Pre-demographic dividend,PRE,2020,59.4272751426469,,,False
6258,Pre-demographic dividend,PRE,2021,59.881710916034,,,False
6259,Pre-demographic dividend,PRE,2022,59.9190293967139,,,False
6260,Pre-demographic dividend,PRE,2023,63.1153646920957,,,False
6261,Pre-demographic dividend,PRE,2024,63.044698665993,,,False
6262,Pre-demographic dividend,PRE,2025,62.9856572691453,,,False
6263,Puerto Rico (US),PRI,1990,30.609,Latin America & Caribbean,High income,True
6264,Puerto Rico (US),PRI,1991,31.168,Latin America & Caribbean,High income,True
6265,Puerto Rico (US),PRI,1992,31.926,Latin America & Caribbean,High income,True
6266,Puerto Rico (US),PRI,1993,33.963,Latin America & Caribbean,High income,True
6267,Puerto Rico (US),PRI,1994,33.724,Latin America & Caribbean,High income,True
6268,Puerto Rico (US),PRI,1995,33.488,Latin America & Caribbean,High income,True
6269,Puerto Rico (US),PRI,1996,33.969,Latin America & Caribbean,High income,True
6270,Puerto Rico (US),PRI,1997,34.868,Latin America & Caribbean,High income,True
6271,Puerto Rico (US),PRI,1998,34.742,Latin America & Caribbean,High income,True
6272,Puerto Rico (US),PRI,1999,36.372,Latin America & Caribbean,High income,True
6273,Puerto Rico (US),PRI,2000,34.734,Latin America & Caribbean,High income,True
6274,Puerto Rico (US),PRI,2001,35.359,Latin America & Caribbean,High income,True
6275,Puerto Rico (US),PRI,2002,35.99,Latin America & Caribbean,High income,True
6276,Puerto Rico (US),PRI,2003,36.728,Latin America & Caribbean,High income,True
6277,Puerto Rico (US),PRI,2004,36.235,Latin America & Caribbean,High income,True
6278,Puerto Rico (US),PRI,2005,37.572,Latin America & Caribbean,High income,True
6279,Puerto Rico (US),PRI,2006,37.921,Latin America & Caribbean,High income,True
6280,Puerto Rico (US),PRI,2007,37.02,Latin America & Caribbean,High income,True
6281,Puerto Rico (US),PRI,2008,36.166,Latin America & Caribbean,High income,True
6282,Puerto Rico (US),PRI,2009,34.884,Latin America & Caribbean,High income,True
6283,Puerto Rico (US),PRI,2010,33.856,Latin America & Caribbean,High income,True
6284,Puerto Rico (US),PRI,2011,33.028,Latin America & Caribbean,High income,True
6285,Puerto Rico (US),PRI,2012,32.758,Latin America & Caribbean,High income,True
6286,Puerto Rico (US),PRI,2013,32.484,Latin America & Caribbean,High income,True
6287,Puerto Rico (US),PRI,2014,31.866,Latin America & Caribbean,High income,True
6288,Puerto Rico (US),PRI,2015,31.876,Latin America & Caribbean,High income,True
6289,Puerto Rico (US),PRI,2016,32.231,Latin America & Caribbean,High income,True
6290,Puerto Rico (US),PRI,2017,32.498,Latin America & Caribbean,High income,True
6291,Puerto Rico (US),PRI,2018,32.997,Latin America & Caribbean,High income,True
6292,Puerto Rico (US),PRI,2019,33.291,Latin America & Caribbean,High income,True
6293,Puerto Rico (US),PRI,2020,33.797,Latin America & Caribbean,High income,True
6294,Puerto Rico (US),PRI,2021,35.6,Latin America & Caribbean,High income,True
6295,Puerto Rico (US),PRI,2022,35.916,Latin America & Caribbean,High income,True
6296,Puerto Rico (US),PRI,2023,36.29,Latin America & Caribbean,High income,True
6297,Puerto Rico (US),PRI,2024,36.681,Latin America & Caribbean,High income,True
6298,Puerto Rico (US),PRI,2025,36.853,Latin America & Caribbean,High income,True
6299,Qatar,QAT,1990,50.382,Middle East & North Africa,High income,True
6300,Qatar,QAT,1991,51.01,Middle East & North Africa,High income,True
6301,Qatar,QAT,1992,50.511,Middle East & North Africa,High income,True
6302,Qatar,QAT,1993,51.085,Middle East & North Africa,High income,True
6303,Qatar,QAT,1994,51.36,Middle East & North Africa,High income,True
6304,Qatar,QAT,1995,51.508,Middle East & North Africa,High income,True
6305,Qatar,QAT,1996,51.451,Middle East & North Africa,High income,True
6306,Qatar,QAT,1997,49.179,Middle East & North Africa,High income,True
6307,Qatar,QAT,1998,48.624,Middle East & North Africa,High income,True
6308,Qatar,QAT,1999,48.921,Middle East & North Africa,High income,True
6309,Qatar,QAT,2000,48.853,Middle East & North Africa,High income,True
6310,Qatar,QAT,2001,49.246,Middle East & North Africa,High income,True
6311,Qatar,QAT,2002,49.253,Middle East & North Africa,High income,True
6312,Qatar,QAT,2003,49.618,Middle East & North Africa,High income,True
6313,Qatar,QAT,2004,47.904,Middle East & North Africa,High income,True
6314,Qatar,QAT,2005,47.704,Middle East & North Africa,High income,True
6315,Qatar,QAT,2006,47.426,Middle East & North Africa,High income,True
6316,Qatar,QAT,2007,49.405,Middle East & North Africa,High income,True
6317,Qatar,QAT,2008,49.177,Middle East & North Africa,High income,True
6318,Qatar,QAT,2009,49.08,Middle East & North Africa,High income,True
6319,Qatar,QAT,2010,50.779,Middle East & North Africa,High income,True
6320,Qatar,QAT,2011,52.429,Middle East & North Africa,High income,True
6321,Qatar,QAT,2012,52.914,Middle East & North Africa,High income,True
6322,Qatar,QAT,2013,53.302,Middle East & North Africa,High income,True
6323,Qatar,QAT,2014,54.571,Middle East & North Africa,High income,True
6324,Qatar,QAT,2015,55.988,Middle East & North Africa,High income,True
6325,Qatar,QAT,2016,56.79,Middle East & North Africa,High income,True
6326,Qatar,QAT,2017,57.571,Middle East & North Africa,High income,True
6327,Qatar,QAT,2018,58.369,Middle East & North Africa,High income,True
6328,Qatar,QAT,2019,59.083,Middle East & North Africa,High income,True
6329,Qatar,QAT,2020,59.452,Middle East & North Africa,High income,True
6330,Qatar,QAT,2021,60.582,Middle East & North Africa,High income,True
6331,Qatar,QAT,2022,63.54,Middle East & North Africa,High income,True
6332,Qatar,QAT,2023,63.308,Middle East & North Africa,High income,True
6333,Qatar,QAT,2024,61.78,Middle East & North Africa,High income,True
6334,Qatar,QAT,2025,61.85,Middle East & North Africa,High income,True
6335,Romania,ROU,1990,41.399,Europe & Central Asia,High income,True
6336,Romania,ROU,1991,41.559,Europe & Central Asia,High income,True
6337,Romania,ROU,1992,41.909,Europe & Central Asia,High income,True
6338,Romania,ROU,1993,41.958,Europe & Central Asia,High income,True
6339,Romania,ROU,1994,41.85,Europe & Central Asia,High income,True
6340,Romania,ROU,1995,41.635,Europe & Central Asia,High income,True
6341,Romania,ROU,1996,41.57,Europe & Central Asia,High income,True
6342,Romania,ROU,1997,41.873,Europe & Central Asia,High income,True
6343,Romania,ROU,1998,42.124,Europe & Central Asia,High income,True
6344,Romania,ROU,1999,42.305,Europe & Central Asia,High income,True
6345,Romania,ROU,2000,42.361,Europe & Central Asia,High income,True
6346,Romania,ROU,2001,42.249,Europe & Central Asia,High income,True
6347,Romania,ROU,2002,42.143,Europe & Central Asia,High income,True
6348,Romania,ROU,2003,42.148,Europe & Central Asia,High income,True
6349,Romania,ROU,2004,42.091,Europe & Central Asia,High income,True
6350,Romania,ROU,2005,42.069,Europe & Central Asia,High income,True
6351,Romania,ROU,2006,42.202,Europe & Central Asia,High income,True
6352,Romania,ROU,2007,42.447,Europe & Central Asia,High income,True
6353,Romania,ROU,2008,42.91,Europe & Central Asia,High income,True
6354,Romania,ROU,2009,38.904,Europe & Central Asia,High income,True
6355,Romania,ROU,2010,41.865,Europe & Central Asia,High income,True
6356,Romania,ROU,2011,41.865,Europe & Central Asia,High income,True
6357,Romania,ROU,2012,41.763,Europe & Central Asia,High income,True
6358,Romania,ROU,2013,41.706,Europe & Central Asia,High income,True
6359,Romania,ROU,2014,42.049,Europe & Central Asia,High income,True
6360,Romania,ROU,2015,42.473,Europe & Central Asia,High income,True
6361,Romania,ROU,2016,42.123,Europe & Central Asia,High income,True
6362,Romania,ROU,2017,43.175,Europe & Central Asia,High income,True
6363,Romania,ROU,2018,42.932,Europe & Central Asia,High income,True
6364,Romania,ROU,2019,42.958,Europe & Central Asia,High income,True
6365,Romania,ROU,2020,42.742,Europe & Central Asia,High income,True
6366,Romania,ROU,2021,42.751,Europe & Central Asia,High income,True
6367,Romania,ROU,2022,43.223,Europe & Central Asia,High income,True
6368,Romania,ROU,2023,42.172,Europe & Central Asia,High income,True
6369,Romania,ROU,2024,41.904,Europe & Central Asia,High income,True
6370,Romania,ROU,2025,41.807,Europe & Central Asia,High income,True
6371,Russian Federation,RUS,1990,59.955,Europe & Central Asia,High income,True
6372,Russian Federation,RUS,1991,59.301,Europe & Central Asia,High income,True
6373,Russian Federation,RUS,1992,58.014,Europe & Central Asia,High income,True
6374,Russian Federation,RUS,1993,55.963,Europe & Central Asia,High income,True
6375,Russian Federation,RUS,1994,54.034,Europe & Central Asia,High income,True
6376,Russian Federation,RUS,1995,53.582,Europe & Central Asia,High income,True
6377,Russian Federation,RUS,1996,52.735,Europe & Central Asia,High income,True
6378,Russian Federation,RUS,1997,51.71,Europe & Central Asia,High income,True
6379,Russian Federation,RUS,1998,51.031,Europe & Central Asia,High income,True
6380,Russian Federation,RUS,1999,54.487,Europe & Central Asia,High income,True
6381,Russian Federation,RUS,2000,54.659,Europe & Central Asia,High income,True
6382,Russian Federation,RUS,2001,53.51,Europe & Central Asia,High income,True
6383,Russian Federation,RUS,2002,54.308,Europe & Central Asia,High income,True
6384,Russian Federation,RUS,2003,54.12,Europe & Central Asia,High income,True
6385,Russian Federation,RUS,2004,54.719,Europe & Central Asia,High income,True
6386,Russian Federation,RUS,2005,55.155,Europe & Central Asia,High income,True
6387,Russian Federation,RUS,2006,55.583,Europe & Central Asia,High income,True
6388,Russian Federation,RUS,2007,56.152,Europe & Central Asia,High income,True
6389,Russian Federation,RUS,2008,56.159,Europe & Central Asia,High income,True
6390,Russian Federation,RUS,2009,56.352,Europe & Central Asia,High income,True
6391,Russian Federation,RUS,2010,56.019,Europe & Central Asia,High income,True
6392,Russian Federation,RUS,2011,56.336,Europe & Central Asia,High income,True
6393,Russian Federation,RUS,2012,56.272,Europe & Central Asia,High income,True
6394,Russian Federation,RUS,2013,55.985,Europe & Central Asia,High income,True
6395,Russian Federation,RUS,2014,55.858,Europe & Central Asia,High income,True
6396,Russian Federation,RUS,2015,55.555,Europe & Central Asia,High income,True
6397,Russian Federation,RUS,2016,55.684,Europe & Central Asia,High income,True
6398,Russian Federation,RUS,2017,55.335,Europe & Central Asia,High income,True
6399,Russian Federation,RUS,2018,55.416,Europe & Central Asia,High income,True
6400,Russian Federation,RUS,2019,54.794,Europe & Central Asia,High income,True
6401,Russian Federation,RUS,2020,54.63,Europe & Central Asia,High income,True
6402,Russian Federation,RUS,2021,55.132,Europe & Central Asia,High income,True
6403,Russian Federation,RUS,2022,55.3,Europe & Central Asia,High income,True
6404,Russian Federation,RUS,2023,55.363,Europe & Central Asia,High income,True
6405,Russian Federation,RUS,2024,55.214,Europe & Central Asia,High income,True
6406,Russian Federation,RUS,2025,54.546,Europe & Central Asia,High income,True
6407,Rwanda,RWA,1990,51.773,Sub-Saharan Africa,Low income,True
6408,Rwanda,RWA,1991,51.799,Sub-Saharan Africa,Low income,True
6409,Rwanda,RWA,1992,51.879,Sub-Saharan Africa,Low income,True
6410,Rwanda,RWA,1993,51.975,Sub-Saharan Africa,Low income,True
6411,Rwanda,RWA,1994,51.81,Sub-Saharan Africa,Low income,True
6412,Rwanda,RWA,1995,51.76,Sub-Saharan Africa,Low income,True
6413,Rwanda,RWA,1996,51.934,Sub-Saharan Africa,Low income,True
6414,Rwanda,RWA,1997,52.117,Sub-Saharan Africa,Low income,True
6415,Rwanda,RWA,1998,52.39,Sub-Saharan Africa,Low income,True
6416,Rwanda,RWA,1999,52.737,Sub-Saharan Africa,Low income,True
6417,Rwanda,RWA,2000,53.087,Sub-Saharan Africa,Low income,True
6418,Rwanda,RWA,2001,53.416,Sub-Saharan Africa,Low income,True
6419,Rwanda,RWA,2002,53.674,Sub-Saharan Africa,Low income,True
6420,Rwanda,RWA,2003,53.836,Sub-Saharan Africa,Low income,True
6421,Rwanda,RWA,2004,53.935,Sub-Saharan Africa,Low income,True
6422,Rwanda,RWA,2005,53.997,Sub-Saharan Africa,Low income,True
6423,Rwanda,RWA,2006,54.026,Sub-Saharan Africa,Low income,True
6424,Rwanda,RWA,2007,54.039,Sub-Saharan Africa,Low income,True
6425,Rwanda,RWA,2008,54.053,Sub-Saharan Africa,Low income,True
6426,Rwanda,RWA,2009,54.086,Sub-Saharan Africa,Low income,True
6427,Rwanda,RWA,2010,54.141,Sub-Saharan Africa,Low income,True
6428,Rwanda,RWA,2011,54.209,Sub-Saharan Africa,Low income,True
6429,Rwanda,RWA,2012,54.283,Sub-Saharan Africa,Low income,True
6430,Rwanda,RWA,2013,54.357,Sub-Saharan Africa,Low income,True
6431,Rwanda,RWA,2014,54.433,Sub-Saharan Africa,Low income,True
6432,Rwanda,RWA,2015,54.516,Sub-Saharan Africa,Low income,True
6433,Rwanda,RWA,2016,54.612,Sub-Saharan Africa,Low income,True
6434,Rwanda,RWA,2017,54.723,Sub-Saharan Africa,Low income,True
6435,Rwanda,RWA,2018,54.156,Sub-Saharan Africa,Low income,True
6436,Rwanda,RWA,2019,51.87,Sub-Saharan Africa,Low income,True
6437,Rwanda,RWA,2020,56.652,Sub-Saharan Africa,Low income,True
6438,Rwanda,RWA,2021,52.58,Sub-Saharan Africa,Low income,True
6439,Rwanda,RWA,2022,54.695,Sub-Saharan Africa,Low income,True
6440,Rwanda,RWA,2023,58.044,Sub-Saharan Africa,Low income,True
6441,Rwanda,RWA,2024,57.099,Sub-Saharan Africa,Low income,True
6442,Rwanda,RWA,2025,57.304,Sub-Saharan Africa,Low income,True
6443,Samoa,WSM,1990,43.033,East Asia & Pacific,Upper middle income,True
6444,Samoa,WSM,1991,43.096,East Asia & Pacific,Upper middle income,True
6445,Samoa,WSM,1992,43.083,East Asia & Pacific,Upper middle income,True
6446,Samoa,WSM,1993,42.9,East Asia & Pacific,Upper middle income,True
6447,Samoa,WSM,1994,43.052,East Asia & Pacific,Upper middle income,True
6448,Samoa,WSM,1995,42.784,East Asia & Pacific,Upper middle income,True
6449,Samoa,WSM,1996,42.559,East Asia & Pacific,Upper middle income,True
6450,Samoa,WSM,1997,42.63,East Asia & Pacific,Upper middle income,True
6451,Samoa,WSM,1998,42.64,East Asia & Pacific,Upper middle income,True
6452,Samoa,WSM,1999,42.631,East Asia & Pacific,Upper middle income,True
6453,Samoa,WSM,2000,42.495,East Asia & Pacific,Upper middle income,True
6454,Samoa,WSM,2001,42.289,East Asia & Pacific,Upper middle income,True
6455,Samoa,WSM,2002,42.148,East Asia & Pacific,Upper middle income,True
6456,Samoa,WSM,2003,42.037,East Asia & Pacific,Upper middle income,True
6457,Samoa,WSM,2004,41.978,East Asia & Pacific,Upper middle income,True
6458,Samoa,WSM,2005,41.864,East Asia & Pacific,Upper middle income,True
6459,Samoa,WSM,2006,41.812,East Asia & Pacific,Upper middle income,True
6460,Samoa,WSM,2007,41.753,East Asia & Pacific,Upper middle income,True
6461,Samoa,WSM,2008,41.65,East Asia & Pacific,Upper middle income,True
6462,Samoa,WSM,2009,41.61,East Asia & Pacific,Upper middle income,True
6463,Samoa,WSM,2010,41.495,East Asia & Pacific,Upper middle income,True
6464,Samoa,WSM,2011,41.41,East Asia & Pacific,Upper middle income,True
6465,Samoa,WSM,2012,41.437,East Asia & Pacific,Upper middle income,True
6466,Samoa,WSM,2013,41.461,East Asia & Pacific,Upper middle income,True
6467,Samoa,WSM,2014,41.461,East Asia & Pacific,Upper middle income,True
6468,Samoa,WSM,2015,41.422,East Asia & Pacific,Upper middle income,True
6469,Samoa,WSM,2016,41.385,East Asia & Pacific,Upper middle income,True
6470,Samoa,WSM,2017,41.376,East Asia & Pacific,Upper middle income,True
6471,Samoa,WSM,2018,39.417,East Asia & Pacific,Upper middle income,True
6472,Samoa,WSM,2019,37.466,East Asia & Pacific,Upper middle income,True
6473,Samoa,WSM,2020,35.207,East Asia & Pacific,Upper middle income,True
6474,Samoa,WSM,2021,33.491,East Asia & Pacific,Upper middle income,True
6475,Samoa,WSM,2022,31.149,East Asia & Pacific,Upper middle income,True
6476,Samoa,WSM,2023,31.158,East Asia & Pacific,Upper middle income,True
6477,Samoa,WSM,2024,31.145,East Asia & Pacific,Upper middle income,True
6478,Samoa,WSM,2025,30.739,East Asia & Pacific,Upper middle income,True
6479,Sao Tome and Principe,STP,1990,21.72,Sub-Saharan Africa,Lower middle income,True
6480,Sao Tome and Principe,STP,1991,21.705,Sub-Saharan Africa,Lower middle income,True
6481,Sao Tome and Principe,STP,1992,21.691,Sub-Saharan Africa,Lower middle income,True
6482,Sao Tome and Principe,STP,1993,21.7,Sub-Saharan Africa,Lower middle income,True
6483,Sao Tome and Principe,STP,1994,21.734,Sub-Saharan Africa,Lower middle income,True
6484,Sao Tome and Principe,STP,1995,21.795,Sub-Saharan Africa,Lower middle income,True
6485,Sao Tome and Principe,STP,1996,21.881,Sub-Saharan Africa,Lower middle income,True
6486,Sao Tome and Principe,STP,1997,21.997,Sub-Saharan Africa,Lower middle income,True
6487,Sao Tome and Principe,STP,1998,22.144,Sub-Saharan Africa,Lower middle income,True
6488,Sao Tome and Principe,STP,1999,22.317,Sub-Saharan Africa,Lower middle income,True
6489,Sao Tome and Principe,STP,2000,22.502,Sub-Saharan Africa,Lower middle income,True
6490,Sao Tome and Principe,STP,2001,22.612,Sub-Saharan Africa,Lower middle income,True
6491,Sao Tome and Principe,STP,2002,22.652,Sub-Saharan Africa,Lower middle income,True
6492,Sao Tome and Principe,STP,2003,22.691,Sub-Saharan Africa,Lower middle income,True
6493,Sao Tome and Principe,STP,2004,22.721,Sub-Saharan Africa,Lower middle income,True
6494,Sao Tome and Principe,STP,2005,22.742,Sub-Saharan Africa,Lower middle income,True
6495,Sao Tome and Principe,STP,2006,22.752,Sub-Saharan Africa,Lower middle income,True
6496,Sao Tome and Principe,STP,2007,22.746,Sub-Saharan Africa,Lower middle income,True
6497,Sao Tome and Principe,STP,2008,22.73,Sub-Saharan Africa,Lower middle income,True
6498,Sao Tome and Principe,STP,2009,22.719,Sub-Saharan Africa,Lower middle income,True
6499,Sao Tome and Principe,STP,2010,22.727,Sub-Saharan Africa,Lower middle income,True
6500,Sao Tome and Principe,STP,2011,22.754,Sub-Saharan Africa,Lower middle income,True
6501,Sao Tome and Principe,STP,2012,22.752,Sub-Saharan Africa,Lower middle income,True
6502,Sao Tome and Principe,STP,2013,22.728,Sub-Saharan Africa,Lower middle income,True
6503,Sao Tome and Principe,STP,2014,22.731,Sub-Saharan Africa,Lower middle income,True
6504,Sao Tome and Principe,STP,2015,22.768,Sub-Saharan Africa,Lower middle income,True
6505,Sao Tome and Principe,STP,2016,22.844,Sub-Saharan Africa,Lower middle income,True
6506,Sao Tome and Principe,STP,2017,22.955,Sub-Saharan Africa,Lower middle income,True
6507,Sao Tome and Principe,STP,2018,23.092,Sub-Saharan Africa,Lower middle income,True
6508,Sao Tome and Principe,STP,2019,23.25,Sub-Saharan Africa,Lower middle income,True
6509,Sao Tome and Principe,STP,2020,22.649,Sub-Saharan Africa,Lower middle income,True
6510,Sao Tome and Principe,STP,2021,22.936,Sub-Saharan Africa,Lower middle income,True
6511,Sao Tome and Principe,STP,2022,23.014,Sub-Saharan Africa,Lower middle income,True
6512,Sao Tome and Principe,STP,2023,22.874,Sub-Saharan Africa,Lower middle income,True
6513,Sao Tome and Principe,STP,2024,22.771,Sub-Saharan Africa,Lower middle income,True
6514,Sao Tome and Principe,STP,2025,22.749,Sub-Saharan Africa,Lower middle income,True
6515,Saudi Arabia,SAU,1990,15.024,Middle East & North Africa,High income,True
6516,Saudi Arabia,SAU,1991,14.905,Middle East & North Africa,High income,True
6517,Saudi Arabia,SAU,1992,14.975,Middle East & North Africa,High income,True
6518,Saudi Arabia,SAU,1993,15.253,Middle East & North Africa,High income,True
6519,Saudi Arabia,SAU,1994,15.526,Middle East & North Africa,High income,True
6520,Saudi Arabia,SAU,1995,15.796,Middle East & North Africa,High income,True
6521,Saudi Arabia,SAU,1996,16.064,Middle East & North Africa,High income,True
6522,Saudi Arabia,SAU,1997,16.333,Middle East & North Africa,High income,True
6523,Saudi Arabia,SAU,1998,16.602,Middle East & North Africa,High income,True
6524,Saudi Arabia,SAU,1999,16.874,Middle East & North Africa,High income,True
6525,Saudi Arabia,SAU,2000,16.389,Middle East & North Africa,High income,True
6526,Saudi Arabia,SAU,2001,15.941,Middle East & North Africa,High income,True
6527,Saudi Arabia,SAU,2002,15.793,Middle East & North Africa,High income,True
6528,Saudi Arabia,SAU,2003,16.169,Middle East & North Africa,High income,True
6529,Saudi Arabia,SAU,2004,16.576,Middle East & North Africa,High income,True
6530,Saudi Arabia,SAU,2005,17.022,Middle East & North Africa,High income,True
6531,Saudi Arabia,SAU,2006,17.519,Middle East & North Africa,High income,True
6532,Saudi Arabia,SAU,2007,17.042,Middle East & North Africa,High income,True
6533,Saudi Arabia,SAU,2008,16.739,Middle East & North Africa,High income,True
6534,Saudi Arabia,SAU,2009,16.418,Middle East & North Africa,High income,True
6535,Saudi Arabia,SAU,2010,17.628,Middle East & North Africa,High income,True
6536,Saudi Arabia,SAU,2011,18.954,Middle East & North Africa,High income,True
6537,Saudi Arabia,SAU,2012,19.758,Middle East & North Africa,High income,True
6538,Saudi Arabia,SAU,2013,19.817,Middle East & North Africa,High income,True
6539,Saudi Arabia,SAU,2014,20.278,Middle East & North Africa,High income,True
6540,Saudi Arabia,SAU,2015,21.635,Middle East & North Africa,High income,True
6541,Saudi Arabia,SAU,2016,22.866,Middle East & North Africa,High income,True
6542,Saudi Arabia,SAU,2017,19.857,Middle East & North Africa,High income,True
6543,Saudi Arabia,SAU,2018,21.824,Middle East & North Africa,High income,True
6544,Saudi Arabia,SAU,2019,24.365,Middle East & North Africa,High income,True
6545,Saudi Arabia,SAU,2020,29.308,Middle East & North Africa,High income,True
6546,Saudi Arabia,SAU,2021,34.218,Middle East & North Africa,High income,True
6547,Saudi Arabia,SAU,2022,34.098,Middle East & North Africa,High income,True
6548,Saudi Arabia,SAU,2023,34.278,Middle East & North Africa,High income,True
6549,Saudi Arabia,SAU,2024,33.305,Middle East & North Africa,High income,True
6550,Saudi Arabia,SAU,2025,33.573,Middle East & North Africa,High income,True
6551,Senegal,SEN,1990,32.055,Sub-Saharan Africa,Lower middle income,True
6552,Senegal,SEN,1991,32.138,Sub-Saharan Africa,Lower middle income,True
6553,Senegal,SEN,1992,32.232,Sub-Saharan Africa,Lower middle income,True
6554,Senegal,SEN,1993,32.334,Sub-Saharan Africa,Lower middle income,True
6555,Senegal,SEN,1994,32.439,Sub-Saharan Africa,Lower middle income,True
6556,Senegal,SEN,1995,32.545,Sub-Saharan Africa,Lower middle income,True
6557,Senegal,SEN,1996,32.65,Sub-Saharan Africa,Lower middle income,True
6558,Senegal,SEN,1997,32.752,Sub-Saharan Africa,Lower middle income,True
6559,Senegal,SEN,1998,32.851,Sub-Saharan Africa,Lower middle income,True
6560,Senegal,SEN,1999,32.941,Sub-Saharan Africa,Lower middle income,True
6561,Senegal,SEN,2000,33.026,Sub-Saharan Africa,Lower middle income,True
6562,Senegal,SEN,2001,33.107,Sub-Saharan Africa,Lower middle income,True
6563,Senegal,SEN,2002,33.193,Sub-Saharan Africa,Lower middle income,True
6564,Senegal,SEN,2003,33.262,Sub-Saharan Africa,Lower middle income,True
6565,Senegal,SEN,2004,33.303,Sub-Saharan Africa,Lower middle income,True
6566,Senegal,SEN,2005,33.34,Sub-Saharan Africa,Lower middle income,True
6567,Senegal,SEN,2006,33.369,Sub-Saharan Africa,Lower middle income,True
6568,Senegal,SEN,2007,33.422,Sub-Saharan Africa,Lower middle income,True
6569,Senegal,SEN,2008,33.482,Sub-Saharan Africa,Lower middle income,True
6570,Senegal,SEN,2009,33.551,Sub-Saharan Africa,Lower middle income,True
6571,Senegal,SEN,2010,33.627,Sub-Saharan Africa,Lower middle income,True
6572,Senegal,SEN,2011,33.711,Sub-Saharan Africa,Lower middle income,True
6573,Senegal,SEN,2012,33.801,Sub-Saharan Africa,Lower middle income,True
6574,Senegal,SEN,2013,33.886,Sub-Saharan Africa,Lower middle income,True
6575,Senegal,SEN,2014,33.969,Sub-Saharan Africa,Lower middle income,True
6576,Senegal,SEN,2015,34.06,Sub-Saharan Africa,Lower middle income,True
6577,Senegal,SEN,2016,38.726,Sub-Saharan Africa,Lower middle income,True
6578,Senegal,SEN,2017,35.424,Sub-Saharan Africa,Lower middle income,True
6579,Senegal,SEN,2018,36.353,Sub-Saharan Africa,Lower middle income,True
6580,Senegal,SEN,2019,37.308,Sub-Saharan Africa,Lower middle income,True
6581,Senegal,SEN,2020,37.075,Sub-Saharan Africa,Lower middle income,True
6582,Senegal,SEN,2021,37.707,Sub-Saharan Africa,Lower middle income,True
6583,Senegal,SEN,2022,37.706,Sub-Saharan Africa,Lower middle income,True
6584,Senegal,SEN,2023,37.767,Sub-Saharan Africa,Lower middle income,True
6585,Senegal,SEN,2024,37.99,Sub-Saharan Africa,Lower middle income,True
6586,Senegal,SEN,2025,38.216,Sub-Saharan Africa,Lower middle income,True
6587,Serbia,SRB,1990,49.296,Europe & Central Asia,Upper middle income,True
6588,Serbia,SRB,1991,49.456,Europe & Central Asia,Upper middle income,True
6589,Serbia,SRB,1992,49.379,Europe & Central Asia,Upper middle income,True
6590,Serbia,SRB,1993,49.164,Europe & Central Asia,Upper middle income,True
6591,Serbia,SRB,1994,48.641,Europe & Central Asia,Upper middle income,True
6592,Serbia,SRB,1995,48.06,Europe & Central Asia,Upper middle income,True
6593,Serbia,SRB,1996,47.416,Europe & Central Asia,Upper middle income,True
6594,Serbia,SRB,1997,46.705,Europe & Central Asia,Upper middle income,True
6595,Serbia,SRB,1998,46.339,Europe & Central Asia,Upper middle income,True
6596,Serbia,SRB,1999,47.065,Europe & Central Asia,Upper middle income,True
6597,Serbia,SRB,2000,46.698,Europe & Central Asia,Upper middle income,True
6598,Serbia,SRB,2001,46.332,Europe & Central Asia,Upper middle income,True
6599,Serbia,SRB,2002,45.982,Europe & Central Asia,Upper middle income,True
6600,Serbia,SRB,2003,45.673,Europe & Central Asia,Upper middle income,True
6601,Serbia,SRB,2004,45.273,Europe & Central Asia,Upper middle income,True
6602,Serbia,SRB,2005,44.923,Europe & Central Asia,Upper middle income,True
6603,Serbia,SRB,2006,44.645,Europe & Central Asia,Upper middle income,True
6604,Serbia,SRB,2007,45.258,Europe & Central Asia,Upper middle income,True
6605,Serbia,SRB,2008,44.747,Europe & Central Asia,Upper middle income,True
6606,Serbia,SRB,2009,43.136,Europe & Central Asia,Upper middle income,True
6607,Serbia,SRB,2010,41.802,Europe & Central Asia,Upper middle income,True
6608,Serbia,SRB,2011,41.669,Europe & Central Asia,Upper middle income,True
6609,Serbia,SRB,2012,42.013,Europe & Central Asia,Upper middle income,True
6610,Serbia,SRB,2013,43.063,Europe & Central Asia,Upper middle income,True
6611,Serbia,SRB,2014,43.683,Europe & Central Asia,Upper middle income,True
6612,Serbia,SRB,2015,43.295,Europe & Central Asia,Upper middle income,True
6613,Serbia,SRB,2016,45.271,Europe & Central Asia,Upper middle income,True
6614,Serbia,SRB,2017,46.067,Europe & Central Asia,Upper middle income,True
6615,Serbia,SRB,2018,46.379,Europe & Central Asia,Upper middle income,True
6616,Serbia,SRB,2019,46.746,Europe & Central Asia,Upper middle income,True
6617,Serbia,SRB,2020,46.159,Europe & Central Asia,Upper middle income,True
6618,Serbia,SRB,2021,49.002,Europe & Central Asia,Upper middle income,True
6619,Serbia,SRB,2022,50.142,Europe & Central Asia,Upper middle income,True
6620,Serbia,SRB,2023,51.414,Europe & Central Asia,Upper middle income,True
6621,Serbia,SRB,2024,52.619,Europe & Central Asia,Upper middle income,True
6622,Serbia,SRB,2025,52.629,Europe & Central Asia,Upper middle income,True
6623,Sierra Leone,SLE,1990,65.086,Sub-Saharan Africa,Low income,True
6624,Sierra Leone,SLE,1991,65.052,Sub-Saharan Africa,Low income,True
6625,Sierra Leone,SLE,1992,65.014,Sub-Saharan Africa,Low income,True
6626,Sierra Leone,SLE,1993,64.976,Sub-Saharan Africa,Low income,True
6627,Sierra Leone,SLE,1994,64.937,Sub-Saharan Africa,Low income,True
6628,Sierra Leone,SLE,1995,64.897,Sub-Saharan Africa,Low income,True
6629,Sierra Leone,SLE,1996,64.858,Sub-Saharan Africa,Low income,True
6630,Sierra Leone,SLE,1997,64.822,Sub-Saharan Africa,Low income,True
6631,Sierra Leone,SLE,1998,64.785,Sub-Saharan Africa,Low income,True
6632,Sierra Leone,SLE,1999,64.735,Sub-Saharan Africa,Low income,True
6633,Sierra Leone,SLE,2000,64.695,Sub-Saharan Africa,Low income,True
6634,Sierra Leone,SLE,2001,64.676,Sub-Saharan Africa,Low income,True
6635,Sierra Leone,SLE,2002,64.665,Sub-Saharan Africa,Low income,True
6636,Sierra Leone,SLE,2003,64.664,Sub-Saharan Africa,Low income,True
6637,Sierra Leone,SLE,2004,65.919,Sub-Saharan Africa,Low income,True
6638,Sierra Leone,SLE,2005,65.002,Sub-Saharan Africa,Low income,True
6639,Sierra Leone,SLE,2006,64.072,Sub-Saharan Africa,Low income,True
6640,Sierra Leone,SLE,2007,63.133,Sub-Saharan Africa,Low income,True
6641,Sierra Leone,SLE,2008,62.183,Sub-Saharan Africa,Low income,True
6642,Sierra Leone,SLE,2009,61.223,Sub-Saharan Africa,Low income,True
6643,Sierra Leone,SLE,2010,60.255,Sub-Saharan Africa,Low income,True
6644,Sierra Leone,SLE,2011,59.278,Sub-Saharan Africa,Low income,True
6645,Sierra Leone,SLE,2012,58.294,Sub-Saharan Africa,Low income,True
6646,Sierra Leone,SLE,2013,57.303,Sub-Saharan Africa,Low income,True
6647,Sierra Leone,SLE,2014,56.307,Sub-Saharan Africa,Low income,True
6648,Sierra Leone,SLE,2015,55.091,Sub-Saharan Africa,Low income,True
6649,Sierra Leone,SLE,2016,53.87,Sub-Saharan Africa,Low income,True
6650,Sierra Leone,SLE,2017,52.644,Sub-Saharan Africa,Low income,True
6651,Sierra Leone,SLE,2018,51.415,Sub-Saharan Africa,Low income,True
6652,Sierra Leone,SLE,2019,51.584,Sub-Saharan Africa,Low income,True
6653,Sierra Leone,SLE,2020,51.093,Sub-Saharan Africa,Low income,True
6654,Sierra Leone,SLE,2021,51.472,Sub-Saharan Africa,Low income,True
6655,Sierra Leone,SLE,2022,51.605,Sub-Saharan Africa,Low income,True
6656,Sierra Leone,SLE,2023,51.774,Sub-Saharan Africa,Low income,True
6657,Sierra Leone,SLE,2024,51.815,Sub-Saharan Africa,Low income,True
6658,Sierra Leone,SLE,2025,51.604,Sub-Saharan Africa,Low income,True
6659,Singapore,SGP,1990,44.094,East Asia & Pacific,High income,True
6660,Singapore,SGP,1991,45.176,East Asia & Pacific,High income,True
6661,Singapore,SGP,1992,46.1,East Asia & Pacific,High income,True
6662,Singapore,SGP,1993,46.907,East Asia & Pacific,High income,True
6663,Singapore,SGP,1994,47.777,East Asia & Pacific,High income,True
6664,Singapore,SGP,1995,48.975,East Asia & Pacific,High income,True
6665,Singapore,SGP,1996,49.861,East Asia & Pacific,High income,True
6666,Singapore,SGP,1997,50.61,East Asia & Pacific,High income,True
6667,Singapore,SGP,1998,50.842,East Asia & Pacific,High income,True
6668,Singapore,SGP,1999,51.655,East Asia & Pacific,High income,True
6669,Singapore,SGP,2000,52.122,East Asia & Pacific,High income,True
6670,Singapore,SGP,2001,52.55,East Asia & Pacific,High income,True
6671,Singapore,SGP,2002,51.499,East Asia & Pacific,High income,True
6672,Singapore,SGP,2003,52.266,East Asia & Pacific,High income,True
6673,Singapore,SGP,2004,52.641,East Asia & Pacific,High income,True
6674,Singapore,SGP,2005,53.705,East Asia & Pacific,High income,True
6675,Singapore,SGP,2006,55.06,East Asia & Pacific,High income,True
6676,Singapore,SGP,2007,53.634,East Asia & Pacific,High income,True
6677,Singapore,SGP,2008,56.089,East Asia & Pacific,High income,True
6678,Singapore,SGP,2009,55.628,East Asia & Pacific,High income,True
6679,Singapore,SGP,2010,57.128,East Asia & Pacific,High income,True
6680,Singapore,SGP,2011,57.787,East Asia & Pacific,High income,True
6681,Singapore,SGP,2012,58.543,East Asia & Pacific,High income,True
6682,Singapore,SGP,2013,58.607,East Asia & Pacific,High income,True
6683,Singapore,SGP,2014,59.811,East Asia & Pacific,High income,True
6684,Singapore,SGP,2015,61.305,East Asia & Pacific,High income,True
6685,Singapore,SGP,2016,61.313,East Asia & Pacific,High income,True
6686,Singapore,SGP,2017,60.807,East Asia & Pacific,High income,True
6687,Singapore,SGP,2018,60.889,East Asia & Pacific,High income,True
6688,Singapore,SGP,2019,61.822,East Asia & Pacific,High income,True
6689,Singapore,SGP,2020,61.72,East Asia & Pacific,High income,True
6690,Singapore,SGP,2021,64.409,East Asia & Pacific,High income,True
6691,Singapore,SGP,2022,62.921,East Asia & Pacific,High income,True
6692,Singapore,SGP,2023,63.299,East Asia & Pacific,High income,True
6693,Singapore,SGP,2024,63.136,East Asia & Pacific,High income,True
6694,Singapore,SGP,2025,63.569,East Asia & Pacific,High income,True
6695,Slovak Republic,SVK,1990,59.13,Europe & Central Asia,High income,True
6696,Slovak Republic,SVK,1991,59.683,Europe & Central Asia,High income,True
6697,Slovak Republic,SVK,1992,57.464,Europe & Central Asia,High income,True
6698,Slovak Republic,SVK,1993,55.109,Europe & Central Asia,High income,True
6699,Slovak Republic,SVK,1994,51.36,Europe & Central Asia,High income,True
6700,Slovak Republic,SVK,1995,51.497,Europe & Central Asia,High income,True
6701,Slovak Republic,SVK,1996,52.286,Europe & Central Asia,High income,True
6702,Slovak Republic,SVK,1997,51.819,Europe & Central Asia,High income,True
6703,Slovak Republic,SVK,1998,51.39,Europe & Central Asia,High income,True
6704,Slovak Republic,SVK,1999,51.851,Europe & Central Asia,High income,True
6705,Slovak Republic,SVK,2000,52.588,Europe & Central Asia,High income,True
6706,Slovak Republic,SVK,2001,52.965,Europe & Central Asia,High income,True
6707,Slovak Republic,SVK,2002,52.531,Europe & Central Asia,High income,True
6708,Slovak Republic,SVK,2003,52.907,Europe & Central Asia,High income,True
6709,Slovak Republic,SVK,2004,52.467,Europe & Central Asia,High income,True
6710,Slovak Republic,SVK,2005,51.177,Europe & Central Asia,High income,True
6711,Slovak Republic,SVK,2006,50.548,Europe & Central Asia,High income,True
6712,Slovak Republic,SVK,2007,50.327,Europe & Central Asia,High income,True
6713,Slovak Republic,SVK,2008,50.757,Europe & Central Asia,High income,True
6714,Slovak Republic,SVK,2009,50.051,Europe & Central Asia,High income,True
6715,Slovak Republic,SVK,2010,50.554,Europe & Central Asia,High income,True
6716,Slovak Republic,SVK,2011,50.155,Europe & Central Asia,High income,True
6717,Slovak Republic,SVK,2012,50.648,Europe & Central Asia,High income,True
6718,Slovak Republic,SVK,2013,50.988,Europe & Central Asia,High income,True
6719,Slovak Republic,SVK,2014,52.008,Europe & Central Asia,High income,True
6720,Slovak Republic,SVK,2015,51.931,Europe & Central Asia,High income,True
6721,Slovak Republic,SVK,2016,52.511,Europe & Central Asia,High income,True
6722,Slovak Republic,SVK,2017,52.626,Europe & Central Asia,High income,True
6723,Slovak Republic,SVK,2018,52.241,Europe & Central Asia,High income,True
6724,Slovak Republic,SVK,2019,52.171,Europe & Central Asia,High income,True
6725,Slovak Republic,SVK,2020,51.796,Europe & Central Asia,High income,True
6726,Slovak Republic,SVK,2021,54.62,Europe & Central Asia,High income,True
6727,Slovak Republic,SVK,2022,55.692,Europe & Central Asia,High income,True
6728,Slovak Republic,SVK,2023,55.698,Europe & Central Asia,High income,True
6729,Slovak Republic,SVK,2024,55.464,Europe & Central Asia,High income,True
6730,Slovak Republic,SVK,2025,55.127,Europe & Central Asia,High income,True
6731,Slovenia,SVN,1990,51.987,Europe & Central Asia,High income,True
6732,Slovenia,SVN,1991,51.747,Europe & Central Asia,High income,True
6733,Slovenia,SVN,1992,51.621,Europe & Central Asia,High income,True
6734,Slovenia,SVN,1993,51.554,Europe & Central Asia,High income,True
6735,Slovenia,SVN,1994,51.508,Europe & Central Asia,High income,True
6736,Slovenia,SVN,1995,51.372,Europe & Central Asia,High income,True
6737,Slovenia,SVN,1996,51.225,Europe & Central Asia,High income,True
6738,Slovenia,SVN,1997,52.538,Europe & Central Asia,High income,True
6739,Slovenia,SVN,1998,53.141,Europe & Central Asia,High income,True
6740,Slovenia,SVN,1999,51.972,Europe & Central Asia,High income,True
6741,Slovenia,SVN,2000,51.294,Europe & Central Asia,High income,True
6742,Slovenia,SVN,2001,51.133,Europe & Central Asia,High income,True
6743,Slovenia,SVN,2002,51.932,Europe & Central Asia,High income,True
6744,Slovenia,SVN,2003,50.437,Europe & Central Asia,High income,True
6745,Slovenia,SVN,2004,52.836,Europe & Central Asia,High income,True
6746,Slovenia,SVN,2005,52.815,Europe & Central Asia,High income,True
6747,Slovenia,SVN,2006,53.218,Europe & Central Asia,High income,True
6748,Slovenia,SVN,2007,53.514,Europe & Central Asia,High income,True
6749,Slovenia,SVN,2008,53.631,Europe & Central Asia,High income,True
6750,Slovenia,SVN,2009,53.514,Europe & Central Asia,High income,True
6751,Slovenia,SVN,2010,53.142,Europe & Central Asia,High income,True
6752,Slovenia,SVN,2011,52.351,Europe & Central Asia,High income,True
6753,Slovenia,SVN,2012,52.321,Europe & Central Asia,High income,True
6754,Slovenia,SVN,2013,51.929,Europe & Central Asia,High income,True
6755,Slovenia,SVN,2014,52.531,Europe & Central Asia,High income,True
6756,Slovenia,SVN,2015,52.275,Europe & Central Asia,High income,True
6757,Slovenia,SVN,2016,52.113,Europe & Central Asia,High income,True
6758,Slovenia,SVN,2017,53.539,Europe & Central Asia,High income,True
6759,Slovenia,SVN,2018,53.719,Europe & Central Asia,High income,True
6760,Slovenia,SVN,2019,53.382,Europe & Central Asia,High income,True
6761,Slovenia,SVN,2020,53.105,Europe & Central Asia,High income,True
6762,Slovenia,SVN,2021,53.467,Europe & Central Asia,High income,True
6763,Slovenia,SVN,2022,53.875,Europe & Central Asia,High income,True
6764,Slovenia,SVN,2023,52.986,Europe & Central Asia,High income,True
6765,Slovenia,SVN,2024,52.644,Europe & Central Asia,High income,True
6766,Slovenia,SVN,2025,52.297,Europe & Central Asia,High income,True
6767,Small states,SST,1990,45.9069354125681,,,False
6768,Small states,SST,1991,45.7539064251685,,,False
6769,Small states,SST,1992,45.64310927289,,,False
6770,Small states,SST,1993,45.6785185791529,,,False
6771,Small states,SST,1994,45.8482043250385,,,False
6772,Small states,SST,1995,45.9699896976853,,,False
6773,Small states,SST,1996,46.2238531223099,,,False
6774,Small states,SST,1997,46.3879838900747,,,False
6775,Small states,SST,1998,46.3438922058493,,,False
6776,Small states,SST,1999,46.3445845829231,,,False
6777,Small states,SST,2000,46.3394225038784,,,False
6778,Small states,SST,2001,46.353025921415,,,False
6779,Small states,SST,2002,46.5891061250375,,,False
6780,Small states,SST,2003,47.4100078937251,,,False
6781,Small states,SST,2004,47.5956172776066,,,False
6782,Small states,SST,2005,48.0159299094936,,,False
6783,Small states,SST,2006,48.5066125618892,,,False
6784,Small states,SST,2007,48.5274625077113,,,False
6785,Small states,SST,2008,48.9361478702532,,,False
6786,Small states,SST,2009,48.9955886496722,,,False
6787,Small states,SST,2010,49.3076100059995,,,False
6788,Small states,SST,2011,49.3407620754247,,,False
6789,Small states,SST,2012,49.6767334219857,,,False
6790,Small states,SST,2013,49.7544299917475,,,False
6791,Small states,SST,2014,49.859479599863,,,False
6792,Small states,SST,2015,50.1428725096958,,,False
6793,Small states,SST,2016,50.1916377306901,,,False
6794,Small states,SST,2017,50.4736490269545,,,False
6795,Small states,SST,2018,50.7218655713212,,,False
6796,Small states,SST,2019,51.0945323476456,,,False
6797,Small states,SST,2020,49.3873225613268,,,False
6798,Small states,SST,2021,49.8367135542283,,,False
6799,Small states,SST,2022,50.7777878782061,,,False
6800,Small states,SST,2023,51.8144816145897,,,False
6801,Small states,SST,2024,51.714026132595,,,False
6802,Small states,SST,2025,51.7155433184901,,,False
6803,Solomon Islands,SLB,1990,81.999,East Asia & Pacific,Lower middle income,True
6804,Solomon Islands,SLB,1991,81.856,East Asia & Pacific,Lower middle income,True
6805,Solomon Islands,SLB,1992,81.444,East Asia & Pacific,Lower middle income,True
6806,Solomon Islands,SLB,1993,81.407,East Asia & Pacific,Lower middle income,True
6807,Solomon Islands,SLB,1994,81.206,East Asia & Pacific,Lower middle income,True
6808,Solomon Islands,SLB,1995,80.939,East Asia & Pacific,Lower middle income,True
6809,Solomon Islands,SLB,1996,81.041,East Asia & Pacific,Lower middle income,True
6810,Solomon Islands,SLB,1997,81.262,East Asia & Pacific,Lower middle income,True
6811,Solomon Islands,SLB,1998,81.393,East Asia & Pacific,Lower middle income,True
6812,Solomon Islands,SLB,1999,81.599,East Asia & Pacific,Lower middle income,True
6813,Solomon Islands,SLB,2000,82.44,East Asia & Pacific,Lower middle income,True
6814,Solomon Islands,SLB,2001,82.954,East Asia & Pacific,Lower middle income,True
6815,Solomon Islands,SLB,2002,83.222,East Asia & Pacific,Lower middle income,True
6816,Solomon Islands,SLB,2003,83.085,East Asia & Pacific,Lower middle income,True
6817,Solomon Islands,SLB,2004,82.907,East Asia & Pacific,Lower middle income,True
6818,Solomon Islands,SLB,2005,82.752,East Asia & Pacific,Lower middle income,True
6819,Solomon Islands,SLB,2006,82.736,East Asia & Pacific,Lower middle income,True
6820,Solomon Islands,SLB,2007,82.747,East Asia & Pacific,Lower middle income,True
6821,Solomon Islands,SLB,2008,82.666,East Asia & Pacific,Lower middle income,True
6822,Solomon Islands,SLB,2009,82.721,East Asia & Pacific,Lower middle income,True
6823,Solomon Islands,SLB,2010,82.53,East Asia & Pacific,Lower middle income,True
6824,Solomon Islands,SLB,2011,82.425,East Asia & Pacific,Lower middle income,True
6825,Solomon Islands,SLB,2012,82.491,East Asia & Pacific,Lower middle income,True
6826,Solomon Islands,SLB,2013,82.443,East Asia & Pacific,Lower middle income,True
6827,Solomon Islands,SLB,2014,82.526,East Asia & Pacific,Lower middle income,True
6828,Solomon Islands,SLB,2015,82.568,East Asia & Pacific,Lower middle income,True
6829,Solomon Islands,SLB,2016,82.447,East Asia & Pacific,Lower middle income,True
6830,Solomon Islands,SLB,2017,82.401,East Asia & Pacific,Lower middle income,True
6831,Solomon Islands,SLB,2018,82.361,East Asia & Pacific,Lower middle income,True
6832,Solomon Islands,SLB,2019,82.367,East Asia & Pacific,Lower middle income,True
6833,Solomon Islands,SLB,2020,81.602,East Asia & Pacific,Lower middle income,True
6834,Solomon Islands,SLB,2021,82.26,East Asia & Pacific,Lower middle income,True
6835,Solomon Islands,SLB,2022,82.309,East Asia & Pacific,Lower middle income,True
6836,Solomon Islands,SLB,2023,82.327,East Asia & Pacific,Lower middle income,True
6837,Solomon Islands,SLB,2024,82.328,East Asia & Pacific,Lower middle income,True
6838,Solomon Islands,SLB,2025,82.337,East Asia & Pacific,Lower middle income,True
6839,"Somalia, Fed. Rep.",SOM,1990,21.192,Sub-Saharan Africa,Low income,True
6840,"Somalia, Fed. Rep.",SOM,1991,21.231,Sub-Saharan Africa,Low income,True
6841,"Somalia, Fed. Rep.",SOM,1992,21.4,Sub-Saharan Africa,Low income,True
6842,"Somalia, Fed. Rep.",SOM,1993,21.445,Sub-Saharan Africa,Low income,True
6843,"Somalia, Fed. Rep.",SOM,1994,21.378,Sub-Saharan Africa,Low income,True
6844,"Somalia, Fed. Rep.",SOM,1995,21.317,Sub-Saharan Africa,Low income,True
6845,"Somalia, Fed. Rep.",SOM,1996,21.262,Sub-Saharan Africa,Low income,True
6846,"Somalia, Fed. Rep.",SOM,1997,21.213,Sub-Saharan Africa,Low income,True
6847,"Somalia, Fed. Rep.",SOM,1998,21.166,Sub-Saharan Africa,Low income,True
6848,"Somalia, Fed. Rep.",SOM,1999,21.122,Sub-Saharan Africa,Low income,True
6849,"Somalia, Fed. Rep.",SOM,2000,21.081,Sub-Saharan Africa,Low income,True
6850,"Somalia, Fed. Rep.",SOM,2001,21.041,Sub-Saharan Africa,Low income,True
6851,"Somalia, Fed. Rep.",SOM,2002,21.0,Sub-Saharan Africa,Low income,True
6852,"Somalia, Fed. Rep.",SOM,2003,20.954,Sub-Saharan Africa,Low income,True
6853,"Somalia, Fed. Rep.",SOM,2004,20.89,Sub-Saharan Africa,Low income,True
6854,"Somalia, Fed. Rep.",SOM,2005,20.79,Sub-Saharan Africa,Low income,True
6855,"Somalia, Fed. Rep.",SOM,2006,20.661,Sub-Saharan Africa,Low income,True
6856,"Somalia, Fed. Rep.",SOM,2007,20.567,Sub-Saharan Africa,Low income,True
6857,"Somalia, Fed. Rep.",SOM,2008,20.55,Sub-Saharan Africa,Low income,True
6858,"Somalia, Fed. Rep.",SOM,2009,20.574,Sub-Saharan Africa,Low income,True
6859,"Somalia, Fed. Rep.",SOM,2010,20.612,Sub-Saharan Africa,Low income,True
6860,"Somalia, Fed. Rep.",SOM,2011,20.733,Sub-Saharan Africa,Low income,True
6861,"Somalia, Fed. Rep.",SOM,2012,20.857,Sub-Saharan Africa,Low income,True
6862,"Somalia, Fed. Rep.",SOM,2013,20.893,Sub-Saharan Africa,Low income,True
6863,"Somalia, Fed. Rep.",SOM,2014,20.918,Sub-Saharan Africa,Low income,True
6864,"Somalia, Fed. Rep.",SOM,2015,20.942,Sub-Saharan Africa,Low income,True
6865,"Somalia, Fed. Rep.",SOM,2016,20.967,Sub-Saharan Africa,Low income,True
6866,"Somalia, Fed. Rep.",SOM,2017,21.007,Sub-Saharan Africa,Low income,True
6867,"Somalia, Fed. Rep.",SOM,2018,21.056,Sub-Saharan Africa,Low income,True
6868,"Somalia, Fed. Rep.",SOM,2019,21.094,Sub-Saharan Africa,Low income,True
6869,"Somalia, Fed. Rep.",SOM,2020,20.892,Sub-Saharan Africa,Low income,True
6870,"Somalia, Fed. Rep.",SOM,2021,20.933,Sub-Saharan Africa,Low income,True
6871,"Somalia, Fed. Rep.",SOM,2022,20.666,Sub-Saharan Africa,Low income,True
6872,"Somalia, Fed. Rep.",SOM,2023,20.707,Sub-Saharan Africa,Low income,True
6873,"Somalia, Fed. Rep.",SOM,2024,20.722,Sub-Saharan Africa,Low income,True
6874,"Somalia, Fed. Rep.",SOM,2025,20.7,Sub-Saharan Africa,Low income,True
6875,South Africa,ZAF,1990,44.72,Sub-Saharan Africa,Upper middle income,True
6876,South Africa,ZAF,1991,44.788,Sub-Saharan Africa,Upper middle income,True
6877,South Africa,ZAF,1992,44.877,Sub-Saharan Africa,Upper middle income,True
6878,South Africa,ZAF,1993,44.843,Sub-Saharan Africa,Upper middle income,True
6879,South Africa,ZAF,1994,44.963,Sub-Saharan Africa,Upper middle income,True
6880,South Africa,ZAF,1995,45.305,Sub-Saharan Africa,Upper middle income,True
6881,South Africa,ZAF,1996,45.634,Sub-Saharan Africa,Upper middle income,True
6882,South Africa,ZAF,1997,45.934,Sub-Saharan Africa,Upper middle income,True
6883,South Africa,ZAF,1998,46.124,Sub-Saharan Africa,Upper middle income,True
6884,South Africa,ZAF,1999,46.343,Sub-Saharan Africa,Upper middle income,True
6885,South Africa,ZAF,2000,46.583,Sub-Saharan Africa,Upper middle income,True
6886,South Africa,ZAF,2001,46.836,Sub-Saharan Africa,Upper middle income,True
6887,South Africa,ZAF,2002,47.089,Sub-Saharan Africa,Upper middle income,True
6888,South Africa,ZAF,2003,47.33,Sub-Saharan Africa,Upper middle income,True
6889,South Africa,ZAF,2004,47.539,Sub-Saharan Africa,Upper middle income,True
6890,South Africa,ZAF,2005,47.708,Sub-Saharan Africa,Upper middle income,True
6891,South Africa,ZAF,2006,47.846,Sub-Saharan Africa,Upper middle income,True
6892,South Africa,ZAF,2007,47.968,Sub-Saharan Africa,Upper middle income,True
6893,South Africa,ZAF,2008,48.062,Sub-Saharan Africa,Upper middle income,True
6894,South Africa,ZAF,2009,46.384,Sub-Saharan Africa,Upper middle income,True
6895,South Africa,ZAF,2010,44.76,Sub-Saharan Africa,Upper middle income,True
6896,South Africa,ZAF,2011,45.149,Sub-Saharan Africa,Upper middle income,True
6897,South Africa,ZAF,2012,45.333,Sub-Saharan Africa,Upper middle income,True
6898,South Africa,ZAF,2013,46.273,Sub-Saharan Africa,Upper middle income,True
6899,South Africa,ZAF,2014,46.492,Sub-Saharan Africa,Upper middle income,True
6900,South Africa,ZAF,2015,47.716,Sub-Saharan Africa,Upper middle income,True
6901,South Africa,ZAF,2016,47.74,Sub-Saharan Africa,Upper middle income,True
6902,South Africa,ZAF,2017,48.632,Sub-Saharan Africa,Upper middle income,True
6903,South Africa,ZAF,2018,48.518,Sub-Saharan Africa,Upper middle income,True
6904,South Africa,ZAF,2019,48.579,Sub-Saharan Africa,Upper middle income,True
6905,South Africa,ZAF,2020,44.148,Sub-Saharan Africa,Upper middle income,True
6906,South Africa,ZAF,2021,45.413,Sub-Saharan Africa,Upper middle income,True
6907,South Africa,ZAF,2022,47.118,Sub-Saharan Africa,Upper middle income,True
6908,South Africa,ZAF,2023,49.052,Sub-Saharan Africa,Upper middle income,True
6909,South Africa,ZAF,2024,49.801,Sub-Saharan Africa,Upper middle income,True
6910,South Africa,ZAF,2025,49.881,Sub-Saharan Africa,Upper middle income,True
6911,South Asia,SAS,1990,29.7323009498369,,,False
6912,South Asia,SAS,1991,29.7812400941786,,,False
6913,South Asia,SAS,1992,29.8487043254475,,,False
6914,South Asia,SAS,1993,30.0117571544634,,,False
6915,South Asia,SAS,1994,30.1873346073784,,,False
6916,South Asia,SAS,1995,30.709604423782,,,False
6917,South Asia,SAS,1996,31.2812863185543,,,False
6918,South Asia,SAS,1997,31.8515975344412,,,False
6919,South Asia,SAS,1998,32.5372409429016,,,False
6920,South Asia,SAS,1999,33.0405338426587,,,False
6921,South Asia,SAS,2000,33.5859456199624,,,False
6922,South Asia,SAS,2001,33.6813652713437,,,False
6923,South Asia,SAS,2002,33.7671605392341,,,False
6924,South Asia,SAS,2003,33.8527400465169,,,False
6925,South Asia,SAS,2004,33.9412344188754,,,False
6926,South Asia,SAS,2005,34.0358691281729,,,False
6927,South Asia,SAS,2006,32.8848724681128,,,False
6928,South Asia,SAS,2007,31.9222066677018,,,False
6929,South Asia,SAS,2008,30.9921741564104,,,False
6930,South Asia,SAS,2009,30.0971109730211,,,False
6931,South Asia,SAS,2010,29.2342610765716,,,False
6932,South Asia,SAS,2011,28.4455398331414,,,False
6933,South Asia,SAS,2012,27.6560373998138,,,False
6934,South Asia,SAS,2013,27.522545031389,,,False
6935,South Asia,SAS,2014,27.4599401227785,,,False
6936,South Asia,SAS,2015,27.4756377114581,,,False
6937,South Asia,SAS,2016,27.4711295642255,,,False
6938,South Asia,SAS,2017,27.8235308429986,,,False
6939,South Asia,SAS,2018,27.9107474591322,,,False
6940,South Asia,SAS,2019,28.0294677656731,,,False
6941,South Asia,SAS,2020,27.6197298280335,,,False
6942,South Asia,SAS,2021,29.2936701917322,,,False
6943,South Asia,SAS,2022,30.8503437167079,,,False
6944,South Asia,SAS,2023,32.0489509421954,,,False
6945,South Asia,SAS,2024,32.9751751800702,,,False
6946,South Asia,SAS,2025,32.9816427886447,,,False
6947,South Asia (IDA & IBRD),TSA,1990,29.7323009498369,,,False
6948,South Asia (IDA & IBRD),TSA,1991,29.7812400941786,,,False
6949,South Asia (IDA & IBRD),TSA,1992,29.8487043254475,,,False
6950,South Asia (IDA & IBRD),TSA,1993,30.0117571544634,,,False
6951,South Asia (IDA & IBRD),TSA,1994,30.1873346073784,,,False
6952,South Asia (IDA & IBRD),TSA,1995,30.709604423782,,,False
6953,South Asia (IDA & IBRD),TSA,1996,31.2812863185543,,,False
6954,South Asia (IDA & IBRD),TSA,1997,31.8515975344412,,,False
6955,South Asia (IDA & IBRD),TSA,1998,32.5372409429016,,,False
6956,South Asia (IDA & IBRD),TSA,1999,33.0405338426587,,,False
6957,South Asia (IDA & IBRD),TSA,2000,33.5859456199624,,,False
6958,South Asia (IDA & IBRD),TSA,2001,33.6813652713437,,,False
6959,South Asia (IDA & IBRD),TSA,2002,33.7671605392341,,,False
6960,South Asia (IDA & IBRD),TSA,2003,33.8527400465169,,,False
6961,South Asia (IDA & IBRD),TSA,2004,33.9412344188754,,,False
6962,South Asia (IDA & IBRD),TSA,2005,34.0358691281729,,,False
6963,South Asia (IDA & IBRD),TSA,2006,32.8848724681129,,,False
6964,South Asia (IDA & IBRD),TSA,2007,31.9222066677018,,,False
6965,South Asia (IDA & IBRD),TSA,2008,30.9921741564104,,,False
6966,South Asia (IDA & IBRD),TSA,2009,30.0971109730211,,,False
6967,South Asia (IDA & IBRD),TSA,2010,29.2342610765716,,,False
6968,South Asia (IDA & IBRD),TSA,2011,28.4455398331414,,,False
6969,South Asia (IDA & IBRD),TSA,2012,27.6560373998138,,,False
6970,South Asia (IDA & IBRD),TSA,2013,27.522545031389,,,False
6971,South Asia (IDA & IBRD),TSA,2014,27.4599401227785,,,False
6972,South Asia (IDA & IBRD),TSA,2015,27.4756377114581,,,False
6973,South Asia (IDA & IBRD),TSA,2016,27.4711295642255,,,False
6974,South Asia (IDA & IBRD),TSA,2017,27.8235308429986,,,False
6975,South Asia (IDA & IBRD),TSA,2018,27.9107474591322,,,False
6976,South Asia (IDA & IBRD),TSA,2019,28.0294677656731,,,False
6977,South Asia (IDA & IBRD),TSA,2020,27.6197298280335,,,False
6978,South Asia (IDA & IBRD),TSA,2021,29.2936701917322,,,False
6979,South Asia (IDA & IBRD),TSA,2022,30.8503437167079,,,False
6980,South Asia (IDA & IBRD),TSA,2023,32.0489509421954,,,False
6981,South Asia (IDA & IBRD),TSA,2024,32.9751751800702,,,False
6982,South Asia (IDA & IBRD),TSA,2025,32.9816427886447,,,False
6983,South Sudan,SSD,1990,71.168,Sub-Saharan Africa,Low income,True
6984,South Sudan,SSD,1991,71.164,Sub-Saharan Africa,Low income,True
6985,South Sudan,SSD,1992,71.146,Sub-Saharan Africa,Low income,True
6986,South Sudan,SSD,1993,71.113,Sub-Saharan Africa,Low income,True
6987,South Sudan,SSD,1994,71.095,Sub-Saharan Africa,Low income,True
6988,South Sudan,SSD,1995,71.078,Sub-Saharan Africa,Low income,True
6989,South Sudan,SSD,1996,71.043,Sub-Saharan Africa,Low income,True
6990,South Sudan,SSD,1997,71.029,Sub-Saharan Africa,Low income,True
6991,South Sudan,SSD,1998,71.09,Sub-Saharan Africa,Low income,True
6992,South Sudan,SSD,1999,71.158,Sub-Saharan Africa,Low income,True
6993,South Sudan,SSD,2000,71.173,Sub-Saharan Africa,Low income,True
6994,South Sudan,SSD,2001,71.154,Sub-Saharan Africa,Low income,True
6995,South Sudan,SSD,2002,71.091,Sub-Saharan Africa,Low income,True
6996,South Sudan,SSD,2003,71.028,Sub-Saharan Africa,Low income,True
6997,South Sudan,SSD,2004,71.058,Sub-Saharan Africa,Low income,True
6998,South Sudan,SSD,2005,71.167,Sub-Saharan Africa,Low income,True
6999,South Sudan,SSD,2006,71.3,Sub-Saharan Africa,Low income,True
7000,South Sudan,SSD,2007,71.448,Sub-Saharan Africa,Low income,True
7001,South Sudan,SSD,2008,71.594,Sub-Saharan Africa,Low income,True
7002,South Sudan,SSD,2009,71.716,Sub-Saharan Africa,Low income,True
7003,South Sudan,SSD,2010,71.903,Sub-Saharan Africa,Low income,True
7004,South Sudan,SSD,2011,72.098,Sub-Saharan Africa,Low income,True
7005,South Sudan,SSD,2012,72.18,Sub-Saharan Africa,Low income,True
7006,South Sudan,SSD,2013,72.196,Sub-Saharan Africa,Low income,True
7007,South Sudan,SSD,2014,71.999,Sub-Saharan Africa,Low income,True
7008,South Sudan,SSD,2015,71.806,Sub-Saharan Africa,Low income,True
7009,South Sudan,SSD,2016,71.609,Sub-Saharan Africa,Low income,True
7010,South Sudan,SSD,2017,71.24,Sub-Saharan Africa,Low income,True
7011,South Sudan,SSD,2018,71.286,Sub-Saharan Africa,Low income,True
7012,South Sudan,SSD,2019,71.68,Sub-Saharan Africa,Low income,True
7013,South Sudan,SSD,2020,70.996,Sub-Saharan Africa,Low income,True
7014,South Sudan,SSD,2021,71.344,Sub-Saharan Africa,Low income,True
7015,South Sudan,SSD,2022,70.628,Sub-Saharan Africa,Low income,True
7016,South Sudan,SSD,2023,70.393,Sub-Saharan Africa,Low income,True
7017,Spain,ESP,1990,33.351,Europe & Central Asia,High income,True
7018,Spain,ESP,1991,33.435,Europe & Central Asia,High income,True
7019,Spain,ESP,1992,34.455,Europe & Central Asia,High income,True
7020,Spain,ESP,1993,35.025,Europe & Central Asia,High income,True
7021,Spain,ESP,1994,36.312,Europe & Central Asia,High income,True
7022,Spain,ESP,1995,36.77,Europe & Central Asia,High income,True
7023,Spain,ESP,1996,37.279,Europe & Central Asia,High income,True
7024,Spain,ESP,1997,38.067,Europe & Central Asia,High income,True
7025,Spain,ESP,1998,38.425,Europe & Central Asia,High income,True
7026,Spain,ESP,1999,39.117,Europe & Central Asia,High income,True
7027,Spain,ESP,2000,40.657,Europe & Central Asia,High income,True
7028,Spain,ESP,2001,39.439,Europe & Central Asia,High income,True
7029,Spain,ESP,2002,41.891,Europe & Central Asia,High income,True
7030,Spain,ESP,2003,43.378,Europe & Central Asia,High income,True
7031,Spain,ESP,2004,44.756,Europe & Central Asia,High income,True
7032,Spain,ESP,2005,46.176,Europe & Central Asia,High income,True
7033,Spain,ESP,2006,47.598,Europe & Central Asia,High income,True
7034,Spain,ESP,2007,48.547,Europe & Central Asia,High income,True
7035,Spain,ESP,2008,49.934,Europe & Central Asia,High income,True
7036,Spain,ESP,2009,51.013,Europe & Central Asia,High income,True
7037,Spain,ESP,2010,51.711,Europe & Central Asia,High income,True
7038,Spain,ESP,2011,52.29,Europe & Central Asia,High income,True
7039,Spain,ESP,2012,52.895,Europe & Central Asia,High income,True
7040,Spain,ESP,2013,52.831,Europe & Central Asia,High income,True
7041,Spain,ESP,2014,52.629,Europe & Central Asia,High income,True
7042,Spain,ESP,2015,52.62,Europe & Central Asia,High income,True
7043,Spain,ESP,2016,52.485,Europe & Central Asia,High income,True
7044,Spain,ESP,2017,52.281,Europe & Central Asia,High income,True
7045,Spain,ESP,2018,51.873,Europe & Central Asia,High income,True
7046,Spain,ESP,2019,52.039,Europe & Central Asia,High income,True
7047,Spain,ESP,2020,50.922,Europe & Central Asia,High income,True
7048,Spain,ESP,2021,52.177,Europe & Central Asia,High income,True
7049,Spain,ESP,2022,52.281,Europe & Central Asia,High income,True
7050,Spain,ESP,2023,52.773,Europe & Central Asia,High income,True
7051,Spain,ESP,2024,53.195,Europe & Central Asia,High income,True
7052,Spain,ESP,2025,52.825,Europe & Central Asia,High income,True
7053,Sri Lanka,LKA,1990,45.149,South Asia,Upper middle income,True
7054,Sri Lanka,LKA,1991,41.002,South Asia,Upper middle income,True
7055,Sri Lanka,LKA,1992,36.913,South Asia,Upper middle income,True
7056,Sri Lanka,LKA,1993,37.676,South Asia,Upper middle income,True
7057,Sri Lanka,LKA,1994,37.9,South Asia,Upper middle income,True
7058,Sri Lanka,LKA,1995,35.6,South Asia,Upper middle income,True
7059,Sri Lanka,LKA,1996,35.489,South Asia,Upper middle income,True
7060,Sri Lanka,LKA,1997,35.263,South Asia,Upper middle income,True
7061,Sri Lanka,LKA,1998,41.33,South Asia,Upper middle income,True
7062,Sri Lanka,LKA,1999,37.649,South Asia,Upper middle income,True
7063,Sri Lanka,LKA,2000,36.331,South Asia,Upper middle income,True
7064,Sri Lanka,LKA,2001,36.077,South Asia,Upper middle income,True
7065,Sri Lanka,LKA,2002,35.831,South Asia,Upper middle income,True
7066,Sri Lanka,LKA,2003,35.59,South Asia,Upper middle income,True
7067,Sri Lanka,LKA,2004,35.35,South Asia,Upper middle income,True
7068,Sri Lanka,LKA,2005,35.111,South Asia,Upper middle income,True
7069,Sri Lanka,LKA,2006,34.876,South Asia,Upper middle income,True
7070,Sri Lanka,LKA,2007,34.644,South Asia,Upper middle income,True
7071,Sri Lanka,LKA,2008,34.415,South Asia,Upper middle income,True
7072,Sri Lanka,LKA,2009,34.191,South Asia,Upper middle income,True
7073,Sri Lanka,LKA,2010,33.965,South Asia,Upper middle income,True
7074,Sri Lanka,LKA,2011,33.946,South Asia,Upper middle income,True
7075,Sri Lanka,LKA,2012,32.649,South Asia,Upper middle income,True
7076,Sri Lanka,LKA,2013,33.869,South Asia,Upper middle income,True
7077,Sri Lanka,LKA,2014,33.211,South Asia,Upper middle income,True
7078,Sri Lanka,LKA,2015,35.33,South Asia,Upper middle income,True
7079,Sri Lanka,LKA,2016,35.252,South Asia,Upper middle income,True
7080,Sri Lanka,LKA,2017,36.094,South Asia,Upper middle income,True
7081,Sri Lanka,LKA,2018,33.105,South Asia,Upper middle income,True
7082,Sri Lanka,LKA,2019,34.051,South Asia,Upper middle income,True
7083,Sri Lanka,LKA,2020,31.663,South Asia,Upper middle income,True
7084,Sri Lanka,LKA,2021,31.329,South Asia,Upper middle income,True
7085,Sri Lanka,LKA,2022,31.605,South Asia,Upper middle income,True
7086,Sri Lanka,LKA,2023,29.6,South Asia,Upper middle income,True
7087,Sri Lanka,LKA,2024,30.998,South Asia,Upper middle income,True
7088,Sri Lanka,LKA,2025,30.992,South Asia,Upper middle income,True
7089,St. Lucia,LCA,1990,48.209,Latin America & Caribbean,Upper middle income,True
7090,St. Lucia,LCA,1991,48.343,Latin America & Caribbean,Upper middle income,True
7091,St. Lucia,LCA,1992,48.843,Latin America & Caribbean,Upper middle income,True
7092,St. Lucia,LCA,1993,49.349,Latin America & Caribbean,Upper middle income,True
7093,St. Lucia,LCA,1994,49.856,Latin America & Caribbean,Upper middle income,True
7094,St. Lucia,LCA,1995,50.362,Latin America & Caribbean,Upper middle income,True
7095,St. Lucia,LCA,1996,50.868,Latin America & Caribbean,Upper middle income,True
7096,St. Lucia,LCA,1997,51.375,Latin America & Caribbean,Upper middle income,True
7097,St. Lucia,LCA,1998,51.88,Latin America & Caribbean,Upper middle income,True
7098,St. Lucia,LCA,1999,52.385,Latin America & Caribbean,Upper middle income,True
7099,St. Lucia,LCA,2000,52.897,Latin America & Caribbean,Upper middle income,True
7100,St. Lucia,LCA,2001,53.416,Latin America & Caribbean,Upper middle income,True
7101,St. Lucia,LCA,2002,54.247,Latin America & Caribbean,Upper middle income,True
7102,St. Lucia,LCA,2003,55.078,Latin America & Caribbean,Upper middle income,True
7103,St. Lucia,LCA,2004,55.909,Latin America & Caribbean,Upper middle income,True
7104,St. Lucia,LCA,2005,56.739,Latin America & Caribbean,Upper middle income,True
7105,St. Lucia,LCA,2006,57.567,Latin America & Caribbean,Upper middle income,True
7106,St. Lucia,LCA,2007,58.39,Latin America & Caribbean,Upper middle income,True
7107,St. Lucia,LCA,2008,59.208,Latin America & Caribbean,Upper middle income,True
7108,St. Lucia,LCA,2009,60.025,Latin America & Caribbean,Upper middle income,True
7109,St. Lucia,LCA,2010,60.848,Latin America & Caribbean,Upper middle income,True
7110,St. Lucia,LCA,2011,61.673,Latin America & Caribbean,Upper middle income,True
7111,St. Lucia,LCA,2012,64.477,Latin America & Caribbean,Upper middle income,True
7112,St. Lucia,LCA,2013,63.293,Latin America & Caribbean,Upper middle income,True
7113,St. Lucia,LCA,2014,63.394,Latin America & Caribbean,Upper middle income,True
7114,St. Lucia,LCA,2015,63.495,Latin America & Caribbean,Upper middle income,True
7115,St. Lucia,LCA,2016,63.595,Latin America & Caribbean,Upper middle income,True
7116,St. Lucia,LCA,2017,63.695,Latin America & Caribbean,Upper middle income,True
7117,St. Lucia,LCA,2018,63.882,Latin America & Caribbean,Upper middle income,True
7118,St. Lucia,LCA,2019,64.312,Latin America & Caribbean,Upper middle income,True
7119,St. Lucia,LCA,2020,49.331,Latin America & Caribbean,Upper middle income,True
7120,St. Lucia,LCA,2021,60.375,Latin America & Caribbean,Upper middle income,True
7121,St. Lucia,LCA,2022,62.68,Latin America & Caribbean,Upper middle income,True
7122,St. Lucia,LCA,2023,62.135,Latin America & Caribbean,Upper middle income,True
7123,St. Lucia,LCA,2024,61.885,Latin America & Caribbean,Upper middle income,True
7124,St. Lucia,LCA,2025,61.995,Latin America & Caribbean,Upper middle income,True
7125,St. Vincent and the Grenadines,VCT,1990,44.001,Latin America & Caribbean,Upper middle income,True
7126,St. Vincent and the Grenadines,VCT,1991,44.24,Latin America & Caribbean,Upper middle income,True
7127,St. Vincent and the Grenadines,VCT,1992,44.913,Latin America & Caribbean,Upper middle income,True
7128,St. Vincent and the Grenadines,VCT,1993,45.416,Latin America & Caribbean,Upper middle income,True
7129,St. Vincent and the Grenadines,VCT,1994,45.456,Latin America & Caribbean,Upper middle income,True
7130,St. Vincent and the Grenadines,VCT,1995,46.181,Latin America & Caribbean,Upper middle income,True
7131,St. Vincent and the Grenadines,VCT,1996,46.427,Latin America & Caribbean,Upper middle income,True
7132,St. Vincent and the Grenadines,VCT,1997,46.862,Latin America & Caribbean,Upper middle income,True
7133,St. Vincent and the Grenadines,VCT,1998,47.35,Latin America & Caribbean,Upper middle income,True
7134,St. Vincent and the Grenadines,VCT,1999,47.697,Latin America & Caribbean,Upper middle income,True
7135,St. Vincent and the Grenadines,VCT,2000,47.946,Latin America & Caribbean,Upper middle income,True
7136,St. Vincent and the Grenadines,VCT,2001,48.262,Latin America & Caribbean,Upper middle income,True
7137,St. Vincent and the Grenadines,VCT,2002,48.896,Latin America & Caribbean,Upper middle income,True
7138,St. Vincent and the Grenadines,VCT,2003,49.651,Latin America & Caribbean,Upper middle income,True
7139,St. Vincent and the Grenadines,VCT,2004,50.231,Latin America & Caribbean,Upper middle income,True
7140,St. Vincent and the Grenadines,VCT,2005,50.719,Latin America & Caribbean,Upper middle income,True
7141,St. Vincent and the Grenadines,VCT,2006,51.569,Latin America & Caribbean,Upper middle income,True
7142,St. Vincent and the Grenadines,VCT,2007,52.159,Latin America & Caribbean,Upper middle income,True
7143,St. Vincent and the Grenadines,VCT,2008,52.531,Latin America & Caribbean,Upper middle income,True
7144,St. Vincent and the Grenadines,VCT,2009,52.778,Latin America & Caribbean,Upper middle income,True
7145,St. Vincent and the Grenadines,VCT,2010,52.809,Latin America & Caribbean,Upper middle income,True
7146,St. Vincent and the Grenadines,VCT,2011,53.128,Latin America & Caribbean,Upper middle income,True
7147,St. Vincent and the Grenadines,VCT,2012,53.515,Latin America & Caribbean,Upper middle income,True
7148,St. Vincent and the Grenadines,VCT,2013,53.95,Latin America & Caribbean,Upper middle income,True
7149,St. Vincent and the Grenadines,VCT,2014,54.296,Latin America & Caribbean,Upper middle income,True
7150,St. Vincent and the Grenadines,VCT,2015,54.737,Latin America & Caribbean,Upper middle income,True
7151,St. Vincent and the Grenadines,VCT,2016,55.3,Latin America & Caribbean,Upper middle income,True
7152,St. Vincent and the Grenadines,VCT,2017,55.748,Latin America & Caribbean,Upper middle income,True
7153,St. Vincent and the Grenadines,VCT,2018,56.362,Latin America & Caribbean,Upper middle income,True
7154,St. Vincent and the Grenadines,VCT,2019,56.844,Latin America & Caribbean,Upper middle income,True
7155,St. Vincent and the Grenadines,VCT,2020,56.109,Latin America & Caribbean,Upper middle income,True
7156,St. Vincent and the Grenadines,VCT,2021,56.463,Latin America & Caribbean,Upper middle income,True
7157,St. Vincent and the Grenadines,VCT,2022,57.595,Latin America & Caribbean,Upper middle income,True
7158,St. Vincent and the Grenadines,VCT,2023,58.568,Latin America & Caribbean,Upper middle income,True
7159,St. Vincent and the Grenadines,VCT,2024,59.253,Latin America & Caribbean,Upper middle income,True
7160,St. Vincent and the Grenadines,VCT,2025,59.217,Latin America & Caribbean,Upper middle income,True
7161,Sub-Saharan Africa,SSF,1990,65.9837877714384,,,False
7162,Sub-Saharan Africa,SSF,1991,66.2132645259774,,,False
7163,Sub-Saharan Africa,SSF,1992,66.453740659447,,,False
7164,Sub-Saharan Africa,SSF,1993,66.6001703756414,,,False
7165,Sub-Saharan Africa,SSF,1994,66.8680526673946,,,False
7166,Sub-Saharan Africa,SSF,1995,67.0022911099929,,,False
7167,Sub-Saharan Africa,SSF,1996,66.949760860356,,,False
7168,Sub-Saharan Africa,SSF,1997,66.9003397495093,,,False
7169,Sub-Saharan Africa,SSF,1998,66.8838547586031,,,False
7170,Sub-Saharan Africa,SSF,1999,66.943519997832,,,False
7171,Sub-Saharan Africa,SSF,2000,66.9745205386649,,,False
7172,Sub-Saharan Africa,SSF,2001,66.9860168965162,,,False
7173,Sub-Saharan Africa,SSF,2002,67.0585146532961,,,False
7174,Sub-Saharan Africa,SSF,2003,67.076280403941,,,False
7175,Sub-Saharan Africa,SSF,2004,67.0925913374062,,,False
7176,Sub-Saharan Africa,SSF,2005,67.0792837496485,,,False
7177,Sub-Saharan Africa,SSF,2006,66.9856626105357,,,False
7178,Sub-Saharan Africa,SSF,2007,66.8394730416126,,,False
7179,Sub-Saharan Africa,SSF,2008,66.6113523941924,,,False
7180,Sub-Saharan Africa,SSF,2009,66.2756864936217,,,False
7181,Sub-Saharan Africa,SSF,2010,65.9547349488516,,,False
7182,Sub-Saharan Africa,SSF,2011,66.005801848466,,,False
7183,Sub-Saharan Africa,SSF,2012,65.3499480588177,,,False
7184,Sub-Saharan Africa,SSF,2013,65.7043608774754,,,False
7185,Sub-Saharan Africa,SSF,2014,64.986767124181,,,False
7186,Sub-Saharan Africa,SSF,2015,64.599106134625,,,False
7187,Sub-Saharan Africa,SSF,2016,64.1698075983083,,,False
7188,Sub-Saharan Africa,SSF,2017,63.566543059036,,,False
7189,Sub-Saharan Africa,SSF,2018,63.093404592204,,,False
7190,Sub-Saharan Africa,SSF,2019,62.6410146900082,,,False
7191,Sub-Saharan Africa,SSF,2020,61.3809535938493,,,False
7192,Sub-Saharan Africa,SSF,2021,61.663172375759,,,False
7193,Sub-Saharan Africa,SSF,2022,62.1359579412566,,,False
7194,Sub-Saharan Africa,SSF,2023,65.1338633879669,,,False
7195,Sub-Saharan Africa,SSF,2024,65.1826426464525,,,False
7196,Sub-Saharan Africa,SSF,2025,65.1586143694283,,,False
7197,Sub-Saharan Africa (IDA & IBRD countries),TSS,1990,65.9837877714384,,,False
7198,Sub-Saharan Africa (IDA & IBRD countries),TSS,1991,66.2132645259774,,,False
7199,Sub-Saharan Africa (IDA & IBRD countries),TSS,1992,66.453740659447,,,False
7200,Sub-Saharan Africa (IDA & IBRD countries),TSS,1993,66.6001703756414,,,False
7201,Sub-Saharan Africa (IDA & IBRD countries),TSS,1994,66.8680526673946,,,False
7202,Sub-Saharan Africa (IDA & IBRD countries),TSS,1995,67.0022911099929,,,False
7203,Sub-Saharan Africa (IDA & IBRD countries),TSS,1996,66.949760860356,,,False
7204,Sub-Saharan Africa (IDA & IBRD countries),TSS,1997,66.9003397495093,,,False
7205,Sub-Saharan Africa (IDA & IBRD countries),TSS,1998,66.8838547586031,,,False
7206,Sub-Saharan Africa (IDA & IBRD countries),TSS,1999,66.943519997832,,,False
7207,Sub-Saharan Africa (IDA & IBRD countries),TSS,2000,66.9745205386649,,,False
7208,Sub-Saharan Africa (IDA & IBRD countries),TSS,2001,66.9860168965162,,,False
7209,Sub-Saharan Africa (IDA & IBRD countries),TSS,2002,67.0585146532961,,,False
7210,Sub-Saharan Africa (IDA & IBRD countries),TSS,2003,67.076280403941,,,False
7211,Sub-Saharan Africa (IDA & IBRD countries),TSS,2004,67.0925913374062,,,False
7212,Sub-Saharan Africa (IDA & IBRD countries),TSS,2005,67.0792837496485,,,False
7213,Sub-Saharan Africa (IDA & IBRD countries),TSS,2006,66.9856626105357,,,False
7214,Sub-Saharan Africa (IDA & IBRD countries),TSS,2007,66.8394730416126,,,False
7215,Sub-Saharan Africa (IDA & IBRD countries),TSS,2008,66.6113523941924,,,False
7216,Sub-Saharan Africa (IDA & IBRD countries),TSS,2009,66.2756864936217,,,False
7217,Sub-Saharan Africa (IDA & IBRD countries),TSS,2010,65.9547349488516,,,False
7218,Sub-Saharan Africa (IDA & IBRD countries),TSS,2011,66.005801848466,,,False
7219,Sub-Saharan Africa (IDA & IBRD countries),TSS,2012,65.3499480588177,,,False
7220,Sub-Saharan Africa (IDA & IBRD countries),TSS,2013,65.7043608774754,,,False
7221,Sub-Saharan Africa (IDA & IBRD countries),TSS,2014,64.986767124181,,,False
7222,Sub-Saharan Africa (IDA & IBRD countries),TSS,2015,64.599106134625,,,False
7223,Sub-Saharan Africa (IDA & IBRD countries),TSS,2016,64.1698075983083,,,False
7224,Sub-Saharan Africa (IDA & IBRD countries),TSS,2017,63.566543059036,,,False
7225,Sub-Saharan Africa (IDA & IBRD countries),TSS,2018,63.093404592204,,,False
7226,Sub-Saharan Africa (IDA & IBRD countries),TSS,2019,62.6410146900082,,,False
7227,Sub-Saharan Africa (IDA & IBRD countries),TSS,2020,61.3809535938493,,,False
7228,Sub-Saharan Africa (IDA & IBRD countries),TSS,2021,61.663172375759,,,False
7229,Sub-Saharan Africa (IDA & IBRD countries),TSS,2022,62.1359579412566,,,False
7230,Sub-Saharan Africa (IDA & IBRD countries),TSS,2023,65.1338633879669,,,False
7231,Sub-Saharan Africa (IDA & IBRD countries),TSS,2024,65.1826426464525,,,False
7232,Sub-Saharan Africa (IDA & IBRD countries),TSS,2025,65.1586143694282,,,False
7233,Sub-Saharan Africa (excluding high income),SSA,1990,65.9837877714385,,,False
7234,Sub-Saharan Africa (excluding high income),SSA,1991,66.2132645259774,,,False
7235,Sub-Saharan Africa (excluding high income),SSA,1992,66.453740659447,,,False
7236,Sub-Saharan Africa (excluding high income),SSA,1993,66.6001703756414,,,False
7237,Sub-Saharan Africa (excluding high income),SSA,1994,66.8680526673947,,,False
7238,Sub-Saharan Africa (excluding high income),SSA,1995,67.0022911099929,,,False
7239,Sub-Saharan Africa (excluding high income),SSA,1996,66.949760860356,,,False
7240,Sub-Saharan Africa (excluding high income),SSA,1997,66.9003397495093,,,False
7241,Sub-Saharan Africa (excluding high income),SSA,1998,66.8838547586031,,,False
7242,Sub-Saharan Africa (excluding high income),SSA,1999,66.943519997832,,,False
7243,Sub-Saharan Africa (excluding high income),SSA,2000,66.9745205386649,,,False
7244,Sub-Saharan Africa (excluding high income),SSA,2001,66.9860168965162,,,False
7245,Sub-Saharan Africa (excluding high income),SSA,2002,67.0585146532961,,,False
7246,Sub-Saharan Africa (excluding high income),SSA,2003,67.076280403941,,,False
7247,Sub-Saharan Africa (excluding high income),SSA,2004,67.0925913374062,,,False
7248,Sub-Saharan Africa (excluding high income),SSA,2005,67.0792837496486,,,False
7249,Sub-Saharan Africa (excluding high income),SSA,2006,66.9856626105357,,,False
7250,Sub-Saharan Africa (excluding high income),SSA,2007,66.8394730416126,,,False
7251,Sub-Saharan Africa (excluding high income),SSA,2008,66.6113523941924,,,False
7252,Sub-Saharan Africa (excluding high income),SSA,2009,66.2756864936217,,,False
7253,Sub-Saharan Africa (excluding high income),SSA,2010,65.9547349488516,,,False
7254,Sub-Saharan Africa (excluding high income),SSA,2011,66.0058018484661,,,False
7255,Sub-Saharan Africa (excluding high income),SSA,2012,65.3499480588177,,,False
7256,Sub-Saharan Africa (excluding high income),SSA,2013,65.7043608774754,,,False
7257,Sub-Saharan Africa (excluding high income),SSA,2014,64.986767124181,,,False
7258,Sub-Saharan Africa (excluding high income),SSA,2015,64.599106134625,,,False
7259,Sub-Saharan Africa (excluding high income),SSA,2016,64.1698075983083,,,False
7260,Sub-Saharan Africa (excluding high income),SSA,2017,63.566543059036,,,False
7261,Sub-Saharan Africa (excluding high income),SSA,2018,63.093404592204,,,False
7262,Sub-Saharan Africa (excluding high income),SSA,2019,62.6410146900082,,,False
7263,Sub-Saharan Africa (excluding high income),SSA,2020,61.3809535938493,,,False
7264,Sub-Saharan Africa (excluding high income),SSA,2021,61.663172375759,,,False
7265,Sub-Saharan Africa (excluding high income),SSA,2022,62.1359579412566,,,False
7266,Sub-Saharan Africa (excluding high income),SSA,2023,65.1338633879669,,,False
7267,Sub-Saharan Africa (excluding high income),SSA,2024,65.1826426464525,,,False
7268,Sub-Saharan Africa (excluding high income),SSA,2025,65.1586143694283,,,False
7269,Sudan,SDN,1990,23.58,Sub-Saharan Africa,Low income,True
7270,Sudan,SDN,1991,24.405,Sub-Saharan Africa,Low income,True
7271,Sudan,SDN,1992,25.256,Sub-Saharan Africa,Low income,True
7272,Sudan,SDN,1993,26.136,Sub-Saharan Africa,Low income,True
7273,Sudan,SDN,1994,27.049,Sub-Saharan Africa,Low income,True
7274,Sudan,SDN,1995,27.992,Sub-Saharan Africa,Low income,True
7275,Sudan,SDN,1996,28.962,Sub-Saharan Africa,Low income,True
7276,Sudan,SDN,1997,28.674,Sub-Saharan Africa,Low income,True
7277,Sudan,SDN,1998,28.391,Sub-Saharan Africa,Low income,True
7278,Sudan,SDN,1999,28.106,Sub-Saharan Africa,Low income,True
7279,Sudan,SDN,2000,27.819,Sub-Saharan Africa,Low income,True
7280,Sudan,SDN,2001,27.532,Sub-Saharan Africa,Low income,True
7281,Sudan,SDN,2002,27.245,Sub-Saharan Africa,Low income,True
7282,Sudan,SDN,2003,26.959,Sub-Saharan Africa,Low income,True
7283,Sudan,SDN,2004,26.68,Sub-Saharan Africa,Low income,True
7284,Sudan,SDN,2005,26.411,Sub-Saharan Africa,Low income,True
7285,Sudan,SDN,2006,26.141,Sub-Saharan Africa,Low income,True
7286,Sudan,SDN,2007,25.869,Sub-Saharan Africa,Low income,True
7287,Sudan,SDN,2008,25.6,Sub-Saharan Africa,Low income,True
7288,Sudan,SDN,2009,26.503,Sub-Saharan Africa,Low income,True
7289,Sudan,SDN,2010,27.404,Sub-Saharan Africa,Low income,True
7290,Sudan,SDN,2011,28.33,Sub-Saharan Africa,Low income,True
7291,Sudan,SDN,2012,27.022,Sub-Saharan Africa,Low income,True
7292,Sudan,SDN,2013,25.747,Sub-Saharan Africa,Low income,True
7293,Sudan,SDN,2014,24.517,Sub-Saharan Africa,Low income,True
7294,Sudan,SDN,2015,23.304,Sub-Saharan Africa,Low income,True
7295,Sudan,SDN,2016,22.088,Sub-Saharan Africa,Low income,True
7296,Sudan,SDN,2017,20.9,Sub-Saharan Africa,Low income,True
7297,Sudan,SDN,2018,19.704,Sub-Saharan Africa,Low income,True
7298,Sudan,SDN,2019,18.466,Sub-Saharan Africa,Low income,True
7299,Sudan,SDN,2020,17.008,Sub-Saharan Africa,Low income,True
7300,Sudan,SDN,2021,15.807,Sub-Saharan Africa,Low income,True
7301,Sudan,SDN,2022,14.452,Sub-Saharan Africa,Low income,True
7302,Suriname,SUR,1990,32.426,Latin America & Caribbean,Upper middle income,True
7303,Suriname,SUR,1991,32.652,Latin America & Caribbean,Upper middle income,True
7304,Suriname,SUR,1992,32.693,Latin America & Caribbean,Upper middle income,True
7305,Suriname,SUR,1993,32.154,Latin America & Caribbean,Upper middle income,True
7306,Suriname,SUR,1994,32.42,Latin America & Caribbean,Upper middle income,True
7307,Suriname,SUR,1995,32.391,Latin America & Caribbean,Upper middle income,True
7308,Suriname,SUR,1996,32.474,Latin America & Caribbean,Upper middle income,True
7309,Suriname,SUR,1997,32.558,Latin America & Caribbean,Upper middle income,True
7310,Suriname,SUR,1998,32.643,Latin America & Caribbean,Upper middle income,True
7311,Suriname,SUR,1999,32.73,Latin America & Caribbean,Upper middle income,True
7312,Suriname,SUR,2000,33.397,Latin America & Caribbean,Upper middle income,True
7313,Suriname,SUR,2001,34.072,Latin America & Caribbean,Upper middle income,True
7314,Suriname,SUR,2002,34.754,Latin America & Caribbean,Upper middle income,True
7315,Suriname,SUR,2003,35.444,Latin America & Caribbean,Upper middle income,True
7316,Suriname,SUR,2004,36.154,Latin America & Caribbean,Upper middle income,True
7317,Suriname,SUR,2005,36.884,Latin America & Caribbean,Upper middle income,True
7318,Suriname,SUR,2006,37.618,Latin America & Caribbean,Upper middle income,True
7319,Suriname,SUR,2007,38.356,Latin America & Caribbean,Upper middle income,True
7320,Suriname,SUR,2008,39.098,Latin America & Caribbean,Upper middle income,True
7321,Suriname,SUR,2009,39.844,Latin America & Caribbean,Upper middle income,True
7322,Suriname,SUR,2010,40.594,Latin America & Caribbean,Upper middle income,True
7323,Suriname,SUR,2011,41.347,Latin America & Caribbean,Upper middle income,True
7324,Suriname,SUR,2012,42.103,Latin America & Caribbean,Upper middle income,True
7325,Suriname,SUR,2013,42.86,Latin America & Caribbean,Upper middle income,True
7326,Suriname,SUR,2014,43.618,Latin America & Caribbean,Upper middle income,True
7327,Suriname,SUR,2015,44.378,Latin America & Caribbean,Upper middle income,True
7328,Suriname,SUR,2016,45.14,Latin America & Caribbean,Upper middle income,True
7329,Suriname,SUR,2017,45.334,Latin America & Caribbean,Upper middle income,True
7330,Suriname,SUR,2018,45.863,Latin America & Caribbean,Upper middle income,True
7331,Suriname,SUR,2019,46.005,Latin America & Caribbean,Upper middle income,True
7332,Suriname,SUR,2020,42.93,Latin America & Caribbean,Upper middle income,True
7333,Suriname,SUR,2021,43.581,Latin America & Caribbean,Upper middle income,True
7334,Suriname,SUR,2022,43.957,Latin America & Caribbean,Upper middle income,True
7335,Suriname,SUR,2023,44.348,Latin America & Caribbean,Upper middle income,True
7336,Suriname,SUR,2024,44.887,Latin America & Caribbean,Upper middle income,True
7337,Suriname,SUR,2025,44.915,Latin America & Caribbean,Upper middle income,True
7338,Sweden,SWE,1990,62.803,Europe & Central Asia,High income,True
7339,Sweden,SWE,1991,62.138,Europe & Central Asia,High income,True
7340,Sweden,SWE,1992,60.781,Europe & Central Asia,High income,True
7341,Sweden,SWE,1993,59.355,Europe & Central Asia,High income,True
7342,Sweden,SWE,1994,58.54,Europe & Central Asia,High income,True
7343,Sweden,SWE,1995,58.996,Europe & Central Asia,High income,True
7344,Sweden,SWE,1996,59.066,Europe & Central Asia,High income,True
7345,Sweden,SWE,1997,58.592,Europe & Central Asia,High income,True
7346,Sweden,SWE,1998,57.358,Europe & Central Asia,High income,True
7347,Sweden,SWE,1999,58.374,Europe & Central Asia,High income,True
7348,Sweden,SWE,2000,58.104,Europe & Central Asia,High income,True
7349,Sweden,SWE,2001,58.578,Europe & Central Asia,High income,True
7350,Sweden,SWE,2002,58.716,Europe & Central Asia,High income,True
7351,Sweden,SWE,2003,58.793,Europe & Central Asia,High income,True
7352,Sweden,SWE,2004,58.466,Europe & Central Asia,High income,True
7353,Sweden,SWE,2005,59.116,Europe & Central Asia,High income,True
7354,Sweden,SWE,2006,59.231,Europe & Central Asia,High income,True
7355,Sweden,SWE,2007,59.706,Europe & Central Asia,High income,True
7356,Sweden,SWE,2008,59.836,Europe & Central Asia,High income,True
7357,Sweden,SWE,2009,59.378,Europe & Central Asia,High income,True
7358,Sweden,SWE,2010,58.976,Europe & Central Asia,High income,True
7359,Sweden,SWE,2011,59.526,Europe & Central Asia,High income,True
7360,Sweden,SWE,2012,59.719,Europe & Central Asia,High income,True
7361,Sweden,SWE,2013,60.127,Europe & Central Asia,High income,True
7362,Sweden,SWE,2014,60.279,Europe & Central Asia,High income,True
7363,Sweden,SWE,2015,60.562,Europe & Central Asia,High income,True
7364,Sweden,SWE,2016,60.691,Europe & Central Asia,High income,True
7365,Sweden,SWE,2017,61.036,Europe & Central Asia,High income,True
7366,Sweden,SWE,2018,61.259,Europe & Central Asia,High income,True
7367,Sweden,SWE,2019,61.315,Europe & Central Asia,High income,True
7368,Sweden,SWE,2020,60.587,Europe & Central Asia,High income,True
7369,Sweden,SWE,2021,60.704,Europe & Central Asia,High income,True
7370,Sweden,SWE,2022,61.05,Europe & Central Asia,High income,True
7371,Sweden,SWE,2023,61.685,Europe & Central Asia,High income,True
7372,Sweden,SWE,2024,61.68,Europe & Central Asia,High income,True
7373,Sweden,SWE,2025,61.537,Europe & Central Asia,High income,True
7374,Switzerland,CHE,1990,51.611,Europe & Central Asia,High income,True
7375,Switzerland,CHE,1991,51.823,Europe & Central Asia,High income,True
7376,Switzerland,CHE,1992,52.186,Europe & Central Asia,High income,True
7377,Switzerland,CHE,1993,52.819,Europe & Central Asia,High income,True
7378,Switzerland,CHE,1994,51.951,Europe & Central Asia,High income,True
7379,Switzerland,CHE,1995,52.01,Europe & Central Asia,High income,True
7380,Switzerland,CHE,1996,56.867,Europe & Central Asia,High income,True
7381,Switzerland,CHE,1997,56.924,Europe & Central Asia,High income,True
7382,Switzerland,CHE,1998,58.014,Europe & Central Asia,High income,True
7383,Switzerland,CHE,1999,58.124,Europe & Central Asia,High income,True
7384,Switzerland,CHE,2000,57.595,Europe & Central Asia,High income,True
7385,Switzerland,CHE,2001,58.797,Europe & Central Asia,High income,True
7386,Switzerland,CHE,2002,59.358,Europe & Central Asia,High income,True
7387,Switzerland,CHE,2003,59.497,Europe & Central Asia,High income,True
7388,Switzerland,CHE,2004,59.132,Europe & Central Asia,High income,True
7389,Switzerland,CHE,2005,59.35,Europe & Central Asia,High income,True
7390,Switzerland,CHE,2006,59.755,Europe & Central Asia,High income,True
7391,Switzerland,CHE,2007,59.956,Europe & Central Asia,High income,True
7392,Switzerland,CHE,2008,61.329,Europe & Central Asia,High income,True
7393,Switzerland,CHE,2009,61.646,Europe & Central Asia,High income,True
7394,Switzerland,CHE,2010,60.021,Europe & Central Asia,High income,True
7395,Switzerland,CHE,2011,60.613,Europe & Central Asia,High income,True
7396,Switzerland,CHE,2012,60.903,Europe & Central Asia,High income,True
7397,Switzerland,CHE,2013,61.21,Europe & Central Asia,High income,True
7398,Switzerland,CHE,2014,61.988,Europe & Central Asia,High income,True
7399,Switzerland,CHE,2015,62.36,Europe & Central Asia,High income,True
7400,Switzerland,CHE,2016,62.934,Europe & Central Asia,High income,True
7401,Switzerland,CHE,2017,62.705,Europe & Central Asia,High income,True
7402,Switzerland,CHE,2018,63.007,Europe & Central Asia,High income,True
7403,Switzerland,CHE,2019,63.079,Europe & Central Asia,High income,True
7404,Switzerland,CHE,2020,62.636,Europe & Central Asia,High income,True
7405,Switzerland,CHE,2021,62.631,Europe & Central Asia,High income,True
7406,Switzerland,CHE,2022,61.931,Europe & Central Asia,High income,True
7407,Switzerland,CHE,2023,62.375,Europe & Central Asia,High income,True
7408,Switzerland,CHE,2024,62.53,Europe & Central Asia,High income,True
7409,Switzerland,CHE,2025,62.223,Europe & Central Asia,High income,True
7410,Syrian Arab Republic,SYR,1990,18.798,Middle East & North Africa,Low income,True
7411,Syrian Arab Republic,SYR,1991,19.062,Middle East & North Africa,Low income,True
7412,Syrian Arab Republic,SYR,1992,19.52,Middle East & North Africa,Low income,True
7413,Syrian Arab Republic,SYR,1993,19.739,Middle East & North Africa,Low income,True
7414,Syrian Arab Republic,SYR,1994,20.094,Middle East & North Africa,Low income,True
7415,Syrian Arab Republic,SYR,1995,20.484,Middle East & North Africa,Low income,True
7416,Syrian Arab Republic,SYR,1996,19.043,Middle East & North Africa,Low income,True
7417,Syrian Arab Republic,SYR,1997,17.723,Middle East & North Africa,Low income,True
7418,Syrian Arab Republic,SYR,1998,16.511,Middle East & North Africa,Low income,True
7419,Syrian Arab Republic,SYR,1999,18.594,Middle East & North Africa,Low income,True
7420,Syrian Arab Republic,SYR,2000,20.887,Middle East & North Africa,Low income,True
7421,Syrian Arab Republic,SYR,2001,20.241,Middle East & North Africa,Low income,True
7422,Syrian Arab Republic,SYR,2002,19.616,Middle East & North Africa,Low income,True
7423,Syrian Arab Republic,SYR,2003,19.01,Middle East & North Africa,Low income,True
7424,Syrian Arab Republic,SYR,2004,17.747,Middle East & North Africa,Low income,True
7425,Syrian Arab Republic,SYR,2005,16.538,Middle East & North Africa,Low income,True
7426,Syrian Arab Republic,SYR,2006,15.388,Middle East & North Africa,Low income,True
7427,Syrian Arab Republic,SYR,2007,14.214,Middle East & North Africa,Low income,True
7428,Syrian Arab Republic,SYR,2008,13.703,Middle East & North Africa,Low income,True
7429,Syrian Arab Republic,SYR,2009,13.21,Middle East & North Africa,Low income,True
7430,Syrian Arab Republic,SYR,2010,12.979,Middle East & North Africa,Low income,True
7431,Syrian Arab Republic,SYR,2011,14.934,Middle East & North Africa,Low income,True
7432,Syrian Arab Republic,SYR,2012,13.499,Middle East & North Africa,Low income,True
7433,Syrian Arab Republic,SYR,2013,13.03,Middle East & North Africa,Low income,True
7434,Syrian Arab Republic,SYR,2014,12.812,Middle East & North Africa,Low income,True
7435,Syrian Arab Republic,SYR,2015,12.729,Middle East & North Africa,Low income,True
7436,Syrian Arab Republic,SYR,2016,12.802,Middle East & North Africa,Low income,True
7437,Syrian Arab Republic,SYR,2017,12.939,Middle East & North Africa,Low income,True
7438,Syrian Arab Republic,SYR,2018,13.137,Middle East & North Africa,Low income,True
7439,Syrian Arab Republic,SYR,2019,13.39,Middle East & North Africa,Low income,True
7440,Syrian Arab Republic,SYR,2020,12.668,Middle East & North Africa,Low income,True
7441,Syrian Arab Republic,SYR,2021,12.824,Middle East & North Africa,Low income,True
7442,Syrian Arab Republic,SYR,2022,13.02,Middle East & North Africa,Low income,True
7443,Syrian Arab Republic,SYR,2023,12.879,Middle East & North Africa,Low income,True
7444,Syrian Arab Republic,SYR,2024,12.772,Middle East & North Africa,Low income,True
7445,Syrian Arab Republic,SYR,2025,12.727,Middle East & North Africa,Low income,True
7446,Tajikistan,TJK,1990,44.304,Europe & Central Asia,Lower middle income,True
7447,Tajikistan,TJK,1991,44.299,Europe & Central Asia,Lower middle income,True
7448,Tajikistan,TJK,1992,44.309,Europe & Central Asia,Lower middle income,True
7449,Tajikistan,TJK,1993,44.341,Europe & Central Asia,Lower middle income,True
7450,Tajikistan,TJK,1994,44.362,Europe & Central Asia,Lower middle income,True
7451,Tajikistan,TJK,1995,44.363,Europe & Central Asia,Lower middle income,True
7452,Tajikistan,TJK,1996,44.361,Europe & Central Asia,Lower middle income,True
7453,Tajikistan,TJK,1997,44.363,Europe & Central Asia,Lower middle income,True
7454,Tajikistan,TJK,1998,44.372,Europe & Central Asia,Lower middle income,True
7455,Tajikistan,TJK,1999,44.385,Europe & Central Asia,Lower middle income,True
7456,Tajikistan,TJK,2000,44.394,Europe & Central Asia,Lower middle income,True
7457,Tajikistan,TJK,2001,44.397,Europe & Central Asia,Lower middle income,True
7458,Tajikistan,TJK,2002,44.4,Europe & Central Asia,Lower middle income,True
7459,Tajikistan,TJK,2003,44.404,Europe & Central Asia,Lower middle income,True
7460,Tajikistan,TJK,2004,41.766,Europe & Central Asia,Lower middle income,True
7461,Tajikistan,TJK,2005,39.16,Europe & Central Asia,Lower middle income,True
7462,Tajikistan,TJK,2006,36.597,Europe & Central Asia,Lower middle income,True
7463,Tajikistan,TJK,2007,34.093,Europe & Central Asia,Lower middle income,True
7464,Tajikistan,TJK,2008,31.66,Europe & Central Asia,Lower middle income,True
7465,Tajikistan,TJK,2009,29.308,Europe & Central Asia,Lower middle income,True
7466,Tajikistan,TJK,2010,28.405,Europe & Central Asia,Lower middle income,True
7467,Tajikistan,TJK,2011,27.511,Europe & Central Asia,Lower middle income,True
7468,Tajikistan,TJK,2012,26.606,Europe & Central Asia,Lower middle income,True
7469,Tajikistan,TJK,2013,25.694,Europe & Central Asia,Lower middle income,True
7470,Tajikistan,TJK,2014,24.795,Europe & Central Asia,Lower middle income,True
7471,Tajikistan,TJK,2015,23.907,Europe & Central Asia,Lower middle income,True
7472,Tajikistan,TJK,2016,23.032,Europe & Central Asia,Lower middle income,True
7473,Tajikistan,TJK,2017,22.25,Europe & Central Asia,Lower middle income,True
7474,Tajikistan,TJK,2018,21.43,Europe & Central Asia,Lower middle income,True
7475,Tajikistan,TJK,2019,20.681,Europe & Central Asia,Lower middle income,True
7476,Tajikistan,TJK,2020,20.487,Europe & Central Asia,Lower middle income,True
7477,Tajikistan,TJK,2021,20.592,Europe & Central Asia,Lower middle income,True
7478,Tajikistan,TJK,2022,21.395,Europe & Central Asia,Lower middle income,True
7479,Tajikistan,TJK,2023,21.674,Europe & Central Asia,Lower middle income,True
7480,Tajikistan,TJK,2024,21.946,Europe & Central Asia,Lower middle income,True
7481,Tajikistan,TJK,2025,21.897,Europe & Central Asia,Lower middle income,True
7482,Tanzania,TZA,1990,84.054,Sub-Saharan Africa,Lower middle income,True
7483,Tanzania,TZA,1991,84.084,Sub-Saharan Africa,Lower middle income,True
7484,Tanzania,TZA,1992,84.116,Sub-Saharan Africa,Lower middle income,True
7485,Tanzania,TZA,1993,84.179,Sub-Saharan Africa,Lower middle income,True
7486,Tanzania,TZA,1994,84.276,Sub-Saharan Africa,Lower middle income,True
7487,Tanzania,TZA,1995,84.333,Sub-Saharan Africa,Lower middle income,True
7488,Tanzania,TZA,1996,84.314,Sub-Saharan Africa,Lower middle income,True
7489,Tanzania,TZA,1997,84.301,Sub-Saharan Africa,Lower middle income,True
7490,Tanzania,TZA,1998,84.316,Sub-Saharan Africa,Lower middle income,True
7491,Tanzania,TZA,1999,84.328,Sub-Saharan Africa,Lower middle income,True
7492,Tanzania,TZA,2000,84.345,Sub-Saharan Africa,Lower middle income,True
7493,Tanzania,TZA,2001,84.35,Sub-Saharan Africa,Lower middle income,True
7494,Tanzania,TZA,2002,84.939,Sub-Saharan Africa,Lower middle income,True
7495,Tanzania,TZA,2003,85.51,Sub-Saharan Africa,Lower middle income,True
7496,Tanzania,TZA,2004,86.064,Sub-Saharan Africa,Lower middle income,True
7497,Tanzania,TZA,2005,86.6,Sub-Saharan Africa,Lower middle income,True
7498,Tanzania,TZA,2006,87.119,Sub-Saharan Africa,Lower middle income,True
7499,Tanzania,TZA,2007,86.361,Sub-Saharan Africa,Lower middle income,True
7500,Tanzania,TZA,2008,85.572,Sub-Saharan Africa,Lower middle income,True
7501,Tanzania,TZA,2009,84.751,Sub-Saharan Africa,Lower middle income,True
7502,Tanzania,TZA,2010,83.896,Sub-Saharan Africa,Lower middle income,True
7503,Tanzania,TZA,2011,83.001,Sub-Saharan Africa,Lower middle income,True
7504,Tanzania,TZA,2012,82.069,Sub-Saharan Africa,Lower middle income,True
7505,Tanzania,TZA,2013,81.098,Sub-Saharan Africa,Lower middle income,True
7506,Tanzania,TZA,2014,80.089,Sub-Saharan Africa,Lower middle income,True
7507,Tanzania,TZA,2015,80.123,Sub-Saharan Africa,Lower middle income,True
7508,Tanzania,TZA,2016,80.164,Sub-Saharan Africa,Lower middle income,True
7509,Tanzania,TZA,2017,80.202,Sub-Saharan Africa,Lower middle income,True
7510,Tanzania,TZA,2018,80.234,Sub-Saharan Africa,Lower middle income,True
7511,Tanzania,TZA,2019,80.265,Sub-Saharan Africa,Lower middle income,True
7512,Tanzania,TZA,2020,79.344,Sub-Saharan Africa,Lower middle income,True
7513,Tanzania,TZA,2021,80.425,Sub-Saharan Africa,Lower middle income,True
7514,Tanzania,TZA,2022,80.273,Sub-Saharan Africa,Lower middle income,True
7515,Tanzania,TZA,2023,80.33,Sub-Saharan Africa,Lower middle income,True
7516,Tanzania,TZA,2024,80.288,Sub-Saharan Africa,Lower middle income,True
7517,Tanzania,TZA,2025,80.282,Sub-Saharan Africa,Lower middle income,True
7518,Thailand,THA,1990,65.605,East Asia & Pacific,Upper middle income,True
7519,Thailand,THA,1991,65.522,East Asia & Pacific,Upper middle income,True
7520,Thailand,THA,1992,65.474,East Asia & Pacific,Upper middle income,True
7521,Thailand,THA,1993,65.452,East Asia & Pacific,Upper middle income,True
7522,Thailand,THA,1994,65.456,East Asia & Pacific,Upper middle income,True
7523,Thailand,THA,1995,66.556,East Asia & Pacific,Upper middle income,True
7524,Thailand,THA,1996,67.565,East Asia & Pacific,Upper middle income,True
7525,Thailand,THA,1997,67.743,East Asia & Pacific,Upper middle income,True
7526,Thailand,THA,1998,66.361,East Asia & Pacific,Upper middle income,True
7527,Thailand,THA,1999,65.185,East Asia & Pacific,Upper middle income,True
7528,Thailand,THA,2000,65.596,East Asia & Pacific,Upper middle income,True
7529,Thailand,THA,2001,65.255,East Asia & Pacific,Upper middle income,True
7530,Thailand,THA,2002,65.107,East Asia & Pacific,Upper middle income,True
7531,Thailand,THA,2003,64.99,East Asia & Pacific,Upper middle income,True
7532,Thailand,THA,2004,64.808,East Asia & Pacific,Upper middle income,True
7533,Thailand,THA,2005,65.23,East Asia & Pacific,Upper middle income,True
7534,Thailand,THA,2006,64.281,East Asia & Pacific,Upper middle income,True
7535,Thailand,THA,2007,64.808,East Asia & Pacific,Upper middle income,True
7536,Thailand,THA,2008,64.867,East Asia & Pacific,Upper middle income,True
7537,Thailand,THA,2009,64.659,East Asia & Pacific,Upper middle income,True
7538,Thailand,THA,2010,63.685,East Asia & Pacific,Upper middle income,True
7539,Thailand,THA,2011,65.806,East Asia & Pacific,Upper middle income,True
7540,Thailand,THA,2012,65.071,East Asia & Pacific,Upper middle income,True
7541,Thailand,THA,2013,61.78,East Asia & Pacific,Upper middle income,True
7542,Thailand,THA,2014,61.447,East Asia & Pacific,Upper middle income,True
7543,Thailand,THA,2015,61.068,East Asia & Pacific,Upper middle income,True
7544,Thailand,THA,2016,60.17,East Asia & Pacific,Upper middle income,True
7545,Thailand,THA,2017,59.351,East Asia & Pacific,Upper middle income,True
7546,Thailand,THA,2018,59.569,East Asia & Pacific,Upper middle income,True
7547,Thailand,THA,2019,58.9,East Asia & Pacific,Upper middle income,True
7548,Thailand,THA,2020,59.106,East Asia & Pacific,Upper middle income,True
7549,Thailand,THA,2021,59.18,East Asia & Pacific,Upper middle income,True
7550,Thailand,THA,2022,59.576,East Asia & Pacific,Upper middle income,True
7551,Thailand,THA,2023,60.311,East Asia & Pacific,Upper middle income,True
7552,Thailand,THA,2024,59.473,East Asia & Pacific,Upper middle income,True
7553,Thailand,THA,2025,58.963,East Asia & Pacific,Upper middle income,True
7554,Timor-Leste,TLS,1990,66.876,East Asia & Pacific,Lower middle income,True
7555,Timor-Leste,TLS,1991,66.532,East Asia & Pacific,Lower middle income,True
7556,Timor-Leste,TLS,1992,66.299,East Asia & Pacific,Lower middle income,True
7557,Timor-Leste,TLS,1993,66.081,East Asia & Pacific,Lower middle income,True
7558,Timor-Leste,TLS,1994,66.007,East Asia & Pacific,Lower middle income,True
7559,Timor-Leste,TLS,1995,65.907,East Asia & Pacific,Lower middle income,True
7560,Timor-Leste,TLS,1996,65.685,East Asia & Pacific,Lower middle income,True
7561,Timor-Leste,TLS,1997,65.599,East Asia & Pacific,Lower middle income,True
7562,Timor-Leste,TLS,1998,65.764,East Asia & Pacific,Lower middle income,True
7563,Timor-Leste,TLS,1999,67.535,East Asia & Pacific,Lower middle income,True
7564,Timor-Leste,TLS,2000,64.178,East Asia & Pacific,Lower middle income,True
7565,Timor-Leste,TLS,2001,63.704,East Asia & Pacific,Lower middle income,True
7566,Timor-Leste,TLS,2002,64.124,East Asia & Pacific,Lower middle income,True
7567,Timor-Leste,TLS,2003,64.217,East Asia & Pacific,Lower middle income,True
7568,Timor-Leste,TLS,2004,64.064,East Asia & Pacific,Lower middle income,True
7569,Timor-Leste,TLS,2005,63.842,East Asia & Pacific,Lower middle income,True
7570,Timor-Leste,TLS,2006,64.044,East Asia & Pacific,Lower middle income,True
7571,Timor-Leste,TLS,2007,63.514,East Asia & Pacific,Lower middle income,True
7572,Timor-Leste,TLS,2008,62.926,East Asia & Pacific,Lower middle income,True
7573,Timor-Leste,TLS,2009,62.385,East Asia & Pacific,Lower middle income,True
7574,Timor-Leste,TLS,2010,61.928,East Asia & Pacific,Lower middle income,True
7575,Timor-Leste,TLS,2011,61.703,East Asia & Pacific,Lower middle income,True
7576,Timor-Leste,TLS,2012,61.579,East Asia & Pacific,Lower middle income,True
7577,Timor-Leste,TLS,2013,61.507,East Asia & Pacific,Lower middle income,True
7578,Timor-Leste,TLS,2014,61.365,East Asia & Pacific,Lower middle income,True
7579,Timor-Leste,TLS,2015,61.298,East Asia & Pacific,Lower middle income,True
7580,Timor-Leste,TLS,2016,61.26,East Asia & Pacific,Lower middle income,True
7581,Timor-Leste,TLS,2017,61.479,East Asia & Pacific,Lower middle income,True
7582,Timor-Leste,TLS,2018,61.62,East Asia & Pacific,Lower middle income,True
7583,Timor-Leste,TLS,2019,61.034,East Asia & Pacific,Lower middle income,True
7584,Timor-Leste,TLS,2020,60.457,East Asia & Pacific,Lower middle income,True
7585,Timor-Leste,TLS,2021,61.212,East Asia & Pacific,Lower middle income,True
7586,Timor-Leste,TLS,2022,61.166,East Asia & Pacific,Lower middle income,True
7587,Timor-Leste,TLS,2023,60.774,East Asia & Pacific,Lower middle income,True
7588,Timor-Leste,TLS,2024,61.457,East Asia & Pacific,Lower middle income,True
7589,Timor-Leste,TLS,2025,61.676,East Asia & Pacific,Lower middle income,True
7590,Togo,TGO,1990,54.237,Sub-Saharan Africa,Lower middle income,True
7591,Togo,TGO,1991,54.312,Sub-Saharan Africa,Lower middle income,True
7592,Togo,TGO,1992,54.392,Sub-Saharan Africa,Lower middle income,True
7593,Togo,TGO,1993,54.475,Sub-Saharan Africa,Lower middle income,True
7594,Togo,TGO,1994,54.564,Sub-Saharan Africa,Lower middle income,True
7595,Togo,TGO,1995,54.651,Sub-Saharan Africa,Lower middle income,True
7596,Togo,TGO,1996,54.743,Sub-Saharan Africa,Lower middle income,True
7597,Togo,TGO,1997,54.854,Sub-Saharan Africa,Lower middle income,True
7598,Togo,TGO,1998,54.978,Sub-Saharan Africa,Lower middle income,True
7599,Togo,TGO,1999,55.091,Sub-Saharan Africa,Lower middle income,True
7600,Togo,TGO,2000,55.185,Sub-Saharan Africa,Lower middle income,True
7601,Togo,TGO,2001,55.256,Sub-Saharan Africa,Lower middle income,True
7602,Togo,TGO,2002,55.31,Sub-Saharan Africa,Lower middle income,True
7603,Togo,TGO,2003,55.362,Sub-Saharan Africa,Lower middle income,True
7604,Togo,TGO,2004,55.419,Sub-Saharan Africa,Lower middle income,True
7605,Togo,TGO,2005,55.468,Sub-Saharan Africa,Lower middle income,True
7606,Togo,TGO,2006,55.527,Sub-Saharan Africa,Lower middle income,True
7607,Togo,TGO,2007,55.578,Sub-Saharan Africa,Lower middle income,True
7608,Togo,TGO,2008,55.606,Sub-Saharan Africa,Lower middle income,True
7609,Togo,TGO,2009,55.615,Sub-Saharan Africa,Lower middle income,True
7610,Togo,TGO,2010,55.598,Sub-Saharan Africa,Lower middle income,True
7611,Togo,TGO,2011,55.58,Sub-Saharan Africa,Lower middle income,True
7612,Togo,TGO,2012,55.575,Sub-Saharan Africa,Lower middle income,True
7613,Togo,TGO,2013,55.585,Sub-Saharan Africa,Lower middle income,True
7614,Togo,TGO,2014,55.609,Sub-Saharan Africa,Lower middle income,True
7615,Togo,TGO,2015,55.644,Sub-Saharan Africa,Lower middle income,True
7616,Togo,TGO,2016,55.686,Sub-Saharan Africa,Lower middle income,True
7617,Togo,TGO,2017,55.738,Sub-Saharan Africa,Lower middle income,True
7618,Togo,TGO,2018,55.799,Sub-Saharan Africa,Lower middle income,True
7619,Togo,TGO,2019,55.867,Sub-Saharan Africa,Lower middle income,True
7620,Togo,TGO,2020,55.335,Sub-Saharan Africa,Lower middle income,True
7621,Togo,TGO,2021,55.664,Sub-Saharan Africa,Lower middle income,True
7622,Togo,TGO,2022,56.238,Sub-Saharan Africa,Lower middle income,True
7623,Togo,TGO,2023,56.49,Sub-Saharan Africa,Lower middle income,True
7624,Togo,TGO,2024,56.604,Sub-Saharan Africa,Lower middle income,True
7625,Togo,TGO,2025,56.637,Sub-Saharan Africa,Lower middle income,True
7626,Tonga,TON,1990,36.288,East Asia & Pacific,Upper middle income,True
7627,Tonga,TON,1991,38.491,East Asia & Pacific,Upper middle income,True
7628,Tonga,TON,1992,40.786,East Asia & Pacific,Upper middle income,True
7629,Tonga,TON,1993,43.133,East Asia & Pacific,Upper middle income,True
7630,Tonga,TON,1994,45.467,East Asia & Pacific,Upper middle income,True
7631,Tonga,TON,1995,45.295,East Asia & Pacific,Upper middle income,True
7632,Tonga,TON,1996,45.076,East Asia & Pacific,Upper middle income,True
7633,Tonga,TON,1997,44.894,East Asia & Pacific,Upper middle income,True
7634,Tonga,TON,1998,44.775,East Asia & Pacific,Upper middle income,True
7635,Tonga,TON,1999,44.652,East Asia & Pacific,Upper middle income,True
7636,Tonga,TON,2000,44.526,East Asia & Pacific,Upper middle income,True
7637,Tonga,TON,2001,44.412,East Asia & Pacific,Upper middle income,True
7638,Tonga,TON,2002,44.316,East Asia & Pacific,Upper middle income,True
7639,Tonga,TON,2003,44.235,East Asia & Pacific,Upper middle income,True
7640,Tonga,TON,2004,44.146,East Asia & Pacific,Upper middle income,True
7641,Tonga,TON,2005,44.037,East Asia & Pacific,Upper middle income,True
7642,Tonga,TON,2006,43.908,East Asia & Pacific,Upper middle income,True
7643,Tonga,TON,2007,43.814,East Asia & Pacific,Upper middle income,True
7644,Tonga,TON,2008,43.767,East Asia & Pacific,Upper middle income,True
7645,Tonga,TON,2009,43.725,East Asia & Pacific,Upper middle income,True
7646,Tonga,TON,2010,43.634,East Asia & Pacific,Upper middle income,True
7647,Tonga,TON,2011,43.521,East Asia & Pacific,Upper middle income,True
7648,Tonga,TON,2012,43.429,East Asia & Pacific,Upper middle income,True
7649,Tonga,TON,2013,43.319,East Asia & Pacific,Upper middle income,True
7650,Tonga,TON,2014,43.21,East Asia & Pacific,Upper middle income,True
7651,Tonga,TON,2015,43.081,East Asia & Pacific,Upper middle income,True
7652,Tonga,TON,2016,42.935,East Asia & Pacific,Upper middle income,True
7653,Tonga,TON,2017,42.774,East Asia & Pacific,Upper middle income,True
7654,Tonga,TON,2018,42.606,East Asia & Pacific,Upper middle income,True
7655,Tonga,TON,2019,42.647,East Asia & Pacific,Upper middle income,True
7656,Tonga,TON,2020,42.28,East Asia & Pacific,Upper middle income,True
7657,Tonga,TON,2021,42.596,East Asia & Pacific,Upper middle income,True
7658,Tonga,TON,2022,42.617,East Asia & Pacific,Upper middle income,True
7659,Tonga,TON,2023,42.617,East Asia & Pacific,Upper middle income,True
7660,Tonga,TON,2024,42.5,East Asia & Pacific,Upper middle income,True
7661,Tonga,TON,2025,42.347,East Asia & Pacific,Upper middle income,True
7662,Trinidad and Tobago,TTO,1990,43.394,Latin America & Caribbean,High income,True
7663,Trinidad and Tobago,TTO,1991,43.682,Latin America & Caribbean,High income,True
7664,Trinidad and Tobago,TTO,1992,44.527,Latin America & Caribbean,High income,True
7665,Trinidad and Tobago,TTO,1993,44.547,Latin America & Caribbean,High income,True
7666,Trinidad and Tobago,TTO,1994,45.396,Latin America & Caribbean,High income,True
7667,Trinidad and Tobago,TTO,1995,46.231,Latin America & Caribbean,High income,True
7668,Trinidad and Tobago,TTO,1996,48.388,Latin America & Caribbean,High income,True
7669,Trinidad and Tobago,TTO,1997,48.489,Latin America & Caribbean,High income,True
7670,Trinidad and Tobago,TTO,1998,48.599,Latin America & Caribbean,High income,True
7671,Trinidad and Tobago,TTO,1999,48.521,Latin America & Caribbean,High income,True
7672,Trinidad and Tobago,TTO,2000,48.401,Latin America & Caribbean,High income,True
7673,Trinidad and Tobago,TTO,2001,48.845,Latin America & Caribbean,High income,True
7674,Trinidad and Tobago,TTO,2002,49.276,Latin America & Caribbean,High income,True
7675,Trinidad and Tobago,TTO,2003,51.195,Latin America & Caribbean,High income,True
7676,Trinidad and Tobago,TTO,2004,53.108,Latin America & Caribbean,High income,True
7677,Trinidad and Tobago,TTO,2005,55.019,Latin America & Caribbean,High income,True
7678,Trinidad and Tobago,TTO,2006,55.396,Latin America & Caribbean,High income,True
7679,Trinidad and Tobago,TTO,2007,53.906,Latin America & Caribbean,High income,True
7680,Trinidad and Tobago,TTO,2008,54.572,Latin America & Caribbean,High income,True
7681,Trinidad and Tobago,TTO,2009,53.0,Latin America & Caribbean,High income,True
7682,Trinidad and Tobago,TTO,2010,52.201,Latin America & Caribbean,High income,True
7683,Trinidad and Tobago,TTO,2011,51.11,Latin America & Caribbean,High income,True
7684,Trinidad and Tobago,TTO,2012,52.886,Latin America & Caribbean,High income,True
7685,Trinidad and Tobago,TTO,2013,52.957,Latin America & Caribbean,High income,True
7686,Trinidad and Tobago,TTO,2014,53.39,Latin America & Caribbean,High income,True
7687,Trinidad and Tobago,TTO,2015,51.964,Latin America & Caribbean,High income,True
7688,Trinidad and Tobago,TTO,2016,51.922,Latin America & Caribbean,High income,True
7689,Trinidad and Tobago,TTO,2017,51.621,Latin America & Caribbean,High income,True
7690,Trinidad and Tobago,TTO,2018,51.338,Latin America & Caribbean,High income,True
7691,Trinidad and Tobago,TTO,2019,51.033,Latin America & Caribbean,High income,True
7692,Trinidad and Tobago,TTO,2020,49.325,Latin America & Caribbean,High income,True
7693,Trinidad and Tobago,TTO,2021,48.879,Latin America & Caribbean,High income,True
7694,Trinidad and Tobago,TTO,2022,50.02,Latin America & Caribbean,High income,True
7695,Trinidad and Tobago,TTO,2023,50.031,Latin America & Caribbean,High income,True
7696,Trinidad and Tobago,TTO,2024,48.149,Latin America & Caribbean,High income,True
7697,Trinidad and Tobago,TTO,2025,47.77,Latin America & Caribbean,High income,True
7698,Tunisia,TUN,1990,22.245,Middle East & North Africa,Lower middle income,True
7699,Tunisia,TUN,1991,22.373,Middle East & North Africa,Lower middle income,True
7700,Tunisia,TUN,1992,22.764,Middle East & North Africa,Lower middle income,True
7701,Tunisia,TUN,1993,22.879,Middle East & North Africa,Lower middle income,True
7702,Tunisia,TUN,1994,23.073,Middle East & North Africa,Lower middle income,True
7703,Tunisia,TUN,1995,23.297,Middle East & North Africa,Lower middle income,True
7704,Tunisia,TUN,1996,23.542,Middle East & North Africa,Lower middle income,True
7705,Tunisia,TUN,1997,23.812,Middle East & North Africa,Lower middle income,True
7706,Tunisia,TUN,1998,23.758,Middle East & North Africa,Lower middle income,True
7707,Tunisia,TUN,1999,23.716,Middle East & North Africa,Lower middle income,True
7708,Tunisia,TUN,2000,23.684,Middle East & North Africa,Lower middle income,True
7709,Tunisia,TUN,2001,23.663,Middle East & North Africa,Lower middle income,True
7710,Tunisia,TUN,2002,23.654,Middle East & North Africa,Lower middle income,True
7711,Tunisia,TUN,2003,23.655,Middle East & North Africa,Lower middle income,True
7712,Tunisia,TUN,2004,23.669,Middle East & North Africa,Lower middle income,True
7713,Tunisia,TUN,2005,23.699,Middle East & North Africa,Lower middle income,True
7714,Tunisia,TUN,2006,24.489,Middle East & North Africa,Lower middle income,True
7715,Tunisia,TUN,2007,24.584,Middle East & North Africa,Lower middle income,True
7716,Tunisia,TUN,2008,24.815,Middle East & North Africa,Lower middle income,True
7717,Tunisia,TUN,2009,24.773,Middle East & North Africa,Lower middle income,True
7718,Tunisia,TUN,2010,24.792,Middle East & North Africa,Lower middle income,True
7719,Tunisia,TUN,2011,24.765,Middle East & North Africa,Lower middle income,True
7720,Tunisia,TUN,2012,25.576,Middle East & North Africa,Lower middle income,True
7721,Tunisia,TUN,2013,25.447,Middle East & North Africa,Lower middle income,True
7722,Tunisia,TUN,2014,25.733,Middle East & North Africa,Lower middle income,True
7723,Tunisia,TUN,2015,26.072,Middle East & North Africa,Lower middle income,True
7724,Tunisia,TUN,2016,26.647,Middle East & North Africa,Lower middle income,True
7725,Tunisia,TUN,2017,26.477,Middle East & North Africa,Lower middle income,True
7726,Tunisia,TUN,2018,27.383,Middle East & North Africa,Lower middle income,True
7727,Tunisia,TUN,2019,28.272,Middle East & North Africa,Lower middle income,True
7728,Tunisia,TUN,2020,26.274,Middle East & North Africa,Lower middle income,True
7729,Tunisia,TUN,2021,26.698,Middle East & North Africa,Lower middle income,True
7730,Tunisia,TUN,2022,27.519,Middle East & North Africa,Lower middle income,True
7731,Tunisia,TUN,2023,26.781,Middle East & North Africa,Lower middle income,True
7732,Tunisia,TUN,2024,26.635,Middle East & North Africa,Lower middle income,True
7733,Tunisia,TUN,2025,26.497,Middle East & North Africa,Lower middle income,True
7734,Turkiye,TUR,1990,33.931,Europe & Central Asia,Upper middle income,True
7735,Turkiye,TUR,1991,33.994,Europe & Central Asia,Upper middle income,True
7736,Turkiye,TUR,1992,32.59,Europe & Central Asia,Upper middle income,True
7737,Turkiye,TUR,1993,26.651,Europe & Central Asia,Upper middle income,True
7738,Turkiye,TUR,1994,31.144,Europe & Central Asia,Upper middle income,True
7739,Turkiye,TUR,1995,30.799,Europe & Central Asia,Upper middle income,True
7740,Turkiye,TUR,1996,30.459,Europe & Central Asia,Upper middle income,True
7741,Turkiye,TUR,1997,28.717,Europe & Central Asia,Upper middle income,True
7742,Turkiye,TUR,1998,29.177,Europe & Central Asia,Upper middle income,True
7743,Turkiye,TUR,1999,29.922,Europe & Central Asia,Upper middle income,True
7744,Turkiye,TUR,2000,26.509,Europe & Central Asia,Upper middle income,True
7745,Turkiye,TUR,2001,27.088,Europe & Central Asia,Upper middle income,True
7746,Turkiye,TUR,2002,27.864,Europe & Central Asia,Upper middle income,True
7747,Turkiye,TUR,2003,26.545,Europe & Central Asia,Upper middle income,True
7748,Turkiye,TUR,2004,23.139,Europe & Central Asia,Upper middle income,True
7749,Turkiye,TUR,2005,23.114,Europe & Central Asia,Upper middle income,True
7750,Turkiye,TUR,2006,23.426,Europe & Central Asia,Upper middle income,True
7751,Turkiye,TUR,2007,23.449,Europe & Central Asia,Upper middle income,True
7752,Turkiye,TUR,2008,24.331,Europe & Central Asia,Upper middle income,True
7753,Turkiye,TUR,2009,25.868,Europe & Central Asia,Upper middle income,True
7754,Turkiye,TUR,2010,27.445,Europe & Central Asia,Upper middle income,True
7755,Turkiye,TUR,2011,28.639,Europe & Central Asia,Upper middle income,True
7756,Turkiye,TUR,2012,29.361,Europe & Central Asia,Upper middle income,True
7757,Turkiye,TUR,2013,30.644,Europe & Central Asia,Upper middle income,True
7758,Turkiye,TUR,2014,30.171,Europe & Central Asia,Upper middle income,True
7759,Turkiye,TUR,2015,31.416,Europe & Central Asia,Upper middle income,True
7760,Turkiye,TUR,2016,32.38,Europe & Central Asia,Upper middle income,True
7761,Turkiye,TUR,2017,33.533,Europe & Central Asia,Upper middle income,True
7762,Turkiye,TUR,2018,34.115,Europe & Central Asia,Upper middle income,True
7763,Turkiye,TUR,2019,34.289,Europe & Central Asia,Upper middle income,True
7764,Turkiye,TUR,2020,30.83,Europe & Central Asia,Upper middle income,True
7765,Turkiye,TUR,2021,32.774,Europe & Central Asia,Upper middle income,True
7766,Turkiye,TUR,2022,35.018,Europe & Central Asia,Upper middle income,True
7767,Turkiye,TUR,2023,35.764,Europe & Central Asia,Upper middle income,True
7768,Turkiye,TUR,2024,36.786,Europe & Central Asia,Upper middle income,True
7769,Turkiye,TUR,2025,37.145,Europe & Central Asia,Upper middle income,True
7770,Turkmenistan,TKM,1990,43.633,Europe & Central Asia,Upper middle income,True
7771,Turkmenistan,TKM,1991,44.494,Europe & Central Asia,Upper middle income,True
7772,Turkmenistan,TKM,1992,47.001,Europe & Central Asia,Upper middle income,True
7773,Turkmenistan,TKM,1993,47.104,Europe & Central Asia,Upper middle income,True
7774,Turkmenistan,TKM,1994,50.495,Europe & Central Asia,Upper middle income,True
7775,Turkmenistan,TKM,1995,52.153,Europe & Central Asia,Upper middle income,True
7776,Turkmenistan,TKM,1996,51.284,Europe & Central Asia,Upper middle income,True
7777,Turkmenistan,TKM,1997,53.856,Europe & Central Asia,Upper middle income,True
7778,Turkmenistan,TKM,1998,52.863,Europe & Central Asia,Upper middle income,True
7779,Turkmenistan,TKM,1999,50.428,Europe & Central Asia,Upper middle income,True
7780,Turkmenistan,TKM,2000,49.859,Europe & Central Asia,Upper middle income,True
7781,Turkmenistan,TKM,2001,49.482,Europe & Central Asia,Upper middle income,True
7782,Turkmenistan,TKM,2002,49.775,Europe & Central Asia,Upper middle income,True
7783,Turkmenistan,TKM,2003,49.565,Europe & Central Asia,Upper middle income,True
7784,Turkmenistan,TKM,2004,49.076,Europe & Central Asia,Upper middle income,True
7785,Turkmenistan,TKM,2005,47.445,Europe & Central Asia,Upper middle income,True
7786,Turkmenistan,TKM,2006,46.201,Europe & Central Asia,Upper middle income,True
7787,Turkmenistan,TKM,2007,45.04,Europe & Central Asia,Upper middle income,True
7788,Turkmenistan,TKM,2008,43.601,Europe & Central Asia,Upper middle income,True
7789,Turkmenistan,TKM,2009,43.16,Europe & Central Asia,Upper middle income,True
7790,Turkmenistan,TKM,2010,42.451,Europe & Central Asia,Upper middle income,True
7791,Turkmenistan,TKM,2011,41.364,Europe & Central Asia,Upper middle income,True
7792,Turkmenistan,TKM,2012,40.686,Europe & Central Asia,Upper middle income,True
7793,Turkmenistan,TKM,2013,40.151,Europe & Central Asia,Upper middle income,True
7794,Turkmenistan,TKM,2014,39.682,Europe & Central Asia,Upper middle income,True
7795,Turkmenistan,TKM,2015,39.461,Europe & Central Asia,Upper middle income,True
7796,Turkmenistan,TKM,2016,39.273,Europe & Central Asia,Upper middle income,True
7797,Turkmenistan,TKM,2017,39.089,Europe & Central Asia,Upper middle income,True
7798,Turkmenistan,TKM,2018,38.933,Europe & Central Asia,Upper middle income,True
7799,Turkmenistan,TKM,2019,38.788,Europe & Central Asia,Upper middle income,True
7800,Turkmenistan,TKM,2020,37.61,Europe & Central Asia,Upper middle income,True
7801,Turkmenistan,TKM,2021,37.839,Europe & Central Asia,Upper middle income,True
7802,Turkmenistan,TKM,2022,38.385,Europe & Central Asia,Upper middle income,True
7803,Turkmenistan,TKM,2023,38.228,Europe & Central Asia,Upper middle income,True
7804,Turkmenistan,TKM,2024,38.35,Europe & Central Asia,Upper middle income,True
7805,Turkmenistan,TKM,2025,38.242,Europe & Central Asia,Upper middle income,True
7806,Uganda,UGA,1990,70.783,Sub-Saharan Africa,Low income,True
7807,Uganda,UGA,1991,70.804,Sub-Saharan Africa,Low income,True
7808,Uganda,UGA,1992,70.845,Sub-Saharan Africa,Low income,True
7809,Uganda,UGA,1993,70.906,Sub-Saharan Africa,Low income,True
7810,Uganda,UGA,1994,70.98,Sub-Saharan Africa,Low income,True
7811,Uganda,UGA,1995,71.069,Sub-Saharan Africa,Low income,True
7812,Uganda,UGA,1996,71.147,Sub-Saharan Africa,Low income,True
7813,Uganda,UGA,1997,71.202,Sub-Saharan Africa,Low income,True
7814,Uganda,UGA,1998,71.236,Sub-Saharan Africa,Low income,True
7815,Uganda,UGA,1999,71.247,Sub-Saharan Africa,Low income,True
7816,Uganda,UGA,2000,71.247,Sub-Saharan Africa,Low income,True
7817,Uganda,UGA,2001,71.229,Sub-Saharan Africa,Low income,True
7818,Uganda,UGA,2002,71.189,Sub-Saharan Africa,Low income,True
7819,Uganda,UGA,2003,71.137,Sub-Saharan Africa,Low income,True
7820,Uganda,UGA,2004,71.085,Sub-Saharan Africa,Low income,True
7821,Uganda,UGA,2005,71.027,Sub-Saharan Africa,Low income,True
7822,Uganda,UGA,2006,70.964,Sub-Saharan Africa,Low income,True
7823,Uganda,UGA,2007,70.902,Sub-Saharan Africa,Low income,True
7824,Uganda,UGA,2008,70.836,Sub-Saharan Africa,Low income,True
7825,Uganda,UGA,2009,70.765,Sub-Saharan Africa,Low income,True
7826,Uganda,UGA,2010,70.697,Sub-Saharan Africa,Low income,True
7827,Uganda,UGA,2011,77.925,Sub-Saharan Africa,Low income,True
7828,Uganda,UGA,2012,65.505,Sub-Saharan Africa,Low income,True
7829,Uganda,UGA,2013,81.909,Sub-Saharan Africa,Low income,True
7830,Uganda,UGA,2014,75.641,Sub-Saharan Africa,Low income,True
7831,Uganda,UGA,2015,73.722,Sub-Saharan Africa,Low income,True
7832,Uganda,UGA,2016,71.587,Sub-Saharan Africa,Low income,True
7833,Uganda,UGA,2017,69.217,Sub-Saharan Africa,Low income,True
7834,Uganda,UGA,2018,71.687,Sub-Saharan Africa,Low income,True
7835,Uganda,UGA,2019,73.85,Sub-Saharan Africa,Low income,True
7836,Uganda,UGA,2020,73.976,Sub-Saharan Africa,Low income,True
7837,Uganda,UGA,2021,74.672,Sub-Saharan Africa,Low income,True
7838,Uganda,UGA,2022,75.364,Sub-Saharan Africa,Low income,True
7839,Uganda,UGA,2023,75.445,Sub-Saharan Africa,Low income,True
7840,Uganda,UGA,2024,75.556,Sub-Saharan Africa,Low income,True
7841,Uganda,UGA,2025,75.595,Sub-Saharan Africa,Low income,True
7842,Ukraine,UKR,1990,53.567,Europe & Central Asia,Upper middle income,True
7843,Ukraine,UKR,1991,53.496,Europe & Central Asia,Upper middle income,True
7844,Ukraine,UKR,1992,53.425,Europe & Central Asia,Upper middle income,True
7845,Ukraine,UKR,1993,53.357,Europe & Central Asia,Upper middle income,True
7846,Ukraine,UKR,1994,53.292,Europe & Central Asia,Upper middle income,True
7847,Ukraine,UKR,1995,53.229,Europe & Central Asia,Upper middle income,True
7848,Ukraine,UKR,1996,53.167,Europe & Central Asia,Upper middle income,True
7849,Ukraine,UKR,1997,53.105,Europe & Central Asia,Upper middle income,True
7850,Ukraine,UKR,1998,53.041,Europe & Central Asia,Upper middle income,True
7851,Ukraine,UKR,1999,52.979,Europe & Central Asia,Upper middle income,True
7852,Ukraine,UKR,2000,52.921,Europe & Central Asia,Upper middle income,True
7853,Ukraine,UKR,2001,52.864,Europe & Central Asia,Upper middle income,True
7854,Ukraine,UKR,2002,52.808,Europe & Central Asia,Upper middle income,True
7855,Ukraine,UKR,2003,52.752,Europe & Central Asia,Upper middle income,True
7856,Ukraine,UKR,2004,52.697,Europe & Central Asia,Upper middle income,True
7857,Ukraine,UKR,2005,52.646,Europe & Central Asia,Upper middle income,True
7858,Ukraine,UKR,2006,52.595,Europe & Central Asia,Upper middle income,True
7859,Ukraine,UKR,2007,52.697,Europe & Central Asia,Upper middle income,True
7860,Ukraine,UKR,2008,52.403,Europe & Central Asia,Upper middle income,True
7861,Ukraine,UKR,2009,52.109,Europe & Central Asia,Upper middle income,True
7862,Ukraine,UKR,2010,51.816,Europe & Central Asia,Upper middle income,True
7863,Ukraine,UKR,2011,51.523,Europe & Central Asia,Upper middle income,True
7864,Ukraine,UKR,2012,51.23,Europe & Central Asia,Upper middle income,True
7865,Ukraine,UKR,2013,50.937,Europe & Central Asia,Upper middle income,True
7866,Ukraine,UKR,2014,50.648,Europe & Central Asia,Upper middle income,True
7867,Ukraine,UKR,2015,50.36,Europe & Central Asia,Upper middle income,True
7868,Ukraine,UKR,2016,50.072,Europe & Central Asia,Upper middle income,True
7869,Ukraine,UKR,2017,49.785,Europe & Central Asia,Upper middle income,True
7870,Ukraine,UKR,2018,49.498,Europe & Central Asia,Upper middle income,True
7871,Ukraine,UKR,2019,49.214,Europe & Central Asia,Upper middle income,True
7872,Ukraine,UKR,2020,48.1,Europe & Central Asia,Upper middle income,True
7873,Ukraine,UKR,2021,47.738,Europe & Central Asia,Upper middle income,True
7874,United Arab Emirates,ARE,1990,29.32,Middle East & North Africa,High income,True
7875,United Arab Emirates,ARE,1991,30.07,Middle East & North Africa,High income,True
7876,United Arab Emirates,ARE,1992,30.507,Middle East & North Africa,High income,True
7877,United Arab Emirates,ARE,1993,31.168,Middle East & North Africa,High income,True
7878,United Arab Emirates,ARE,1994,31.196,Middle East & North Africa,High income,True
7879,United Arab Emirates,ARE,1995,31.25,Middle East & North Africa,High income,True
7880,United Arab Emirates,ARE,1996,31.845,Middle East & North Africa,High income,True
7881,United Arab Emirates,ARE,1997,32.317,Middle East & North Africa,High income,True
7882,United Arab Emirates,ARE,1998,32.822,Middle East & North Africa,High income,True
7883,United Arab Emirates,ARE,1999,33.365,Middle East & North Africa,High income,True
7884,United Arab Emirates,ARE,2000,33.936,Middle East & North Africa,High income,True
7885,United Arab Emirates,ARE,2001,34.533,Middle East & North Africa,High income,True
7886,United Arab Emirates,ARE,2002,35.173,Middle East & North Africa,High income,True
7887,United Arab Emirates,ARE,2003,35.834,Middle East & North Africa,High income,True
7888,United Arab Emirates,ARE,2004,36.496,Middle East & North Africa,High income,True
7889,United Arab Emirates,ARE,2005,37.187,Middle East & North Africa,High income,True
7890,United Arab Emirates,ARE,2006,38.323,Middle East & North Africa,High income,True
7891,United Arab Emirates,ARE,2007,39.524,Middle East & North Africa,High income,True
7892,United Arab Emirates,ARE,2008,40.709,Middle East & North Africa,High income,True
7893,United Arab Emirates,ARE,2009,41.791,Middle East & North Africa,High income,True
7894,United Arab Emirates,ARE,2010,42.861,Middle East & North Africa,High income,True
7895,United Arab Emirates,ARE,2011,43.94,Middle East & North Africa,High income,True
7896,United Arab Emirates,ARE,2012,44.993,Middle East & North Africa,High income,True
7897,United Arab Emirates,ARE,2013,46.063,Middle East & North Africa,High income,True
7898,United Arab Emirates,ARE,2014,47.13,Middle East & North Africa,High income,True
7899,United Arab Emirates,ARE,2015,48.183,Middle East & North Africa,High income,True
7900,United Arab Emirates,ARE,2016,49.228,Middle East & North Africa,High income,True
7901,United Arab Emirates,ARE,2017,50.926,Middle East & North Africa,High income,True
7902,United Arab Emirates,ARE,2018,51.312,Middle East & North Africa,High income,True
7903,United Arab Emirates,ARE,2019,54.381,Middle East & North Africa,High income,True
7904,United Arab Emirates,ARE,2020,58.18,Middle East & North Africa,High income,True
7905,United Arab Emirates,ARE,2021,50.452,Middle East & North Africa,High income,True
7906,United Arab Emirates,ARE,2022,53.057,Middle East & North Africa,High income,True
7907,United Arab Emirates,ARE,2023,52.347,Middle East & North Africa,High income,True
7908,United Arab Emirates,ARE,2024,52.519,Middle East & North Africa,High income,True
7909,United Arab Emirates,ARE,2025,53.027,Middle East & North Africa,High income,True
7910,United Kingdom,GBR,1990,52.005,Europe & Central Asia,High income,True
7911,United Kingdom,GBR,1991,51.844,Europe & Central Asia,High income,True
7912,United Kingdom,GBR,1992,51.828,Europe & Central Asia,High income,True
7913,United Kingdom,GBR,1993,51.896,Europe & Central Asia,High income,True
7914,United Kingdom,GBR,1994,51.904,Europe & Central Asia,High income,True
7915,United Kingdom,GBR,1995,51.86,Europe & Central Asia,High income,True
7916,United Kingdom,GBR,1996,52.276,Europe & Central Asia,High income,True
7917,United Kingdom,GBR,1997,52.676,Europe & Central Asia,High income,True
7918,United Kingdom,GBR,1998,52.717,Europe & Central Asia,High income,True
7919,United Kingdom,GBR,1999,53.261,Europe & Central Asia,High income,True
7920,United Kingdom,GBR,2000,53.66,Europe & Central Asia,High income,True
7921,United Kingdom,GBR,2001,53.533,Europe & Central Asia,High income,True
7922,United Kingdom,GBR,2002,54.146,Europe & Central Asia,High income,True
7923,United Kingdom,GBR,2003,54.111,Europe & Central Asia,High income,True
7924,United Kingdom,GBR,2004,54.534,Europe & Central Asia,High income,True
7925,United Kingdom,GBR,2005,54.864,Europe & Central Asia,High income,True
7926,United Kingdom,GBR,2006,55.378,Europe & Central Asia,High income,True
7927,United Kingdom,GBR,2007,55.146,Europe & Central Asia,High income,True
7928,United Kingdom,GBR,2008,55.449,Europe & Central Asia,High income,True
7929,United Kingdom,GBR,2009,55.604,Europe & Central Asia,High income,True
7930,United Kingdom,GBR,2010,55.529,Europe & Central Asia,High income,True
7931,United Kingdom,GBR,2011,55.67,Europe & Central Asia,High income,True
7932,United Kingdom,GBR,2012,55.929,Europe & Central Asia,High income,True
7933,United Kingdom,GBR,2013,56.256,Europe & Central Asia,High income,True
7934,United Kingdom,GBR,2014,56.521,Europe & Central Asia,High income,True
7935,United Kingdom,GBR,2015,56.722,Europe & Central Asia,High income,True
7936,United Kingdom,GBR,2016,57.074,Europe & Central Asia,High income,True
7937,United Kingdom,GBR,2017,57.273,Europe & Central Asia,High income,True
7938,United Kingdom,GBR,2018,57.525,Europe & Central Asia,High income,True
7939,United Kingdom,GBR,2019,58.037,Europe & Central Asia,High income,True
7940,United Kingdom,GBR,2020,58.277,Europe & Central Asia,High income,True
7941,United Kingdom,GBR,2021,58.02,Europe & Central Asia,High income,True
7942,United Kingdom,GBR,2022,57.703,Europe & Central Asia,High income,True
7943,United Kingdom,GBR,2023,57.38,Europe & Central Asia,High income,True
7944,United Kingdom,GBR,2024,57.489,Europe & Central Asia,High income,True
7945,United Kingdom,GBR,2025,57.333,Europe & Central Asia,High income,True
7946,United States,USA,1990,55.998,North America,High income,True
7947,United States,USA,1991,55.877,North America,High income,True
7948,United States,USA,1992,56.299,North America,High income,True
7949,United States,USA,1993,56.403,North America,High income,True
7950,United States,USA,1994,57.345,North America,High income,True
7951,United States,USA,1995,57.576,North America,High income,True
7952,United States,USA,1996,57.856,North America,High income,True
7953,United States,USA,1997,58.4,North America,High income,True
7954,United States,USA,1998,58.386,North America,High income,True
7955,United States,USA,1999,58.551,North America,High income,True
7956,United States,USA,2000,58.682,North America,High income,True
7957,United States,USA,2001,58.521,North America,High income,True
7958,United States,USA,2002,58.351,North America,High income,True
7959,United States,USA,2003,58.224,North America,High income,True
7960,United States,USA,2004,57.944,North America,High income,True
7961,United States,USA,2005,58.04,North America,High income,True
7962,United States,USA,2006,58.161,North America,High income,True
7963,United States,USA,2007,58.086,North America,High income,True
7964,United States,USA,2008,58.293,North America,High income,True
7965,United States,USA,2009,58.054,North America,High income,True
7966,United States,USA,2010,57.516,North America,High income,True
7967,United States,USA,2011,56.998,North America,High income,True
7968,United States,USA,2012,56.778,North America,High income,True
7969,United States,USA,2013,56.362,North America,High income,True
7970,United States,USA,2014,56.197,North America,High income,True
7971,United States,USA,2015,55.938,North America,High income,True
7972,United States,USA,2016,56.095,North America,High income,True
7973,United States,USA,2017,56.395,North America,High income,True
7974,United States,USA,2018,56.471,North America,High income,True
7975,United States,USA,2019,56.868,North America,High income,True
7976,United States,USA,2020,55.704,North America,High income,True
7977,United States,USA,2021,55.632,North America,High income,True
7978,United States,USA,2022,56.029,North America,High income,True
7979,United States,USA,2023,56.602,North America,High income,True
7980,United States,USA,2024,56.561,North America,High income,True
7981,United States,USA,2025,56.343,North America,High income,True
7982,Upper middle income,UMC,1990,60.1694435658469,,,False
7983,Upper middle income,UMC,1991,59.7872797224163,,,False
7984,Upper middle income,UMC,1992,59.6039487630781,,,False
7985,Upper middle income,UMC,1993,59.2311022326972,,,False
7986,Upper middle income,UMC,1994,59.2781621040542,,,False
7987,Upper middle income,UMC,1995,59.1038743015684,,,False
7988,Upper middle income,UMC,1996,58.7395229316283,,,False
7989,Upper middle income,UMC,1997,58.4778823437304,,,False
7990,Upper middle income,UMC,1998,58.3483046732126,,,False
7991,Upper middle income,UMC,1999,58.0318906923421,,,False
7992,Upper middle income,UMC,2000,57.669704157087,,,False
7993,Upper middle income,UMC,2001,57.4236228255793,,,False
7994,Upper middle income,UMC,2002,57.1395155214179,,,False
7995,Upper middle income,UMC,2003,56.9544424201895,,,False
7996,Upper middle income,UMC,2004,56.6892228678358,,,False
7997,Upper middle income,UMC,2005,56.5134695215453,,,False
7998,Upper middle income,UMC,2006,56.3038299962261,,,False
7999,Upper middle income,UMC,2007,56.3871259056285,,,False
8000,Upper middle income,UMC,2008,56.1153496661433,,,False
8001,Upper middle income,UMC,2009,56.0146734887182,,,False
8002,Upper middle income,UMC,2010,55.6614551769684,,,False
8003,Upper middle income,UMC,2011,55.6071548102065,,,False
8004,Upper middle income,UMC,2012,55.5260707439067,,,False
8005,Upper middle income,UMC,2013,55.1871473907167,,,False
8006,Upper middle income,UMC,2014,54.9890604006495,,,False
8007,Upper middle income,UMC,2015,55.0066748157481,,,False
8008,Upper middle income,UMC,2016,54.9150555042011,,,False
8009,Upper middle income,UMC,2017,54.7681583241695,,,False
8010,Upper middle income,UMC,2018,54.6969937367518,,,False
8011,Upper middle income,UMC,2019,54.6790194538464,,,False
8012,Upper middle income,UMC,2020,52.5048756003341,,,False
8013,Upper middle income,UMC,2021,53.6444687371458,,,False
8014,Upper middle income,UMC,2022,53.7988395777834,,,False
8015,Upper middle income,UMC,2023,53.9844206129378,,,False
8016,Upper middle income,UMC,2024,53.6369157445363,,,False
8017,Upper middle income,UMC,2025,53.4201180557349,,,False
8018,Uruguay,URY,1990,42.569,Latin America & Caribbean,High income,True
8019,Uruguay,URY,1991,43.438,Latin America & Caribbean,High income,True
8020,Uruguay,URY,1992,44.441,Latin America & Caribbean,High income,True
8021,Uruguay,URY,1993,43.425,Latin America & Caribbean,High income,True
8022,Uruguay,URY,1994,45.002,Latin America & Caribbean,High income,True
8023,Uruguay,URY,1995,46.26,Latin America & Caribbean,High income,True
8024,Uruguay,URY,1996,47.069,Latin America & Caribbean,High income,True
8025,Uruguay,URY,1997,48.165,Latin America & Caribbean,High income,True
8026,Uruguay,URY,1998,49.256,Latin America & Caribbean,High income,True
8027,Uruguay,URY,1999,48.431,Latin America & Caribbean,High income,True
8028,Uruguay,URY,2000,48.986,Latin America & Caribbean,High income,True
8029,Uruguay,URY,2001,51.226,Latin America & Caribbean,High income,True
8030,Uruguay,URY,2002,49.597,Latin America & Caribbean,High income,True
8031,Uruguay,URY,2003,49.312,Latin America & Caribbean,High income,True
8032,Uruguay,URY,2004,49.088,Latin America & Caribbean,High income,True
8033,Uruguay,URY,2005,49.866,Latin America & Caribbean,High income,True
8034,Uruguay,URY,2006,51.624,Latin America & Caribbean,High income,True
8035,Uruguay,URY,2007,53.467,Latin America & Caribbean,High income,True
8036,Uruguay,URY,2008,54.437,Latin America & Caribbean,High income,True
8037,Uruguay,URY,2009,55.16,Latin America & Caribbean,High income,True
8038,Uruguay,URY,2010,54.909,Latin America & Caribbean,High income,True
8039,Uruguay,URY,2011,56.842,Latin America & Caribbean,High income,True
8040,Uruguay,URY,2012,56.492,Latin America & Caribbean,High income,True
8041,Uruguay,URY,2013,55.333,Latin America & Caribbean,High income,True
8042,Uruguay,URY,2014,56.899,Latin America & Caribbean,High income,True
8043,Uruguay,URY,2015,56.3,Latin America & Caribbean,High income,True
8044,Uruguay,URY,2016,56.341,Latin America & Caribbean,High income,True
8045,Uruguay,URY,2017,56.059,Latin America & Caribbean,High income,True
8046,Uruguay,URY,2018,55.954,Latin America & Caribbean,High income,True
8047,Uruguay,URY,2019,56.002,Latin America & Caribbean,High income,True
8048,Uruguay,URY,2020,54.231,Latin America & Caribbean,High income,True
8049,Uruguay,URY,2021,56.034,Latin America & Caribbean,High income,True
8050,Uruguay,URY,2022,55.656,Latin America & Caribbean,High income,True
8051,Uruguay,URY,2023,56.518,Latin America & Caribbean,High income,True
8052,Uruguay,URY,2024,57.264,Latin America & Caribbean,High income,True
8053,Uruguay,URY,2025,57.255,Latin America & Caribbean,High income,True
8054,Uzbekistan,UZB,1990,38.24,Europe & Central Asia,Lower middle income,True
8055,Uzbekistan,UZB,1991,38.977,Europe & Central Asia,Lower middle income,True
8056,Uzbekistan,UZB,1992,39.363,Europe & Central Asia,Lower middle income,True
8057,Uzbekistan,UZB,1993,39.659,Europe & Central Asia,Lower middle income,True
8058,Uzbekistan,UZB,1994,39.963,Europe & Central Asia,Lower middle income,True
8059,Uzbekistan,UZB,1995,39.933,Europe & Central Asia,Lower middle income,True
8060,Uzbekistan,UZB,1996,39.698,Europe & Central Asia,Lower middle income,True
8061,Uzbekistan,UZB,1997,39.731,Europe & Central Asia,Lower middle income,True
8062,Uzbekistan,UZB,1998,39.691,Europe & Central Asia,Lower middle income,True
8063,Uzbekistan,UZB,1999,39.797,Europe & Central Asia,Lower middle income,True
8064,Uzbekistan,UZB,2000,39.638,Europe & Central Asia,Lower middle income,True
8065,Uzbekistan,UZB,2001,39.498,Europe & Central Asia,Lower middle income,True
8066,Uzbekistan,UZB,2002,39.431,Europe & Central Asia,Lower middle income,True
8067,Uzbekistan,UZB,2003,39.187,Europe & Central Asia,Lower middle income,True
8068,Uzbekistan,UZB,2004,39.056,Europe & Central Asia,Lower middle income,True
8069,Uzbekistan,UZB,2005,38.789,Europe & Central Asia,Lower middle income,True
8070,Uzbekistan,UZB,2006,38.555,Europe & Central Asia,Lower middle income,True
8071,Uzbekistan,UZB,2007,38.426,Europe & Central Asia,Lower middle income,True
8072,Uzbekistan,UZB,2008,38.415,Europe & Central Asia,Lower middle income,True
8073,Uzbekistan,UZB,2009,38.895,Europe & Central Asia,Lower middle income,True
8074,Uzbekistan,UZB,2010,38.961,Europe & Central Asia,Lower middle income,True
8075,Uzbekistan,UZB,2011,38.883,Europe & Central Asia,Lower middle income,True
8076,Uzbekistan,UZB,2012,39.101,Europe & Central Asia,Lower middle income,True
8077,Uzbekistan,UZB,2013,39.191,Europe & Central Asia,Lower middle income,True
8078,Uzbekistan,UZB,2014,39.275,Europe & Central Asia,Lower middle income,True
8079,Uzbekistan,UZB,2015,39.447,Europe & Central Asia,Lower middle income,True
8080,Uzbekistan,UZB,2016,39.57,Europe & Central Asia,Lower middle income,True
8081,Uzbekistan,UZB,2017,39.652,Europe & Central Asia,Lower middle income,True
8082,Uzbekistan,UZB,2018,39.739,Europe & Central Asia,Lower middle income,True
8083,Uzbekistan,UZB,2019,39.89,Europe & Central Asia,Lower middle income,True
8084,Uzbekistan,UZB,2020,39.097,Europe & Central Asia,Lower middle income,True
8085,Uzbekistan,UZB,2021,39.587,Europe & Central Asia,Lower middle income,True
8086,Uzbekistan,UZB,2022,41.1,Europe & Central Asia,Lower middle income,True
8087,Uzbekistan,UZB,2023,41.24,Europe & Central Asia,Lower middle income,True
8088,Uzbekistan,UZB,2024,41.273,Europe & Central Asia,Lower middle income,True
8089,Uzbekistan,UZB,2025,41.178,Europe & Central Asia,Lower middle income,True
8090,Vanuatu,VUT,1990,74.02,East Asia & Pacific,Lower middle income,True
8091,Vanuatu,VUT,1991,73.99,East Asia & Pacific,Lower middle income,True
8092,Vanuatu,VUT,1992,73.986,East Asia & Pacific,Lower middle income,True
8093,Vanuatu,VUT,1993,74.065,East Asia & Pacific,Lower middle income,True
8094,Vanuatu,VUT,1994,73.787,East Asia & Pacific,Lower middle income,True
8095,Vanuatu,VUT,1995,73.856,East Asia & Pacific,Lower middle income,True
8096,Vanuatu,VUT,1996,73.862,East Asia & Pacific,Lower middle income,True
8097,Vanuatu,VUT,1997,73.755,East Asia & Pacific,Lower middle income,True
8098,Vanuatu,VUT,1998,73.804,East Asia & Pacific,Lower middle income,True
8099,Vanuatu,VUT,1999,73.888,East Asia & Pacific,Lower middle income,True
8100,Vanuatu,VUT,2000,73.747,East Asia & Pacific,Lower middle income,True
8101,Vanuatu,VUT,2001,74.02,East Asia & Pacific,Lower middle income,True
8102,Vanuatu,VUT,2002,74.389,East Asia & Pacific,Lower middle income,True
8103,Vanuatu,VUT,2003,74.318,East Asia & Pacific,Lower middle income,True
8104,Vanuatu,VUT,2004,74.259,East Asia & Pacific,Lower middle income,True
8105,Vanuatu,VUT,2005,74.144,East Asia & Pacific,Lower middle income,True
8106,Vanuatu,VUT,2006,73.902,East Asia & Pacific,Lower middle income,True
8107,Vanuatu,VUT,2007,70.29,East Asia & Pacific,Lower middle income,True
8108,Vanuatu,VUT,2008,66.403,East Asia & Pacific,Lower middle income,True
8109,Vanuatu,VUT,2009,62.273,East Asia & Pacific,Lower middle income,True
8110,Vanuatu,VUT,2010,57.944,East Asia & Pacific,Lower middle income,True
8111,Vanuatu,VUT,2011,57.502,East Asia & Pacific,Lower middle income,True
8112,Vanuatu,VUT,2012,57.059,East Asia & Pacific,Lower middle income,True
8113,Vanuatu,VUT,2013,56.616,East Asia & Pacific,Lower middle income,True
8114,Vanuatu,VUT,2014,56.172,East Asia & Pacific,Lower middle income,True
8115,Vanuatu,VUT,2015,55.728,East Asia & Pacific,Lower middle income,True
8116,Vanuatu,VUT,2016,55.283,East Asia & Pacific,Lower middle income,True
8117,Vanuatu,VUT,2017,54.838,East Asia & Pacific,Lower middle income,True
8118,Vanuatu,VUT,2018,54.395,East Asia & Pacific,Lower middle income,True
8119,Vanuatu,VUT,2019,53.95,East Asia & Pacific,Lower middle income,True
8120,Vanuatu,VUT,2020,53.445,East Asia & Pacific,Lower middle income,True
8121,Vanuatu,VUT,2021,54.624,East Asia & Pacific,Lower middle income,True
8122,Vanuatu,VUT,2022,53.631,East Asia & Pacific,Lower middle income,True
8123,Vanuatu,VUT,2023,53.604,East Asia & Pacific,Lower middle income,True
8124,Vanuatu,VUT,2024,53.531,East Asia & Pacific,Lower middle income,True
8125,Vanuatu,VUT,2025,53.314,East Asia & Pacific,Lower middle income,True
8126,"Venezuela, RB",VEN,1990,48.56,Latin America & Caribbean,Lower middle income,True
8127,"Venezuela, RB",VEN,1991,49.027,Latin America & Caribbean,Lower middle income,True
8128,"Venezuela, RB",VEN,1992,49.439,Latin America & Caribbean,Lower middle income,True
8129,"Venezuela, RB",VEN,1993,49.121,Latin America & Caribbean,Lower middle income,True
8130,"Venezuela, RB",VEN,1994,48.519,Latin America & Caribbean,Lower middle income,True
8131,"Venezuela, RB",VEN,1995,48.502,Latin America & Caribbean,Lower middle income,True
8132,"Venezuela, RB",VEN,1996,48.683,Latin America & Caribbean,Lower middle income,True
8133,"Venezuela, RB",VEN,1997,48.743,Latin America & Caribbean,Lower middle income,True
8134,"Venezuela, RB",VEN,1998,48.976,Latin America & Caribbean,Lower middle income,True
8135,"Venezuela, RB",VEN,1999,48.119,Latin America & Caribbean,Lower middle income,True
8136,"Venezuela, RB",VEN,2000,47.914,Latin America & Caribbean,Lower middle income,True
8137,"Venezuela, RB",VEN,2001,48.527,Latin America & Caribbean,Lower middle income,True
8138,"Venezuela, RB",VEN,2002,47.765,Latin America & Caribbean,Lower middle income,True
8139,"Venezuela, RB",VEN,2003,46.462,Latin America & Caribbean,Lower middle income,True
8140,"Venezuela, RB",VEN,2004,47.558,Latin America & Caribbean,Lower middle income,True
8141,"Venezuela, RB",VEN,2005,49.457,Latin America & Caribbean,Lower middle income,True
8142,"Venezuela, RB",VEN,2006,50.019,Latin America & Caribbean,Lower middle income,True
8143,"Venezuela, RB",VEN,2007,49.726,Latin America & Caribbean,Lower middle income,True
8144,"Venezuela, RB",VEN,2008,49.734,Latin America & Caribbean,Lower middle income,True
8145,"Venezuela, RB",VEN,2009,50.004,Latin America & Caribbean,Lower middle income,True
8146,"Venezuela, RB",VEN,2010,49.601,Latin America & Caribbean,Lower middle income,True
8147,"Venezuela, RB",VEN,2011,49.643,Latin America & Caribbean,Lower middle income,True
8148,"Venezuela, RB",VEN,2012,49.493,Latin America & Caribbean,Lower middle income,True
8149,"Venezuela, RB",VEN,2013,49.084,Latin America & Caribbean,Lower middle income,True
8150,"Venezuela, RB",VEN,2014,48.676,Latin America & Caribbean,Lower middle income,True
8151,"Venezuela, RB",VEN,2015,48.27,Latin America & Caribbean,Lower middle income,True
8152,"Venezuela, RB",VEN,2016,47.867,Latin America & Caribbean,Lower middle income,True
8153,"Venezuela, RB",VEN,2017,46.185,Latin America & Caribbean,Lower middle income,True
8154,"Venezuela, RB",VEN,2018,44.85,Latin America & Caribbean,Lower middle income,True
8155,"Venezuela, RB",VEN,2019,42.344,Latin America & Caribbean,Lower middle income,True
8156,"Venezuela, RB",VEN,2020,36.887,Latin America & Caribbean,Lower middle income,True
8157,"Venezuela, RB",VEN,2021,37.368,Latin America & Caribbean,Lower middle income,True
8158,"Venezuela, RB",VEN,2022,35.32,Latin America & Caribbean,Lower middle income,True
8159,"Venezuela, RB",VEN,2023,36.158,Latin America & Caribbean,Lower middle income,True
8160,"Venezuela, RB",VEN,2024,37.332,Latin America & Caribbean,Lower middle income,True
8161,"Venezuela, RB",VEN,2025,37.098,Latin America & Caribbean,Lower middle income,True
8162,Viet Nam,VNM,1990,74.736,East Asia & Pacific,Upper middle income,True
8163,Viet Nam,VNM,1991,74.622,East Asia & Pacific,Upper middle income,True
8164,Viet Nam,VNM,1992,74.411,East Asia & Pacific,Upper middle income,True
8165,Viet Nam,VNM,1993,74.235,East Asia & Pacific,Upper middle income,True
8166,Viet Nam,VNM,1994,74.035,East Asia & Pacific,Upper middle income,True
8167,Viet Nam,VNM,1995,73.806,East Asia & Pacific,Upper middle income,True
8168,Viet Nam,VNM,1996,73.585,East Asia & Pacific,Upper middle income,True
8169,Viet Nam,VNM,1997,72.532,East Asia & Pacific,Upper middle income,True
8170,Viet Nam,VNM,1998,71.824,East Asia & Pacific,Upper middle income,True
8171,Viet Nam,VNM,1999,71.181,East Asia & Pacific,Upper middle income,True
8172,Viet Nam,VNM,2000,69.974,East Asia & Pacific,Upper middle income,True
8173,Viet Nam,VNM,2001,71.493,East Asia & Pacific,Upper middle income,True
8174,Viet Nam,VNM,2002,70.833,East Asia & Pacific,Upper middle income,True
8175,Viet Nam,VNM,2003,70.353,East Asia & Pacific,Upper middle income,True
8176,Viet Nam,VNM,2004,70.098,East Asia & Pacific,Upper middle income,True
8177,Viet Nam,VNM,2005,70.381,East Asia & Pacific,Upper middle income,True
8178,Viet Nam,VNM,2006,70.727,East Asia & Pacific,Upper middle income,True
8179,Viet Nam,VNM,2007,71.138,East Asia & Pacific,Upper middle income,True
8180,Viet Nam,VNM,2008,71.55,East Asia & Pacific,Upper middle income,True
8181,Viet Nam,VNM,2009,71.906,East Asia & Pacific,Upper middle income,True
8182,Viet Nam,VNM,2010,71.731,East Asia & Pacific,Upper middle income,True
8183,Viet Nam,VNM,2011,71.715,East Asia & Pacific,Upper middle income,True
8184,Viet Nam,VNM,2012,71.983,East Asia & Pacific,Upper middle income,True
8185,Viet Nam,VNM,2013,72.906,East Asia & Pacific,Upper middle income,True
8186,Viet Nam,VNM,2014,73.059,East Asia & Pacific,Upper middle income,True
8187,Viet Nam,VNM,2015,72.863,East Asia & Pacific,Upper middle income,True
8188,Viet Nam,VNM,2016,72.53,East Asia & Pacific,Upper middle income,True
8189,Viet Nam,VNM,2017,72.575,East Asia & Pacific,Upper middle income,True
8190,Viet Nam,VNM,2018,72.897,East Asia & Pacific,Upper middle income,True
8191,Viet Nam,VNM,2019,71.511,East Asia & Pacific,Upper middle income,True
8192,Viet Nam,VNM,2020,69.095,East Asia & Pacific,Upper middle income,True
8193,Viet Nam,VNM,2021,69.107,East Asia & Pacific,Upper middle income,True
8194,Viet Nam,VNM,2022,69.878,East Asia & Pacific,Upper middle income,True
8195,Viet Nam,VNM,2023,69.215,East Asia & Pacific,Upper middle income,True
8196,Viet Nam,VNM,2024,68.905,East Asia & Pacific,Upper middle income,True
8197,Viet Nam,VNM,2025,68.551,East Asia & Pacific,Upper middle income,True
8198,Virgin Islands (U.S.),VIR,1990,59.469,Latin America & Caribbean,High income,True
8199,Virgin Islands (U.S.),VIR,1991,63.078,Latin America & Caribbean,High income,True
8200,Virgin Islands (U.S.),VIR,1992,64.168,Latin America & Caribbean,High income,True
8201,Virgin Islands (U.S.),VIR,1993,64.263,Latin America & Caribbean,High income,True
8202,Virgin Islands (U.S.),VIR,1994,64.476,Latin America & Caribbean,High income,True
8203,Virgin Islands (U.S.),VIR,1995,60.449,Latin America & Caribbean,High income,True
8204,Virgin Islands (U.S.),VIR,1996,56.75,Latin America & Caribbean,High income,True
8205,Virgin Islands (U.S.),VIR,1997,56.352,Latin America & Caribbean,High income,True
8206,Virgin Islands (U.S.),VIR,1998,55.9,Latin America & Caribbean,High income,True
8207,Virgin Islands (U.S.),VIR,1999,54.681,Latin America & Caribbean,High income,True
8208,Virgin Islands (U.S.),VIR,2000,55.876,Latin America & Caribbean,High income,True
8209,Virgin Islands (U.S.),VIR,2001,58.251,Latin America & Caribbean,High income,True
8210,Virgin Islands (U.S.),VIR,2002,57.463,Latin America & Caribbean,High income,True
8211,Virgin Islands (U.S.),VIR,2003,56.185,Latin America & Caribbean,High income,True
8212,Virgin Islands (U.S.),VIR,2004,58.212,Latin America & Caribbean,High income,True
8213,Virgin Islands (U.S.),VIR,2005,59.425,Latin America & Caribbean,High income,True
8214,Virgin Islands (U.S.),VIR,2006,60.019,Latin America & Caribbean,High income,True
8215,Virgin Islands (U.S.),VIR,2007,60.908,Latin America & Caribbean,High income,True
8216,Virgin Islands (U.S.),VIR,2008,60.804,Latin America & Caribbean,High income,True
8217,Virgin Islands (U.S.),VIR,2009,60.479,Latin America & Caribbean,High income,True
8218,Virgin Islands (U.S.),VIR,2010,58.753,Latin America & Caribbean,High income,True
8219,Virgin Islands (U.S.),VIR,2011,59.048,Latin America & Caribbean,High income,True
8220,Virgin Islands (U.S.),VIR,2012,57.313,Latin America & Caribbean,High income,True
8221,Virgin Islands (U.S.),VIR,2013,53.912,Latin America & Caribbean,High income,True
8222,Virgin Islands (U.S.),VIR,2014,53.283,Latin America & Caribbean,High income,True
8223,Virgin Islands (U.S.),VIR,2015,55.655,Latin America & Caribbean,High income,True
8224,Virgin Islands (U.S.),VIR,2016,55.592,Latin America & Caribbean,High income,True
8225,Virgin Islands (U.S.),VIR,2017,56.528,Latin America & Caribbean,High income,True
8226,Virgin Islands (U.S.),VIR,2018,52.911,Latin America & Caribbean,High income,True
8227,Virgin Islands (U.S.),VIR,2019,50.563,Latin America & Caribbean,High income,True
8228,Virgin Islands (U.S.),VIR,2020,50.614,Latin America & Caribbean,High income,True
8229,Virgin Islands (U.S.),VIR,2021,51.8,Latin America & Caribbean,High income,True
8230,Virgin Islands (U.S.),VIR,2022,52.915,Latin America & Caribbean,High income,True
8231,Virgin Islands (U.S.),VIR,2023,52.999,Latin America & Caribbean,High income,True
8232,Virgin Islands (U.S.),VIR,2024,52.833,Latin America & Caribbean,High income,True
8233,Virgin Islands (U.S.),VIR,2025,52.768,Latin America & Caribbean,High income,True
8234,West Bank and Gaza,PSE,1990,11.315,Middle East & North Africa,Lower middle income,True
8235,West Bank and Gaza,PSE,1991,11.362,Middle East & North Africa,Lower middle income,True
8236,West Bank and Gaza,PSE,1992,11.58,Middle East & North Africa,Lower middle income,True
8237,West Bank and Gaza,PSE,1993,11.631,Middle East & North Africa,Lower middle income,True
8238,West Bank and Gaza,PSE,1994,11.677,Middle East & North Africa,Lower middle income,True
8239,West Bank and Gaza,PSE,1995,11.804,Middle East & North Africa,Lower middle income,True
8240,West Bank and Gaza,PSE,1996,11.693,Middle East & North Africa,Lower middle income,True
8241,West Bank and Gaza,PSE,1997,12.082,Middle East & North Africa,Lower middle income,True
8242,West Bank and Gaza,PSE,1998,12.534,Middle East & North Africa,Lower middle income,True
8243,West Bank and Gaza,PSE,1999,12.783,Middle East & North Africa,Lower middle income,True
8244,West Bank and Gaza,PSE,2000,12.402,Middle East & North Africa,Lower middle income,True
8245,West Bank and Gaza,PSE,2001,10.04,Middle East & North Africa,Lower middle income,True
8246,West Bank and Gaza,PSE,2002,10.064,Middle East & North Africa,Lower middle income,True
8247,West Bank and Gaza,PSE,2003,12.504,Middle East & North Africa,Lower middle income,True
8248,West Bank and Gaza,PSE,2004,12.864,Middle East & North Africa,Lower middle income,True
8249,West Bank and Gaza,PSE,2005,12.78,Middle East & North Africa,Lower middle income,True
8250,West Bank and Gaza,PSE,2006,13.495,Middle East & North Africa,Lower middle income,True
8251,West Bank and Gaza,PSE,2007,15.021,Middle East & North Africa,Lower middle income,True
8252,West Bank and Gaza,PSE,2008,14.706,Middle East & North Africa,Lower middle income,True
8253,West Bank and Gaza,PSE,2009,14.582,Middle East & North Africa,Lower middle income,True
8254,West Bank and Gaza,PSE,2010,14.033,Middle East & North Africa,Lower middle income,True
8255,West Bank and Gaza,PSE,2011,15.625,Middle East & North Africa,Lower middle income,True
8256,West Bank and Gaza,PSE,2012,16.169,Middle East & North Africa,Lower middle income,True
8257,West Bank and Gaza,PSE,2013,15.829,Middle East & North Africa,Lower middle income,True
8258,West Bank and Gaza,PSE,2014,16.563,Middle East & North Africa,Lower middle income,True
8259,West Bank and Gaza,PSE,2015,17.998,Middle East & North Africa,Lower middle income,True
8260,West Bank and Gaza,PSE,2016,17.435,Middle East & North Africa,Lower middle income,True
8261,West Bank and Gaza,PSE,2017,17.665,Middle East & North Africa,Lower middle income,True
8262,West Bank and Gaza,PSE,2018,17.665,Middle East & North Africa,Lower middle income,True
8263,West Bank and Gaza,PSE,2019,18.383,Middle East & North Africa,Lower middle income,True
8264,West Bank and Gaza,PSE,2020,16.431,Middle East & North Africa,Lower middle income,True
8265,West Bank and Gaza,PSE,2021,17.545,Middle East & North Africa,Lower middle income,True
8266,West Bank and Gaza,PSE,2022,18.934,Middle East & North Africa,Lower middle income,True
8267,World,WLD,1990,51.1762104662095,,,False
8268,World,WLD,1991,51.1330401555155,,,False
8269,World,WLD,1992,51.0544868606029,,,False
8270,World,WLD,1993,50.8228364295022,,,False
8271,World,WLD,1994,50.9051157696399,,,False
8272,World,WLD,1995,50.8826507138638,,,False
8273,World,WLD,1996,50.8481355674232,,,False
8274,World,WLD,1997,50.8653947589048,,,False
8275,World,WLD,1998,50.870893994044,,,False
8276,World,WLD,1999,50.995165144081,,,False
8277,World,WLD,2000,50.9626112346097,,,False
8278,World,WLD,2001,50.8209764147714,,,False
8279,World,WLD,2002,50.7119818449558,,,False
8280,World,WLD,2003,50.6608027487372,,,False
8281,World,WLD,2004,50.6003526562485,,,False
8282,World,WLD,2005,50.6070355520092,,,False
8283,World,WLD,2006,50.3542187487747,,,False
8284,World,WLD,2007,50.218889615067,,,False
8285,World,WLD,2008,49.9079198544949,,,False
8286,World,WLD,2009,49.687206657949,,,False
8287,World,WLD,2010,49.3500919407061,,,False
8288,World,WLD,2011,49.1547033263921,,,False
8289,World,WLD,2012,48.8984293311038,,,False
8290,World,WLD,2013,48.7491087157365,,,False
8291,World,WLD,2014,48.5943945075467,,,False
8292,World,WLD,2015,48.5460664753852,,,False
8293,World,WLD,2016,48.4629870388548,,,False
8294,World,WLD,2017,48.3734912622971,,,False
8295,World,WLD,2018,48.3049155334208,,,False
8296,World,WLD,2019,48.2840608894245,,,False
8297,World,WLD,2020,46.9797627383159,,,False
8298,World,WLD,2021,47.8917097257495,,,False
8299,World,WLD,2022,48.3157139467719,,,False
8300,World,WLD,2023,49.0290602452396,,,False
8301,World,WLD,2024,49.0778769528255,,,False
8302,World,WLD,2025,48.9389342355134,,,False
8303,"Yemen, Rep.",YEM,1990,16.094,Middle East & North Africa,Low income,True
8304,"Yemen, Rep.",YEM,1991,16.219,Middle East & North Africa,Low income,True
8305,"Yemen, Rep.",YEM,1992,16.456,Middle East & North Africa,Low income,True
8306,"Yemen, Rep.",YEM,1993,16.475,Middle East & North Africa,Low income,True
8307,"Yemen, Rep.",YEM,1994,16.663,Middle East & North Africa,Low income,True
8308,"Yemen, Rep.",YEM,1995,17.567,Middle East & North Africa,Low income,True
8309,"Yemen, Rep.",YEM,1996,18.514,Middle East & North Africa,Low income,True
8310,"Yemen, Rep.",YEM,1997,19.497,Middle East & North Africa,Low income,True
8311,"Yemen, Rep.",YEM,1998,20.52,Middle East & North Africa,Low income,True
8312,"Yemen, Rep.",YEM,1999,21.587,Middle East & North Africa,Low income,True
8313,"Yemen, Rep.",YEM,2000,20.208,Middle East & North Africa,Low income,True
8314,"Yemen, Rep.",YEM,2001,18.896,Middle East & North Africa,Low income,True
8315,"Yemen, Rep.",YEM,2002,17.652,Middle East & North Africa,Low income,True
8316,"Yemen, Rep.",YEM,2003,16.475,Middle East & North Africa,Low income,True
8317,"Yemen, Rep.",YEM,2004,15.367,Middle East & North Africa,Low income,True
8318,"Yemen, Rep.",YEM,2005,14.327,Middle East & North Africa,Low income,True
8319,"Yemen, Rep.",YEM,2006,13.349,Middle East & North Africa,Low income,True
8320,"Yemen, Rep.",YEM,2007,12.428,Middle East & North Africa,Low income,True
8321,"Yemen, Rep.",YEM,2008,11.561,Middle East & North Africa,Low income,True
8322,"Yemen, Rep.",YEM,2009,10.747,Middle East & North Africa,Low income,True
8323,"Yemen, Rep.",YEM,2010,9.982,Middle East & North Africa,Low income,True
8324,"Yemen, Rep.",YEM,2011,8.785,Middle East & North Africa,Low income,True
8325,"Yemen, Rep.",YEM,2012,7.734,Middle East & North Africa,Low income,True
8326,"Yemen, Rep.",YEM,2013,6.815,Middle East & North Africa,Low income,True
8327,"Yemen, Rep.",YEM,2014,6.011,Middle East & North Africa,Low income,True
8328,"Yemen, Rep.",YEM,2015,5.207,Middle East & North Africa,Low income,True
8329,"Yemen, Rep.",YEM,2016,5.117,Middle East & North Africa,Low income,True
8330,"Yemen, Rep.",YEM,2017,5.041,Middle East & North Africa,Low income,True
8331,"Yemen, Rep.",YEM,2018,4.987,Middle East & North Africa,Low income,True
8332,"Yemen, Rep.",YEM,2019,4.937,Middle East & North Africa,Low income,True
8333,"Yemen, Rep.",YEM,2020,4.899,Middle East & North Africa,Low income,True
8334,"Yemen, Rep.",YEM,2021,4.875,Middle East & North Africa,Low income,True
8335,"Yemen, Rep.",YEM,2022,4.801,Middle East & North Africa,Low income,True
8336,"Yemen, Rep.",YEM,2023,4.752,Middle East & North Africa,Low income,True
8337,"Yemen, Rep.",YEM,2024,4.705,Middle East & North Africa,Low income,True
8338,"Yemen, Rep.",YEM,2025,4.663,Middle East & North Africa,Low income,True
8339,Zambia,ZMB,1990,50.996,Sub-Saharan Africa,Lower middle income,True
8340,Zambia,ZMB,1991,51.03,Sub-Saharan Africa,Lower middle income,True
8341,Zambia,ZMB,1992,51.06,Sub-Saharan Africa,Lower middle income,True
8342,Zambia,ZMB,1993,51.083,Sub-Saharan Africa,Lower middle income,True
8343,Zambia,ZMB,1994,51.096,Sub-Saharan Africa,Lower middle income,True
8344,Zambia,ZMB,1995,51.097,Sub-Saharan Africa,Lower middle income,True
8345,Zambia,ZMB,1996,51.094,Sub-Saharan Africa,Lower middle income,True
8346,Zambia,ZMB,1997,51.096,Sub-Saharan Africa,Lower middle income,True
8347,Zambia,ZMB,1998,51.102,Sub-Saharan Africa,Lower middle income,True
8348,Zambia,ZMB,1999,51.109,Sub-Saharan Africa,Lower middle income,True
8349,Zambia,ZMB,2000,51.126,Sub-Saharan Africa,Lower middle income,True
8350,Zambia,ZMB,2001,51.159,Sub-Saharan Africa,Lower middle income,True
8351,Zambia,ZMB,2002,51.196,Sub-Saharan Africa,Lower middle income,True
8352,Zambia,ZMB,2003,51.23,Sub-Saharan Africa,Lower middle income,True
8353,Zambia,ZMB,2004,51.259,Sub-Saharan Africa,Lower middle income,True
8354,Zambia,ZMB,2005,51.284,Sub-Saharan Africa,Lower middle income,True
8355,Zambia,ZMB,2006,51.31,Sub-Saharan Africa,Lower middle income,True
8356,Zambia,ZMB,2007,51.337,Sub-Saharan Africa,Lower middle income,True
8357,Zambia,ZMB,2008,51.37,Sub-Saharan Africa,Lower middle income,True
8358,Zambia,ZMB,2009,51.408,Sub-Saharan Africa,Lower middle income,True
8359,Zambia,ZMB,2010,51.451,Sub-Saharan Africa,Lower middle income,True
8360,Zambia,ZMB,2011,51.495,Sub-Saharan Africa,Lower middle income,True
8361,Zambia,ZMB,2012,51.545,Sub-Saharan Africa,Lower middle income,True
8362,Zambia,ZMB,2013,51.61,Sub-Saharan Africa,Lower middle income,True
8363,Zambia,ZMB,2014,51.691,Sub-Saharan Africa,Lower middle income,True
8364,Zambia,ZMB,2015,51.787,Sub-Saharan Africa,Lower middle income,True
8365,Zambia,ZMB,2016,51.893,Sub-Saharan Africa,Lower middle income,True
8366,Zambia,ZMB,2017,52.012,Sub-Saharan Africa,Lower middle income,True
8367,Zambia,ZMB,2018,52.138,Sub-Saharan Africa,Lower middle income,True
8368,Zambia,ZMB,2019,52.172,Sub-Saharan Africa,Lower middle income,True
8369,Zambia,ZMB,2020,54.406,Sub-Saharan Africa,Lower middle income,True
8370,Zambia,ZMB,2021,54.123,Sub-Saharan Africa,Lower middle income,True
8371,Zambia,ZMB,2022,53.968,Sub-Saharan Africa,Lower middle income,True
8372,Zambia,ZMB,2023,56.361,Sub-Saharan Africa,Lower middle income,True
8373,Zambia,ZMB,2024,56.366,Sub-Saharan Africa,Lower middle income,True
8374,Zambia,ZMB,2025,56.426,Sub-Saharan Africa,Lower middle income,True
8375,Zimbabwe,ZWE,1990,59.15,Sub-Saharan Africa,Lower middle income,True
8376,Zimbabwe,ZWE,1991,59.304,Sub-Saharan Africa,Lower middle income,True
8377,Zimbabwe,ZWE,1992,59.284,Sub-Saharan Africa,Lower middle income,True
8378,Zimbabwe,ZWE,1993,59.276,Sub-Saharan Africa,Lower middle income,True
8379,Zimbabwe,ZWE,1994,59.46,Sub-Saharan Africa,Lower middle income,True
8380,Zimbabwe,ZWE,1995,59.684,Sub-Saharan Africa,Lower middle income,True
8381,Zimbabwe,ZWE,1996,59.953,Sub-Saharan Africa,Lower middle income,True
8382,Zimbabwe,ZWE,1997,60.232,Sub-Saharan Africa,Lower middle income,True
8383,Zimbabwe,ZWE,1998,60.491,Sub-Saharan Africa,Lower middle income,True
8384,Zimbabwe,ZWE,1999,60.713,Sub-Saharan Africa,Lower middle income,True
8385,Zimbabwe,ZWE,2000,60.878,Sub-Saharan Africa,Lower middle income,True
8386,Zimbabwe,ZWE,2001,60.995,Sub-Saharan Africa,Lower middle income,True
8387,Zimbabwe,ZWE,2002,61.038,Sub-Saharan Africa,Lower middle income,True
8388,Zimbabwe,ZWE,2003,61.011,Sub-Saharan Africa,Lower middle income,True
8389,Zimbabwe,ZWE,2004,60.961,Sub-Saharan Africa,Lower middle income,True
8390,Zimbabwe,ZWE,2005,60.907,Sub-Saharan Africa,Lower middle income,True
8391,Zimbabwe,ZWE,2006,60.871,Sub-Saharan Africa,Lower middle income,True
8392,Zimbabwe,ZWE,2007,60.837,Sub-Saharan Africa,Lower middle income,True
8393,Zimbabwe,ZWE,2008,60.774,Sub-Saharan Africa,Lower middle income,True
8394,Zimbabwe,ZWE,2009,60.685,Sub-Saharan Africa,Lower middle income,True
8395,Zimbabwe,ZWE,2010,60.585,Sub-Saharan Africa,Lower middle income,True
8396,Zimbabwe,ZWE,2011,60.495,Sub-Saharan Africa,Lower middle income,True
8397,Zimbabwe,ZWE,2012,60.424,Sub-Saharan Africa,Lower middle income,True
8398,Zimbabwe,ZWE,2013,60.373,Sub-Saharan Africa,Lower middle income,True
8399,Zimbabwe,ZWE,2014,60.359,Sub-Saharan Africa,Lower middle income,True
8400,Zimbabwe,ZWE,2015,60.384,Sub-Saharan Africa,Lower middle income,True
8401,Zimbabwe,ZWE,2016,60.441,Sub-Saharan Africa,Lower middle income,True
8402,Zimbabwe,ZWE,2017,60.522,Sub-Saharan Africa,Lower middle income,True
8403,Zimbabwe,ZWE,2018,60.617,Sub-Saharan Africa,Lower middle income,True
8404,Zimbabwe,ZWE,2019,60.719,Sub-Saharan Africa,Lower middle income,True
8405,Zimbabwe,ZWE,2020,59.43,Sub-Saharan Africa,Lower middle income,True
8406,Zimbabwe,ZWE,2021,60.12,Sub-Saharan Africa,Lower middle income,True
8407,Zimbabwe,ZWE,2022,59.769,Sub-Saharan Africa,Lower middle income,True
8408,Zimbabwe,ZWE,2023,62.178,Sub-Saharan Africa,Lower middle income,True
8409,Zimbabwe,ZWE,2024,62.115,Sub-Saharan Africa,Lower middle income,True
8410,Zimbabwe,ZWE,2025,62.155,Sub-Saharan Africa,Lower middle income,True
